{
    "transpiled_randomCircuit_2qubit_2": {
        "run_config": {
            "machine_time": "tianyan176-2",
            "repeat": 1,
            "shots": 8000,
            "layout": [
                51,
                45
            ],
            "layout_id": 160,
            "expected_fidelity": 0.8955275356867559,
            "real_fidelity": 0.9602963599923016,
            "begin_time": "2025-03-27 13:41:11",
            "end_time": "2025-03-27 13:41:22",
            "cost_time": "11.124496 s"
        },
        "circuit_features": {
            "num_qubits": 2,
            "num_gates": 13,
            "depth": 13,
            "program_communication": 1.0,
            "critical_depth": 1.0,
            "entanglement_ratio": 0.23076923076923078,
            "parallelism": 0.0,
            "liveness": 0.6153846153846154,
            "min_qubit_frequency": 5.3877,
            "max_qubit_frequency": 5.4993,
            "avg_qubit_frequency": 5.4435,
            "min_readout_frequency": null,
            "max_readout_frequency": null,
            "avg_readout_frequency": null,
            "min_readoutError": 1.02,
            "max_readoutError": 1.53,
            "avg_readoutError": 1.275,
            "min_singleQubit_gate_error": 0.11,
            "max_singleQubit_gate_error": 0.17,
            "avg_singleQubit_gate_error": 0.14,
            "min_twoQubits_gate_error": 2.23,
            "max_twoQubits_gate_error": 2.23,
            "avg_twoQubits_gate_error": 2.23,
            "min_t1": 28.7526,
            "max_t1": 28.9975,
            "avg_t1": 28.87505,
            "min_t2": 3.7232,
            "max_t2": 6.335,
            "avg_t2": 5.0291,
            "twoQubits_gate_error_accumulation": 6.6899999999999995,
            "expected_fidelity": 0.8955275356867559,
            "idel_entropy": 0.320710672056375,
            "idle_rate": 0.5882352941176471,
            "qubit_frequency_dict": {
                "51": 5.3877,
                "45": 5.4993
            },
            "readout_frequency_dict": {
                "51": null,
                "45": null
            },
            "readoutError_dict": {
                "51": 1.02,
                "45": 1.53
            },
            "singleQubit_gate_error_dict": {
                "51": 0.17,
                "45": 0.11
            },
            "twoQubits_gate_error_dict": {
                "0": {
                    "twoQubits": [
                        45,
                        51
                    ],
                    "cz_error": 2.23
                },
                "1": {
                    "twoQubits": [
                        45,
                        51
                    ],
                    "cz_error": 2.23
                },
                "2": {
                    "twoQubits": [
                        45,
                        51
                    ],
                    "cz_error": 2.23
                }
            },
            "t1_dict": {
                "51": 28.9975,
                "45": 28.7526
            },
            "t2_dict": {
                "51": 3.7232,
                "45": 6.335
            },
            "singleQubit_update_time": "2025-03-21 02:33:29",
            "readout_update_time": "2025-03-27 13:31:17",
            "twoQubitGate_update_time": "2025-03-27 10:55:07",
            "origin_circuit": "CZ Q1 Q0\nY2M Q0\nRZ Q0 -2.060021963934074\nY2P Q0\nCZ Q1 Q0\nRZ Q0 1.570796325\nX2P Q0\nRZ Q0 1.570796325\nX2M Q0\nCZ Q1 Q0\nRZ Q0 3.14159265\nY2P Q0\nRZ Q0 1.570796325\nM Q0\nM Q1",
            "layout": [
                51,
                45
            ],
            "transpiled_circit": "CZ Q45 Q51\nY2M Q51\nRZ Q51 -2.060021963934074\nY2P Q51\nCZ Q45 Q51\nRZ Q51 1.570796325\nX2P Q51\nRZ Q51 1.570796325\nX2M Q51\nCZ Q45 Q51\nRZ Q51 3.14159265\nY2P Q51\nRZ Q51 1.570796325\nM Q51\nM Q45"
        }
    }
}