{
    "transpiled_randomCircuit_2qubit_2": {
        "run_config": {
            "machine_time": "tianyan176-2",
            "repeat": 1,
            "shots": 8000,
            "layout": [
                52,
                58
            ],
            "layout_id": 166,
            "expected_fidelity": 0.9127186343163072,
            "real_fidelity": 0.9246326882711671,
            "begin_time": "2025-03-27 13:42:26",
            "end_time": "2025-03-27 13:42:41",
            "cost_time": "15.110247 s"
        },
        "circuit_features": {
            "num_qubits": 2,
            "num_gates": 13,
            "depth": 13,
            "program_communication": 1.0,
            "critical_depth": 1.0,
            "entanglement_ratio": 0.23076923076923078,
            "parallelism": 0.0,
            "liveness": 0.6153846153846154,
            "min_qubit_frequency": 5.3182,
            "max_qubit_frequency": 5.4556,
            "avg_qubit_frequency": 5.3869,
            "min_readout_frequency": null,
            "max_readout_frequency": null,
            "avg_readout_frequency": null,
            "min_readoutError": 1.14,
            "max_readoutError": 1.85,
            "avg_readoutError": 1.495,
            "min_singleQubit_gate_error": 0.07,
            "max_singleQubit_gate_error": 0.21,
            "avg_singleQubit_gate_error": 0.14,
            "min_twoQubits_gate_error": 1.79,
            "max_twoQubits_gate_error": 1.79,
            "avg_twoQubits_gate_error": 1.79,
            "min_t1": 12.8438,
            "max_t1": 33.7964,
            "avg_t1": 23.3201,
            "min_t2": 3.432,
            "max_t2": 4.6743,
            "avg_t2": 4.05315,
            "twoQubits_gate_error_accumulation": 5.37,
            "expected_fidelity": 0.9127186343163072,
            "idel_entropy": 0.320710672056375,
            "idle_rate": 0.5882352941176471,
            "qubit_frequency_dict": {
                "52": 5.3182,
                "58": 5.4556
            },
            "readout_frequency_dict": {
                "52": null,
                "58": null
            },
            "readoutError_dict": {
                "52": 1.85,
                "58": 1.14
            },
            "singleQubit_gate_error_dict": {
                "52": 0.07,
                "58": 0.21
            },
            "twoQubits_gate_error_dict": {
                "0": {
                    "twoQubits": [
                        58,
                        52
                    ],
                    "cz_error": 1.79
                },
                "1": {
                    "twoQubits": [
                        58,
                        52
                    ],
                    "cz_error": 1.79
                },
                "2": {
                    "twoQubits": [
                        58,
                        52
                    ],
                    "cz_error": 1.79
                }
            },
            "t1_dict": {
                "52": 33.7964,
                "58": 12.8438
            },
            "t2_dict": {
                "52": 3.432,
                "58": 4.6743
            },
            "singleQubit_update_time": "2025-03-21 02:33:29",
            "readout_update_time": "2025-03-27 13:31:17",
            "twoQubitGate_update_time": "2025-03-27 10:55:07",
            "origin_circuit": "CZ Q1 Q0\nY2M Q0\nRZ Q0 -2.060021963934074\nY2P Q0\nCZ Q1 Q0\nRZ Q0 1.570796325\nX2P Q0\nRZ Q0 1.570796325\nX2M Q0\nCZ Q1 Q0\nRZ Q0 3.14159265\nY2P Q0\nRZ Q0 1.570796325\nM Q0\nM Q1",
            "layout": [
                52,
                58
            ],
            "transpiled_circit": "CZ Q58 Q52\nY2M Q52\nRZ Q52 -2.060021963934074\nY2P Q52\nCZ Q58 Q52\nRZ Q52 1.570796325\nX2P Q52\nRZ Q52 1.570796325\nX2M Q52\nCZ Q58 Q52\nRZ Q52 3.14159265\nY2P Q52\nRZ Q52 1.570796325\nM Q52\nM Q58"
        }
    }
}