{
    "transpiled_randomCircuit_2qubit_2": {
        "run_config": {
            "machine_time": "tianyan176-2",
            "repeat": 1,
            "shots": 8000,
            "layout": [
                43,
                37
            ],
            "layout_id": 123,
            "expected_fidelity": 0.9182760425627762,
            "real_fidelity": 0.9855397276989293,
            "begin_time": "2025-03-27 13:33:45",
            "end_time": "2025-03-27 13:33:56",
            "cost_time": "10.927395 s"
        },
        "circuit_features": {
            "num_qubits": 2,
            "num_gates": 13,
            "depth": 13,
            "program_communication": 1.0,
            "critical_depth": 1.0,
            "entanglement_ratio": 0.23076923076923078,
            "parallelism": 0.0,
            "liveness": 0.6153846153846154,
            "min_qubit_frequency": 5.1539,
            "max_qubit_frequency": 5.4413,
            "avg_qubit_frequency": 5.2976,
            "min_readout_frequency": null,
            "max_readout_frequency": null,
            "avg_readout_frequency": null,
            "min_readoutError": 1.6,
            "max_readoutError": 2.03,
            "avg_readoutError": 1.815,
            "min_singleQubit_gate_error": 0.13,
            "max_singleQubit_gate_error": 0.22,
            "avg_singleQubit_gate_error": 0.175,
            "min_twoQubits_gate_error": 1.18,
            "max_twoQubits_gate_error": 1.18,
            "avg_twoQubits_gate_error": 1.18,
            "min_t1": 28.0461,
            "max_t1": 32.6303,
            "avg_t1": 30.3382,
            "min_t2": 1.8098,
            "max_t2": 2.4432,
            "avg_t2": 2.1265,
            "twoQubits_gate_error_accumulation": 3.54,
            "expected_fidelity": 0.9182760425627762,
            "idel_entropy": 0.320710672056375,
            "idle_rate": 0.5882352941176471,
            "qubit_frequency_dict": {
                "43": 5.4413,
                "37": 5.1539
            },
            "readout_frequency_dict": {
                "43": null,
                "37": null
            },
            "readoutError_dict": {
                "43": 1.6,
                "37": 2.03
            },
            "singleQubit_gate_error_dict": {
                "43": 0.13,
                "37": 0.22
            },
            "twoQubits_gate_error_dict": {
                "0": {
                    "twoQubits": [
                        37,
                        43
                    ],
                    "cz_error": 1.18
                },
                "1": {
                    "twoQubits": [
                        37,
                        43
                    ],
                    "cz_error": 1.18
                },
                "2": {
                    "twoQubits": [
                        37,
                        43
                    ],
                    "cz_error": 1.18
                }
            },
            "t1_dict": {
                "43": 32.6303,
                "37": 28.0461
            },
            "t2_dict": {
                "43": 2.4432,
                "37": 1.8098
            },
            "singleQubit_update_time": "2025-03-21 02:33:29",
            "readout_update_time": "2025-03-27 13:31:17",
            "twoQubitGate_update_time": "2025-03-27 10:55:07",
            "origin_circuit": "CZ Q1 Q0\nY2M Q0\nRZ Q0 -2.060021963934074\nY2P Q0\nCZ Q1 Q0\nRZ Q0 1.570796325\nX2P Q0\nRZ Q0 1.570796325\nX2M Q0\nCZ Q1 Q0\nRZ Q0 3.14159265\nY2P Q0\nRZ Q0 1.570796325\nM Q0\nM Q1",
            "layout": [
                43,
                37
            ],
            "transpiled_circit": "CZ Q37 Q43\nY2M Q43\nRZ Q43 -2.060021963934074\nY2P Q43\nCZ Q37 Q43\nRZ Q43 1.570796325\nX2P Q43\nRZ Q43 1.570796325\nX2M Q43\nCZ Q37 Q43\nRZ Q43 3.14159265\nY2P Q43\nRZ Q43 1.570796325\nM Q43\nM Q37"
        }
    }
}