{
    "transpiled_randomCircuit_2qubit_2": {
        "run_config": {
            "machine_time": "tianyan176-2",
            "repeat": 1,
            "shots": 8000,
            "layout": [
                57,
                51
            ],
            "layout_id": 168,
            "expected_fidelity": 0.9160479081684662,
            "real_fidelity": 0.9962347335027699,
            "begin_time": "2025-03-27 13:42:55",
            "end_time": "2025-03-27 13:43:08",
            "cost_time": "13.17886 s"
        },
        "circuit_features": {
            "num_qubits": 2,
            "num_gates": 13,
            "depth": 13,
            "program_communication": 1.0,
            "critical_depth": 1.0,
            "entanglement_ratio": 0.23076923076923078,
            "parallelism": 0.0,
            "liveness": 0.6153846153846154,
            "min_qubit_frequency": 5.2959,
            "max_qubit_frequency": 5.3877,
            "avg_qubit_frequency": 5.341799999999999,
            "min_readout_frequency": null,
            "max_readout_frequency": null,
            "avg_readout_frequency": null,
            "min_readoutError": 1.02,
            "max_readoutError": 3.09,
            "avg_readoutError": 2.0549999999999997,
            "min_singleQubit_gate_error": 0.17,
            "max_singleQubit_gate_error": 0.18,
            "avg_singleQubit_gate_error": 0.175,
            "min_twoQubits_gate_error": 0.93,
            "max_twoQubits_gate_error": 0.93,
            "avg_twoQubits_gate_error": 0.93,
            "min_t1": 23.273,
            "max_t1": 28.9975,
            "avg_t1": 26.13525,
            "min_t2": 2.9094,
            "max_t2": 3.7232,
            "avg_t2": 3.3163,
            "twoQubits_gate_error_accumulation": 2.79,
            "expected_fidelity": 0.9160479081684662,
            "idel_entropy": 0.320710672056375,
            "idle_rate": 0.5882352941176471,
            "qubit_frequency_dict": {
                "57": 5.2959,
                "51": 5.3877
            },
            "readout_frequency_dict": {
                "57": null,
                "51": null
            },
            "readoutError_dict": {
                "57": 3.09,
                "51": 1.02
            },
            "singleQubit_gate_error_dict": {
                "57": 0.18,
                "51": 0.17
            },
            "twoQubits_gate_error_dict": {
                "0": {
                    "twoQubits": [
                        51,
                        57
                    ],
                    "cz_error": 0.93
                },
                "1": {
                    "twoQubits": [
                        51,
                        57
                    ],
                    "cz_error": 0.93
                },
                "2": {
                    "twoQubits": [
                        51,
                        57
                    ],
                    "cz_error": 0.93
                }
            },
            "t1_dict": {
                "57": 23.273,
                "51": 28.9975
            },
            "t2_dict": {
                "57": 2.9094,
                "51": 3.7232
            },
            "singleQubit_update_time": "2025-03-21 02:33:29",
            "readout_update_time": "2025-03-27 13:31:17",
            "twoQubitGate_update_time": "2025-03-27 10:55:07",
            "origin_circuit": "CZ Q1 Q0\nY2M Q0\nRZ Q0 -2.060021963934074\nY2P Q0\nCZ Q1 Q0\nRZ Q0 1.570796325\nX2P Q0\nRZ Q0 1.570796325\nX2M Q0\nCZ Q1 Q0\nRZ Q0 3.14159265\nY2P Q0\nRZ Q0 1.570796325\nM Q0\nM Q1",
            "layout": [
                57,
                51
            ],
            "transpiled_circit": "CZ Q51 Q57\nY2M Q57\nRZ Q57 -2.060021963934074\nY2P Q57\nCZ Q51 Q57\nRZ Q57 1.570796325\nX2P Q57\nRZ Q57 1.570796325\nX2M Q57\nCZ Q51 Q57\nRZ Q57 3.14159265\nY2P Q57\nRZ Q57 1.570796325\nM Q57\nM Q51"
        }
    }
}