{
    "transpiled_randomCircuit_2qubit_2": {
        "run_config": {
            "machine_time": "tianyan176-2",
            "repeat": 1,
            "shots": 8000,
            "layout": [
                48,
                42
            ],
            "layout_id": 149,
            "expected_fidelity": 0.8848475302703201,
            "real_fidelity": 0.9912194442694711,
            "begin_time": "2025-03-27 13:38:59",
            "end_time": "2025-03-27 13:39:11",
            "cost_time": "11.970882 s"
        },
        "circuit_features": {
            "num_qubits": 2,
            "num_gates": 13,
            "depth": 13,
            "program_communication": 1.0,
            "critical_depth": 1.0,
            "entanglement_ratio": 0.23076923076923078,
            "parallelism": 0.0,
            "liveness": 0.6153846153846154,
            "min_qubit_frequency": 5.1376,
            "max_qubit_frequency": 5.3702,
            "avg_qubit_frequency": 5.2539,
            "min_readout_frequency": null,
            "max_readout_frequency": null,
            "avg_readout_frequency": null,
            "min_readoutError": 3.18,
            "max_readoutError": 3.77,
            "avg_readoutError": 3.475,
            "min_singleQubit_gate_error": 0.19,
            "max_singleQubit_gate_error": 0.32,
            "avg_singleQubit_gate_error": 0.255,
            "min_twoQubits_gate_error": 1.08,
            "max_twoQubits_gate_error": 1.08,
            "avg_twoQubits_gate_error": 1.08,
            "min_t1": 21.3374,
            "max_t1": 23.2062,
            "avg_t1": 22.2718,
            "min_t2": 2.0195,
            "max_t2": 4.9349,
            "avg_t2": 3.4772,
            "twoQubits_gate_error_accumulation": 3.24,
            "expected_fidelity": 0.8848475302703201,
            "idel_entropy": 0.320710672056375,
            "idle_rate": 0.5882352941176471,
            "qubit_frequency_dict": {
                "48": 5.1376,
                "42": 5.3702
            },
            "readout_frequency_dict": {
                "48": null,
                "42": null
            },
            "readoutError_dict": {
                "48": 3.77,
                "42": 3.18
            },
            "singleQubit_gate_error_dict": {
                "48": 0.19,
                "42": 0.32
            },
            "twoQubits_gate_error_dict": {
                "0": {
                    "twoQubits": [
                        42,
                        48
                    ],
                    "cz_error": 1.08
                },
                "1": {
                    "twoQubits": [
                        42,
                        48
                    ],
                    "cz_error": 1.08
                },
                "2": {
                    "twoQubits": [
                        42,
                        48
                    ],
                    "cz_error": 1.08
                }
            },
            "t1_dict": {
                "48": 21.3374,
                "42": 23.2062
            },
            "t2_dict": {
                "48": 2.0195,
                "42": 4.9349
            },
            "singleQubit_update_time": "2025-03-21 02:33:29",
            "readout_update_time": "2025-03-27 13:31:17",
            "twoQubitGate_update_time": "2025-03-27 10:55:07",
            "origin_circuit": "CZ Q1 Q0\nY2M Q0\nRZ Q0 -2.060021963934074\nY2P Q0\nCZ Q1 Q0\nRZ Q0 1.570796325\nX2P Q0\nRZ Q0 1.570796325\nX2M Q0\nCZ Q1 Q0\nRZ Q0 3.14159265\nY2P Q0\nRZ Q0 1.570796325\nM Q0\nM Q1",
            "layout": [
                48,
                42
            ],
            "transpiled_circit": "CZ Q42 Q48\nY2M Q48\nRZ Q48 -2.060021963934074\nY2P Q48\nCZ Q42 Q48\nRZ Q48 1.570796325\nX2P Q48\nRZ Q48 1.570796325\nX2M Q48\nCZ Q42 Q48\nRZ Q48 3.14159265\nY2P Q48\nRZ Q48 1.570796325\nM Q48\nM Q42"
        }
    }
}