{
    "transpiled_randomCircuit_2qubit_2": {
        "run_config": {
            "machine_time": "tianyan176-2",
            "repeat": 1,
            "shots": 8000,
            "layout": [
                29,
                23
            ],
            "layout_id": 111,
            "expected_fidelity": 0.8745560755081033,
            "real_fidelity": 0.9885783567669557,
            "begin_time": "2025-03-27 13:29:49",
            "end_time": "2025-03-27 13:30:00",
            "cost_time": "11.527656 s"
        },
        "circuit_features": {
            "num_qubits": 2,
            "num_gates": 13,
            "depth": 13,
            "program_communication": 1.0,
            "critical_depth": 1.0,
            "entanglement_ratio": 0.23076923076923078,
            "parallelism": 0.0,
            "liveness": 0.6153846153846154,
            "min_qubit_frequency": 5.1999,
            "max_qubit_frequency": 5.4057,
            "avg_qubit_frequency": 5.3028,
            "min_readout_frequency": null,
            "max_readout_frequency": null,
            "avg_readout_frequency": null,
            "min_readoutError": 2.14,
            "max_readoutError": 2.4,
            "avg_readoutError": 2.27,
            "min_singleQubit_gate_error": 0.13,
            "max_singleQubit_gate_error": 0.36,
            "avg_singleQubit_gate_error": 0.245,
            "min_twoQubits_gate_error": 1.72,
            "max_twoQubits_gate_error": 1.72,
            "avg_twoQubits_gate_error": 1.72,
            "min_t1": 15.5349,
            "max_t1": 24.5721,
            "avg_t1": 20.0535,
            "min_t2": 2.0608,
            "max_t2": 5.2353,
            "avg_t2": 3.6480499999999996,
            "twoQubits_gate_error_accumulation": 5.16,
            "expected_fidelity": 0.8745560755081033,
            "idel_entropy": 0.320710672056375,
            "idle_rate": 0.5882352941176471,
            "qubit_frequency_dict": {
                "29": 5.4057,
                "23": 5.1999
            },
            "readout_frequency_dict": {
                "29": null,
                "23": null
            },
            "readoutError_dict": {
                "29": 2.4,
                "23": 2.14
            },
            "singleQubit_gate_error_dict": {
                "29": 0.36,
                "23": 0.13
            },
            "twoQubits_gate_error_dict": {
                "0": {
                    "twoQubits": [
                        23,
                        29
                    ],
                    "cz_error": 1.72
                },
                "1": {
                    "twoQubits": [
                        23,
                        29
                    ],
                    "cz_error": 1.72
                },
                "2": {
                    "twoQubits": [
                        23,
                        29
                    ],
                    "cz_error": 1.72
                }
            },
            "t1_dict": {
                "29": 15.5349,
                "23": 24.5721
            },
            "t2_dict": {
                "29": 5.2353,
                "23": 2.0608
            },
            "singleQubit_update_time": "2025-03-21 02:33:29",
            "readout_update_time": "2025-03-27 13:01:17",
            "twoQubitGate_update_time": "2025-03-27 10:55:07",
            "origin_circuit": "CZ Q1 Q0\nY2M Q0\nRZ Q0 -2.060021963934074\nY2P Q0\nCZ Q1 Q0\nRZ Q0 1.570796325\nX2P Q0\nRZ Q0 1.570796325\nX2M Q0\nCZ Q1 Q0\nRZ Q0 3.14159265\nY2P Q0\nRZ Q0 1.570796325\nM Q0\nM Q1",
            "layout": [
                29,
                23
            ],
            "transpiled_circit": "CZ Q23 Q29\nY2M Q29\nRZ Q29 -2.060021963934074\nY2P Q29\nCZ Q23 Q29\nRZ Q29 1.570796325\nX2P Q29\nRZ Q29 1.570796325\nX2M Q29\nCZ Q23 Q29\nRZ Q29 3.14159265\nY2P Q29\nRZ Q29 1.570796325\nM Q29\nM Q23"
        }
    }
}