{
    "transpiled_randomCircuit_2qubit_2": {
        "run_config": {
            "machine_time": "tianyan176-2",
            "repeat": 1,
            "shots": 8000,
            "layout": [
                43,
                36
            ],
            "layout_id": 124,
            "expected_fidelity": 0.8591177222253827,
            "real_fidelity": 0.9405881276118911,
            "begin_time": "2025-03-27 13:33:56",
            "end_time": "2025-03-27 13:34:07",
            "cost_time": "11.197858 s"
        },
        "circuit_features": {
            "num_qubits": 2,
            "num_gates": 13,
            "depth": 13,
            "program_communication": 1.0,
            "critical_depth": 1.0,
            "entanglement_ratio": 0.23076923076923078,
            "parallelism": 0.0,
            "liveness": 0.6153846153846154,
            "min_qubit_frequency": 5.4413,
            "max_qubit_frequency": 5.4707,
            "avg_qubit_frequency": 5.4559999999999995,
            "min_readout_frequency": null,
            "max_readout_frequency": null,
            "avg_readout_frequency": null,
            "min_readoutError": 1.6,
            "max_readoutError": 2.18,
            "avg_readoutError": 1.8900000000000001,
            "min_singleQubit_gate_error": 0.13,
            "max_singleQubit_gate_error": 0.34,
            "avg_singleQubit_gate_error": 0.23500000000000001,
            "min_twoQubits_gate_error": 3.3,
            "max_twoQubits_gate_error": 3.3,
            "avg_twoQubits_gate_error": 3.2999999999999994,
            "min_t1": 15.0164,
            "max_t1": 32.6303,
            "avg_t1": 23.823349999999998,
            "min_t2": 2.4432,
            "max_t2": 3.1699,
            "avg_t2": 2.80655,
            "twoQubits_gate_error_accumulation": 9.899999999999999,
            "expected_fidelity": 0.8591177222253827,
            "idel_entropy": 0.320710672056375,
            "idle_rate": 0.5882352941176471,
            "qubit_frequency_dict": {
                "43": 5.4413,
                "36": 5.4707
            },
            "readout_frequency_dict": {
                "43": null,
                "36": null
            },
            "readoutError_dict": {
                "43": 1.6,
                "36": 2.18
            },
            "singleQubit_gate_error_dict": {
                "43": 0.13,
                "36": 0.34
            },
            "twoQubits_gate_error_dict": {
                "0": {
                    "twoQubits": [
                        36,
                        43
                    ],
                    "cz_error": 3.3
                },
                "1": {
                    "twoQubits": [
                        36,
                        43
                    ],
                    "cz_error": 3.3
                },
                "2": {
                    "twoQubits": [
                        36,
                        43
                    ],
                    "cz_error": 3.3
                }
            },
            "t1_dict": {
                "43": 32.6303,
                "36": 15.0164
            },
            "t2_dict": {
                "43": 2.4432,
                "36": 3.1699
            },
            "singleQubit_update_time": "2025-03-21 02:33:29",
            "readout_update_time": "2025-03-27 13:31:17",
            "twoQubitGate_update_time": "2025-03-27 10:55:07",
            "origin_circuit": "CZ Q1 Q0\nY2M Q0\nRZ Q0 -2.060021963934074\nY2P Q0\nCZ Q1 Q0\nRZ Q0 1.570796325\nX2P Q0\nRZ Q0 1.570796325\nX2M Q0\nCZ Q1 Q0\nRZ Q0 3.14159265\nY2P Q0\nRZ Q0 1.570796325\nM Q0\nM Q1",
            "layout": [
                43,
                36
            ],
            "transpiled_circit": "CZ Q36 Q43\nY2M Q43\nRZ Q43 -2.060021963934074\nY2P Q43\nCZ Q36 Q43\nRZ Q43 1.570796325\nX2P Q43\nRZ Q43 1.570796325\nX2M Q43\nCZ Q36 Q43\nRZ Q43 3.14159265\nY2P Q43\nRZ Q43 1.570796325\nM Q43\nM Q36"
        }
    }
}