{
    "transpiled_randomCircuit_2qubit_2": {
        "run_config": {
            "machine_time": "tianyan176-2",
            "repeat": 1,
            "shots": 8000,
            "layout": [
                54,
                48
            ],
            "layout_id": 180,
            "expected_fidelity": 0.9128895430666462,
            "real_fidelity": 0.9839890147431546,
            "begin_time": "2025-03-27 13:45:22",
            "end_time": "2025-03-27 13:45:34",
            "cost_time": "11.330016 s"
        },
        "circuit_features": {
            "num_qubits": 2,
            "num_gates": 13,
            "depth": 13,
            "program_communication": 1.0,
            "critical_depth": 1.0,
            "entanglement_ratio": 0.23076923076923078,
            "parallelism": 0.0,
            "liveness": 0.6153846153846154,
            "min_qubit_frequency": 5.1376,
            "max_qubit_frequency": 5.3503,
            "avg_qubit_frequency": 5.24395,
            "min_readout_frequency": null,
            "max_readout_frequency": null,
            "avg_readout_frequency": null,
            "min_readoutError": 1.68,
            "max_readoutError": 3.77,
            "avg_readoutError": 2.725,
            "min_singleQubit_gate_error": 0.18,
            "max_singleQubit_gate_error": 0.19,
            "avg_singleQubit_gate_error": 0.185,
            "min_twoQubits_gate_error": 0.59,
            "max_twoQubits_gate_error": 0.59,
            "avg_twoQubits_gate_error": 0.59,
            "min_t1": 21.3374,
            "max_t1": 28.7803,
            "avg_t1": 25.05885,
            "min_t2": 2.0195,
            "max_t2": 4.3417,
            "avg_t2": 3.1806,
            "twoQubits_gate_error_accumulation": 1.77,
            "expected_fidelity": 0.9128895430666462,
            "idel_entropy": 0.320710672056375,
            "idle_rate": 0.5882352941176471,
            "qubit_frequency_dict": {
                "54": 5.3503,
                "48": 5.1376
            },
            "readout_frequency_dict": {
                "54": null,
                "48": null
            },
            "readoutError_dict": {
                "54": 1.68,
                "48": 3.77
            },
            "singleQubit_gate_error_dict": {
                "54": 0.18,
                "48": 0.19
            },
            "twoQubits_gate_error_dict": {
                "0": {
                    "twoQubits": [
                        48,
                        54
                    ],
                    "cz_error": 0.59
                },
                "1": {
                    "twoQubits": [
                        48,
                        54
                    ],
                    "cz_error": 0.59
                },
                "2": {
                    "twoQubits": [
                        48,
                        54
                    ],
                    "cz_error": 0.59
                }
            },
            "t1_dict": {
                "54": 28.7803,
                "48": 21.3374
            },
            "t2_dict": {
                "54": 4.3417,
                "48": 2.0195
            },
            "singleQubit_update_time": "2025-03-21 02:33:29",
            "readout_update_time": "2025-03-27 13:31:17",
            "twoQubitGate_update_time": "2025-03-27 10:55:07",
            "origin_circuit": "CZ Q1 Q0\nY2M Q0\nRZ Q0 -2.060021963934074\nY2P Q0\nCZ Q1 Q0\nRZ Q0 1.570796325\nX2P Q0\nRZ Q0 1.570796325\nX2M Q0\nCZ Q1 Q0\nRZ Q0 3.14159265\nY2P Q0\nRZ Q0 1.570796325\nM Q0\nM Q1",
            "layout": [
                54,
                48
            ],
            "transpiled_circit": "CZ Q48 Q54\nY2M Q54\nRZ Q54 -2.060021963934074\nY2P Q54\nCZ Q48 Q54\nRZ Q54 1.570796325\nX2P Q54\nRZ Q54 1.570796325\nX2M Q54\nCZ Q48 Q54\nRZ Q54 3.14159265\nY2P Q54\nRZ Q54 1.570796325\nM Q54\nM Q48"
        }
    }
}