{
    "transpiled_randomCircuit_2qubit_2": {
        "run_config": {
            "machine_time": "tianyan176-2",
            "repeat": 1,
            "shots": 8000,
            "layout": [
                57,
                50
            ],
            "layout_id": 167,
            "expected_fidelity": 0.9166940695967901,
            "real_fidelity": 0.998337083370899,
            "begin_time": "2025-03-27 13:42:41",
            "end_time": "2025-03-27 13:42:54",
            "cost_time": "13.057568 s"
        },
        "circuit_features": {
            "num_qubits": 2,
            "num_gates": 13,
            "depth": 13,
            "program_communication": 1.0,
            "critical_depth": 1.0,
            "entanglement_ratio": 0.23076923076923078,
            "parallelism": 0.0,
            "liveness": 0.6153846153846154,
            "min_qubit_frequency": 5.2959,
            "max_qubit_frequency": 5.5512,
            "avg_qubit_frequency": 5.42355,
            "min_readout_frequency": null,
            "max_readout_frequency": null,
            "avg_readout_frequency": null,
            "min_readoutError": 0.77,
            "max_readoutError": 3.09,
            "avg_readoutError": 1.93,
            "min_singleQubit_gate_error": 0.1,
            "max_singleQubit_gate_error": 0.18,
            "avg_singleQubit_gate_error": 0.14,
            "min_twoQubits_gate_error": 0.99,
            "max_twoQubits_gate_error": 0.99,
            "avg_twoQubits_gate_error": 0.9899999999999999,
            "min_t1": 19.2536,
            "max_t1": 23.273,
            "avg_t1": 21.2633,
            "min_t2": 2.9094,
            "max_t2": 5.403,
            "avg_t2": 4.1562,
            "twoQubits_gate_error_accumulation": 2.9699999999999998,
            "expected_fidelity": 0.9166940695967901,
            "idel_entropy": 0.320710672056375,
            "idle_rate": 0.5882352941176471,
            "qubit_frequency_dict": {
                "57": 5.2959,
                "50": 5.5512
            },
            "readout_frequency_dict": {
                "57": null,
                "50": null
            },
            "readoutError_dict": {
                "57": 3.09,
                "50": 0.77
            },
            "singleQubit_gate_error_dict": {
                "57": 0.18,
                "50": 0.1
            },
            "twoQubits_gate_error_dict": {
                "0": {
                    "twoQubits": [
                        50,
                        57
                    ],
                    "cz_error": 0.99
                },
                "1": {
                    "twoQubits": [
                        50,
                        57
                    ],
                    "cz_error": 0.99
                },
                "2": {
                    "twoQubits": [
                        50,
                        57
                    ],
                    "cz_error": 0.99
                }
            },
            "t1_dict": {
                "57": 23.273,
                "50": 19.2536
            },
            "t2_dict": {
                "57": 2.9094,
                "50": 5.403
            },
            "singleQubit_update_time": "2025-03-21 02:33:29",
            "readout_update_time": "2025-03-27 13:31:17",
            "twoQubitGate_update_time": "2025-03-27 10:55:07",
            "origin_circuit": "CZ Q1 Q0\nY2M Q0\nRZ Q0 -2.060021963934074\nY2P Q0\nCZ Q1 Q0\nRZ Q0 1.570796325\nX2P Q0\nRZ Q0 1.570796325\nX2M Q0\nCZ Q1 Q0\nRZ Q0 3.14159265\nY2P Q0\nRZ Q0 1.570796325\nM Q0\nM Q1",
            "layout": [
                57,
                50
            ],
            "transpiled_circit": "CZ Q50 Q57\nY2M Q57\nRZ Q57 -2.060021963934074\nY2P Q57\nCZ Q50 Q57\nRZ Q57 1.570796325\nX2P Q57\nRZ Q57 1.570796325\nX2M Q57\nCZ Q50 Q57\nRZ Q57 3.14159265\nY2P Q57\nRZ Q57 1.570796325\nM Q57\nM Q50"
        }
    }
}