{
    "transpiled_randomCircuit_2qubit_2": {
        "run_config": {
            "machine_time": "tianyan176-2",
            "repeat": 1,
            "shots": 8000,
            "layout": [
                21,
                15
            ],
            "layout_id": 21,
            "expected_fidelity": 0.9110936671601066,
            "real_fidelity": 0.9856349235429956,
            "begin_time": "2025-03-27 13:10:10",
            "end_time": "2025-03-27 13:10:21",
            "cost_time": "11.331958 s"
        },
        "circuit_features": {
            "num_qubits": 2,
            "num_gates": 13,
            "depth": 13,
            "program_communication": 1.0,
            "critical_depth": 1.0,
            "entanglement_ratio": 0.23076923076923078,
            "parallelism": 0.0,
            "liveness": 0.6153846153846154,
            "min_qubit_frequency": 5.1414,
            "max_qubit_frequency": 5.4961,
            "avg_qubit_frequency": 5.31875,
            "min_readout_frequency": null,
            "max_readout_frequency": null,
            "avg_readout_frequency": null,
            "min_readoutError": 0.93,
            "max_readoutError": 2.73,
            "avg_readoutError": 1.83,
            "min_singleQubit_gate_error": 0.08,
            "max_singleQubit_gate_error": 0.15,
            "avg_singleQubit_gate_error": 0.11499999999999999,
            "min_twoQubits_gate_error": 1.59,
            "max_twoQubits_gate_error": 1.59,
            "avg_twoQubits_gate_error": 1.59,
            "min_t1": 29.7058,
            "max_t1": 42.5285,
            "avg_t1": 36.11715,
            "min_t2": 2.5943,
            "max_t2": 5.2412,
            "avg_t2": 3.91775,
            "twoQubits_gate_error_accumulation": 4.7700000000000005,
            "expected_fidelity": 0.9110936671601066,
            "idel_entropy": 0.320710672056375,
            "idle_rate": 0.5882352941176471,
            "qubit_frequency_dict": {
                "21": 5.1414,
                "15": 5.4961
            },
            "readout_frequency_dict": {
                "21": null,
                "15": null
            },
            "readoutError_dict": {
                "21": 2.73,
                "15": 0.93
            },
            "singleQubit_gate_error_dict": {
                "21": 0.08,
                "15": 0.15
            },
            "twoQubits_gate_error_dict": {
                "0": {
                    "twoQubits": [
                        15,
                        21
                    ],
                    "cz_error": 1.59
                },
                "1": {
                    "twoQubits": [
                        15,
                        21
                    ],
                    "cz_error": 1.59
                },
                "2": {
                    "twoQubits": [
                        15,
                        21
                    ],
                    "cz_error": 1.59
                }
            },
            "t1_dict": {
                "21": 42.5285,
                "15": 29.7058
            },
            "t2_dict": {
                "21": 2.5943,
                "15": 5.2412
            },
            "singleQubit_update_time": "2025-03-21 02:33:29",
            "readout_update_time": "2025-03-27 13:01:17",
            "twoQubitGate_update_time": "2025-03-27 10:55:07",
            "origin_circuit": "CZ Q1 Q0\nY2M Q0\nRZ Q0 -2.060021963934074\nY2P Q0\nCZ Q1 Q0\nRZ Q0 1.570796325\nX2P Q0\nRZ Q0 1.570796325\nX2M Q0\nCZ Q1 Q0\nRZ Q0 3.14159265\nY2P Q0\nRZ Q0 1.570796325\nM Q0\nM Q1",
            "layout": [
                21,
                15
            ],
            "transpiled_circit": "CZ Q15 Q21\nY2M Q21\nRZ Q21 -2.060021963934074\nY2P Q21\nCZ Q15 Q21\nRZ Q21 1.570796325\nX2P Q21\nRZ Q21 1.570796325\nX2M Q21\nCZ Q15 Q21\nRZ Q21 3.14159265\nY2P Q21\nRZ Q21 1.570796325\nM Q21\nM Q15"
        }
    }
}