{
    "transpiled_randomCircuit_2qubit_2": {
        "run_config": {
            "machine_time": "tianyan176-2",
            "repeat": 1,
            "shots": 8000,
            "layout": [
                30,
                24
            ],
            "layout_id": 144,
            "expected_fidelity": 0.7321455900004532,
            "real_fidelity": 0.9881093176009691,
            "begin_time": "2025-03-27 13:37:56",
            "end_time": "2025-03-27 13:38:08",
            "cost_time": "11.207137 s"
        },
        "circuit_features": {
            "num_qubits": 2,
            "num_gates": 13,
            "depth": 13,
            "program_communication": 1.0,
            "critical_depth": 1.0,
            "entanglement_ratio": 0.23076923076923078,
            "parallelism": 0.0,
            "liveness": 0.6153846153846154,
            "min_qubit_frequency": 5.1355,
            "max_qubit_frequency": 5.3136,
            "avg_qubit_frequency": 5.224550000000001,
            "min_readout_frequency": null,
            "max_readout_frequency": null,
            "avg_readout_frequency": null,
            "min_readoutError": 4.57,
            "max_readoutError": 19.3,
            "avg_readoutError": 11.935,
            "min_singleQubit_gate_error": 0.11,
            "max_singleQubit_gate_error": 0.21,
            "avg_singleQubit_gate_error": 0.16,
            "min_twoQubits_gate_error": 0.98,
            "max_twoQubits_gate_error": 0.98,
            "avg_twoQubits_gate_error": 0.98,
            "min_t1": 20.8094,
            "max_t1": 29.3702,
            "avg_t1": 25.0898,
            "min_t2": 2.0051,
            "max_t2": 2.9482,
            "avg_t2": 2.4766500000000002,
            "twoQubits_gate_error_accumulation": 2.94,
            "expected_fidelity": 0.7321455900004532,
            "idel_entropy": 0.320710672056375,
            "idle_rate": 0.5882352941176471,
            "qubit_frequency_dict": {
                "30": 5.3136,
                "24": 5.1355
            },
            "readout_frequency_dict": {
                "30": null,
                "24": null
            },
            "readoutError_dict": {
                "30": 19.3,
                "24": 4.57
            },
            "singleQubit_gate_error_dict": {
                "30": 0.21,
                "24": 0.11
            },
            "twoQubits_gate_error_dict": {
                "0": {
                    "twoQubits": [
                        24,
                        30
                    ],
                    "cz_error": 0.98
                },
                "1": {
                    "twoQubits": [
                        24,
                        30
                    ],
                    "cz_error": 0.98
                },
                "2": {
                    "twoQubits": [
                        24,
                        30
                    ],
                    "cz_error": 0.98
                }
            },
            "t1_dict": {
                "30": 29.3702,
                "24": 20.8094
            },
            "t2_dict": {
                "30": 2.9482,
                "24": 2.0051
            },
            "singleQubit_update_time": "2025-03-21 02:33:29",
            "readout_update_time": "2025-03-27 13:31:17",
            "twoQubitGate_update_time": "2025-03-27 10:55:07",
            "origin_circuit": "CZ Q1 Q0\nY2M Q0\nRZ Q0 -2.060021963934074\nY2P Q0\nCZ Q1 Q0\nRZ Q0 1.570796325\nX2P Q0\nRZ Q0 1.570796325\nX2M Q0\nCZ Q1 Q0\nRZ Q0 3.14159265\nY2P Q0\nRZ Q0 1.570796325\nM Q0\nM Q1",
            "layout": [
                30,
                24
            ],
            "transpiled_circit": "CZ Q24 Q30\nY2M Q30\nRZ Q30 -2.060021963934074\nY2P Q30\nCZ Q24 Q30\nRZ Q30 1.570796325\nX2P Q30\nRZ Q30 1.570796325\nX2M Q30\nCZ Q24 Q30\nRZ Q30 3.14159265\nY2P Q30\nRZ Q30 1.570796325\nM Q30\nM Q24"
        }
    }
}