{
    "transpiled_randomCircuit_2qubit_2": {
        "run_config": {
            "machine_time": "tianyan176-2",
            "repeat": 1,
            "shots": 8000,
            "layout": [
                10,
                3
            ],
            "layout_id": 17,
            "expected_fidelity": 0.9079013375521786,
            "real_fidelity": 0.982505272727877,
            "begin_time": "2025-03-27 13:08:37",
            "end_time": "2025-03-27 13:09:30",
            "cost_time": "52.522656 s"
        },
        "circuit_features": {
            "num_qubits": 2,
            "num_gates": 13,
            "depth": 13,
            "program_communication": 1.0,
            "critical_depth": 1.0,
            "entanglement_ratio": 0.23076923076923078,
            "parallelism": 0.0,
            "liveness": 0.6153846153846154,
            "min_qubit_frequency": 5.4411,
            "max_qubit_frequency": 5.5403,
            "avg_qubit_frequency": 5.4907,
            "min_readout_frequency": null,
            "max_readout_frequency": null,
            "avg_readout_frequency": null,
            "min_readoutError": 0.98,
            "max_readoutError": 3.8,
            "avg_readoutError": 2.3899999999999997,
            "min_singleQubit_gate_error": 0.16,
            "max_singleQubit_gate_error": 0.23,
            "avg_singleQubit_gate_error": 0.195,
            "min_twoQubits_gate_error": 0.83,
            "max_twoQubits_gate_error": 0.83,
            "avg_twoQubits_gate_error": 0.83,
            "min_t1": 13.582,
            "max_t1": 27.1652,
            "avg_t1": 20.3736,
            "min_t2": 4.873,
            "max_t2": 5.0056,
            "avg_t2": 4.9393,
            "twoQubits_gate_error_accumulation": 2.4899999999999998,
            "expected_fidelity": 0.9079013375521786,
            "idel_entropy": 0.320710672056375,
            "idle_rate": 0.5882352941176471,
            "qubit_frequency_dict": {
                "10": 5.4411,
                "3": 5.5403
            },
            "readout_frequency_dict": {
                "10": null,
                "3": null
            },
            "readoutError_dict": {
                "10": 3.8,
                "3": 0.98
            },
            "singleQubit_gate_error_dict": {
                "10": 0.23,
                "3": 0.16
            },
            "twoQubits_gate_error_dict": {
                "0": {
                    "twoQubits": [
                        3,
                        10
                    ],
                    "cz_error": 0.83
                },
                "1": {
                    "twoQubits": [
                        3,
                        10
                    ],
                    "cz_error": 0.83
                },
                "2": {
                    "twoQubits": [
                        3,
                        10
                    ],
                    "cz_error": 0.83
                }
            },
            "t1_dict": {
                "10": 13.582,
                "3": 27.1652
            },
            "t2_dict": {
                "10": 5.0056,
                "3": 4.873
            },
            "singleQubit_update_time": "2025-03-21 02:33:29",
            "readout_update_time": "2025-03-27 13:01:17",
            "twoQubitGate_update_time": "2025-03-27 10:55:07",
            "origin_circuit": "CZ Q1 Q0\nY2M Q0\nRZ Q0 -2.060021963934074\nY2P Q0\nCZ Q1 Q0\nRZ Q0 1.570796325\nX2P Q0\nRZ Q0 1.570796325\nX2M Q0\nCZ Q1 Q0\nRZ Q0 3.14159265\nY2P Q0\nRZ Q0 1.570796325\nM Q0\nM Q1",
            "layout": [
                10,
                3
            ],
            "transpiled_circit": "CZ Q3 Q10\nY2M Q10\nRZ Q10 -2.060021963934074\nY2P Q10\nCZ Q3 Q10\nRZ Q10 1.570796325\nX2P Q10\nRZ Q10 1.570796325\nX2M Q10\nCZ Q3 Q10\nRZ Q10 3.14159265\nY2P Q10\nRZ Q10 1.570796325\nM Q10\nM Q3"
        }
    }
}