{
    "transpiled_randomCircuit_2qubit_2": {
        "run_config": {
            "machine_time": "tianyan176-2",
            "repeat": 1,
            "shots": 8000,
            "layout": [
                18,
                24
            ],
            "layout_id": 142,
            "expected_fidelity": 0.7672133341691437,
            "real_fidelity": 0.9894897586684925,
            "begin_time": "2025-03-27 13:37:34",
            "end_time": "2025-03-27 13:37:45",
            "cost_time": "10.944151 s"
        },
        "circuit_features": {
            "num_qubits": 2,
            "num_gates": 13,
            "depth": 13,
            "program_communication": 1.0,
            "critical_depth": 1.0,
            "entanglement_ratio": 0.23076923076923078,
            "parallelism": 0.0,
            "liveness": 0.6153846153846154,
            "min_qubit_frequency": 5.1355,
            "max_qubit_frequency": 5.2753,
            "avg_qubit_frequency": 5.2054,
            "min_readout_frequency": null,
            "max_readout_frequency": null,
            "avg_readout_frequency": null,
            "min_readoutError": 3.01,
            "max_readoutError": 4.57,
            "avg_readoutError": 3.79,
            "min_singleQubit_gate_error": 0.11,
            "max_singleQubit_gate_error": 0.6,
            "avg_singleQubit_gate_error": 0.355,
            "min_twoQubits_gate_error": 4.16,
            "max_twoQubits_gate_error": 4.16,
            "avg_twoQubits_gate_error": 4.16,
            "min_t1": 20.8094,
            "max_t1": 34.8112,
            "avg_t1": 27.810299999999998,
            "min_t2": 1.3775,
            "max_t2": 2.0051,
            "avg_t2": 1.6913,
            "twoQubits_gate_error_accumulation": 12.48,
            "expected_fidelity": 0.7672133341691437,
            "idel_entropy": 0.320710672056375,
            "idle_rate": 0.5882352941176471,
            "qubit_frequency_dict": {
                "18": 5.2753,
                "24": 5.1355
            },
            "readout_frequency_dict": {
                "18": null,
                "24": null
            },
            "readoutError_dict": {
                "18": 3.01,
                "24": 4.57
            },
            "singleQubit_gate_error_dict": {
                "18": 0.6,
                "24": 0.11
            },
            "twoQubits_gate_error_dict": {
                "0": {
                    "twoQubits": [
                        24,
                        18
                    ],
                    "cz_error": 4.16
                },
                "1": {
                    "twoQubits": [
                        24,
                        18
                    ],
                    "cz_error": 4.16
                },
                "2": {
                    "twoQubits": [
                        24,
                        18
                    ],
                    "cz_error": 4.16
                }
            },
            "t1_dict": {
                "18": 34.8112,
                "24": 20.8094
            },
            "t2_dict": {
                "18": 1.3775,
                "24": 2.0051
            },
            "singleQubit_update_time": "2025-03-21 02:33:29",
            "readout_update_time": "2025-03-27 13:31:17",
            "twoQubitGate_update_time": "2025-03-27 10:55:07",
            "origin_circuit": "CZ Q1 Q0\nY2M Q0\nRZ Q0 -2.060021963934074\nY2P Q0\nCZ Q1 Q0\nRZ Q0 1.570796325\nX2P Q0\nRZ Q0 1.570796325\nX2M Q0\nCZ Q1 Q0\nRZ Q0 3.14159265\nY2P Q0\nRZ Q0 1.570796325\nM Q0\nM Q1",
            "layout": [
                18,
                24
            ],
            "transpiled_circit": "CZ Q24 Q18\nY2M Q18\nRZ Q18 -2.060021963934074\nY2P Q18\nCZ Q24 Q18\nRZ Q18 1.570796325\nX2P Q18\nRZ Q18 1.570796325\nX2M Q18\nCZ Q24 Q18\nRZ Q18 3.14159265\nY2P Q18\nRZ Q18 1.570796325\nM Q18\nM Q24"
        }
    }
}