{
    "transpiled_randomCircuit_2qubit_2": {
        "run_config": {
            "machine_time": "tianyan176-2",
            "repeat": 1,
            "shots": 8000,
            "layout": [
                45,
                38
            ],
            "layout_id": 131,
            "expected_fidelity": 0.9029218334193362,
            "real_fidelity": 0.9936025046750523,
            "begin_time": "2025-03-27 13:35:16",
            "end_time": "2025-03-27 13:35:26",
            "cost_time": "10.869369 s"
        },
        "circuit_features": {
            "num_qubits": 2,
            "num_gates": 13,
            "depth": 13,
            "program_communication": 1.0,
            "critical_depth": 1.0,
            "entanglement_ratio": 0.23076923076923078,
            "parallelism": 0.0,
            "liveness": 0.6153846153846154,
            "min_qubit_frequency": 5.1769,
            "max_qubit_frequency": 5.4993,
            "avg_qubit_frequency": 5.3381,
            "min_readout_frequency": null,
            "max_readout_frequency": null,
            "avg_readout_frequency": null,
            "min_readoutError": 1.53,
            "max_readoutError": 3.9,
            "avg_readoutError": 2.715,
            "min_singleQubit_gate_error": 0.11,
            "max_singleQubit_gate_error": 0.16,
            "avg_singleQubit_gate_error": 0.135,
            "min_twoQubits_gate_error": 1.19,
            "max_twoQubits_gate_error": 1.19,
            "avg_twoQubits_gate_error": 1.19,
            "min_t1": 28.7526,
            "max_t1": 42.5819,
            "avg_t1": 35.667249999999996,
            "min_t2": 1.8213,
            "max_t2": 6.335,
            "avg_t2": 4.07815,
            "twoQubits_gate_error_accumulation": 3.57,
            "expected_fidelity": 0.9029218334193362,
            "idel_entropy": 0.320710672056375,
            "idle_rate": 0.5882352941176471,
            "qubit_frequency_dict": {
                "45": 5.4993,
                "38": 5.1769
            },
            "readout_frequency_dict": {
                "45": null,
                "38": null
            },
            "readoutError_dict": {
                "45": 1.53,
                "38": 3.9
            },
            "singleQubit_gate_error_dict": {
                "45": 0.11,
                "38": 0.16
            },
            "twoQubits_gate_error_dict": {
                "0": {
                    "twoQubits": [
                        38,
                        45
                    ],
                    "cz_error": 1.19
                },
                "1": {
                    "twoQubits": [
                        38,
                        45
                    ],
                    "cz_error": 1.19
                },
                "2": {
                    "twoQubits": [
                        38,
                        45
                    ],
                    "cz_error": 1.19
                }
            },
            "t1_dict": {
                "45": 28.7526,
                "38": 42.5819
            },
            "t2_dict": {
                "45": 6.335,
                "38": 1.8213
            },
            "singleQubit_update_time": "2025-03-21 02:33:29",
            "readout_update_time": "2025-03-27 13:31:17",
            "twoQubitGate_update_time": "2025-03-27 10:55:07",
            "origin_circuit": "CZ Q1 Q0\nY2M Q0\nRZ Q0 -2.060021963934074\nY2P Q0\nCZ Q1 Q0\nRZ Q0 1.570796325\nX2P Q0\nRZ Q0 1.570796325\nX2M Q0\nCZ Q1 Q0\nRZ Q0 3.14159265\nY2P Q0\nRZ Q0 1.570796325\nM Q0\nM Q1",
            "layout": [
                45,
                38
            ],
            "transpiled_circit": "CZ Q38 Q45\nY2M Q45\nRZ Q45 -2.060021963934074\nY2P Q45\nCZ Q38 Q45\nRZ Q45 1.570796325\nX2P Q45\nRZ Q45 1.570796325\nX2M Q45\nCZ Q38 Q45\nRZ Q45 3.14159265\nY2P Q45\nRZ Q45 1.570796325\nM Q45\nM Q38"
        }
    }
}