{
    "transpiled_randomCircuit_2qubit_2": {
        "run_config": {
            "machine_time": "tianyan176-2",
            "repeat": 1,
            "shots": 8000,
            "layout": [
                51,
                46
            ],
            "layout_id": 161,
            "expected_fidelity": 0.822404012735408,
            "real_fidelity": 0.9900080823543935,
            "begin_time": "2025-03-27 13:41:23",
            "end_time": "2025-03-27 13:41:36",
            "cost_time": "13.039407 s"
        },
        "circuit_features": {
            "num_qubits": 2,
            "num_gates": 13,
            "depth": 13,
            "program_communication": 1.0,
            "critical_depth": 1.0,
            "entanglement_ratio": 0.23076923076923078,
            "parallelism": 0.0,
            "liveness": 0.6153846153846154,
            "min_qubit_frequency": 5.0382,
            "max_qubit_frequency": 5.3877,
            "avg_qubit_frequency": 5.212949999999999,
            "min_readout_frequency": null,
            "max_readout_frequency": null,
            "avg_readout_frequency": null,
            "min_readoutError": 1.02,
            "max_readoutError": 7.6,
            "avg_readoutError": 4.31,
            "min_singleQubit_gate_error": 0.14,
            "max_singleQubit_gate_error": 0.17,
            "avg_singleQubit_gate_error": 0.15500000000000003,
            "min_twoQubits_gate_error": 2.93,
            "max_twoQubits_gate_error": 2.93,
            "avg_twoQubits_gate_error": 2.93,
            "min_t1": 22.2597,
            "max_t1": 28.9975,
            "avg_t1": 25.6286,
            "min_t2": 1.9999,
            "max_t2": 3.7232,
            "avg_t2": 2.86155,
            "twoQubits_gate_error_accumulation": 8.790000000000001,
            "expected_fidelity": 0.822404012735408,
            "idel_entropy": 0.320710672056375,
            "idle_rate": 0.5882352941176471,
            "qubit_frequency_dict": {
                "51": 5.3877,
                "46": 5.0382
            },
            "readout_frequency_dict": {
                "51": null,
                "46": null
            },
            "readoutError_dict": {
                "51": 1.02,
                "46": 7.6
            },
            "singleQubit_gate_error_dict": {
                "51": 0.17,
                "46": 0.14
            },
            "twoQubits_gate_error_dict": {
                "0": {
                    "twoQubits": [
                        46,
                        51
                    ],
                    "cz_error": 2.93
                },
                "1": {
                    "twoQubits": [
                        46,
                        51
                    ],
                    "cz_error": 2.93
                },
                "2": {
                    "twoQubits": [
                        46,
                        51
                    ],
                    "cz_error": 2.93
                }
            },
            "t1_dict": {
                "51": 28.9975,
                "46": 22.2597
            },
            "t2_dict": {
                "51": 3.7232,
                "46": 1.9999
            },
            "singleQubit_update_time": "2025-03-21 02:33:29",
            "readout_update_time": "2025-03-27 13:31:17",
            "twoQubitGate_update_time": "2025-03-27 10:55:07",
            "origin_circuit": "CZ Q1 Q0\nY2M Q0\nRZ Q0 -2.060021963934074\nY2P Q0\nCZ Q1 Q0\nRZ Q0 1.570796325\nX2P Q0\nRZ Q0 1.570796325\nX2M Q0\nCZ Q1 Q0\nRZ Q0 3.14159265\nY2P Q0\nRZ Q0 1.570796325\nM Q0\nM Q1",
            "layout": [
                51,
                46
            ],
            "transpiled_circit": "CZ Q46 Q51\nY2M Q51\nRZ Q51 -2.060021963934074\nY2P Q51\nCZ Q46 Q51\nRZ Q51 1.570796325\nX2P Q51\nRZ Q51 1.570796325\nX2M Q51\nCZ Q46 Q51\nRZ Q51 3.14159265\nY2P Q51\nRZ Q51 1.570796325\nM Q51\nM Q46"
        }
    }
}