{
    "transpiled_randomCircuit_2qubit_2": {
        "run_config": {
            "machine_time": "tianyan176-2",
            "repeat": 1,
            "shots": 8000,
            "layout": [
                40,
                47
            ],
            "layout_id": 106,
            "expected_fidelity": 0.8922513537735977,
            "real_fidelity": 0.9880330111863336,
            "begin_time": "2025-03-27 13:28:49",
            "end_time": "2025-03-27 13:29:01",
            "cost_time": "11.420021 s"
        },
        "circuit_features": {
            "num_qubits": 2,
            "num_gates": 13,
            "depth": 13,
            "program_communication": 1.0,
            "critical_depth": 1.0,
            "entanglement_ratio": 0.23076923076923078,
            "parallelism": 0.0,
            "liveness": 0.6153846153846154,
            "min_qubit_frequency": 5.4419,
            "max_qubit_frequency": 5.4909,
            "avg_qubit_frequency": 5.4664,
            "min_readout_frequency": null,
            "max_readout_frequency": null,
            "avg_readout_frequency": null,
            "min_readoutError": 2.43,
            "max_readoutError": 3.1,
            "avg_readoutError": 2.765,
            "min_singleQubit_gate_error": 0.15,
            "max_singleQubit_gate_error": 0.24,
            "avg_singleQubit_gate_error": 0.195,
            "min_twoQubits_gate_error": 1.42,
            "max_twoQubits_gate_error": 1.42,
            "avg_twoQubits_gate_error": 1.42,
            "min_t1": 12.1295,
            "max_t1": 15.3278,
            "avg_t1": 13.72865,
            "min_t2": 4.892,
            "max_t2": 6.2453,
            "avg_t2": 5.56865,
            "twoQubits_gate_error_accumulation": 4.26,
            "expected_fidelity": 0.8922513537735977,
            "idel_entropy": 0.320710672056375,
            "idle_rate": 0.5882352941176471,
            "qubit_frequency_dict": {
                "40": 5.4909,
                "47": 5.4419
            },
            "readout_frequency_dict": {
                "40": null,
                "47": null
            },
            "readoutError_dict": {
                "40": 2.43,
                "47": 3.1
            },
            "singleQubit_gate_error_dict": {
                "40": 0.15,
                "47": 0.24
            },
            "twoQubits_gate_error_dict": {
                "0": {
                    "twoQubits": [
                        47,
                        40
                    ],
                    "cz_error": 1.42
                },
                "1": {
                    "twoQubits": [
                        47,
                        40
                    ],
                    "cz_error": 1.42
                },
                "2": {
                    "twoQubits": [
                        47,
                        40
                    ],
                    "cz_error": 1.42
                }
            },
            "t1_dict": {
                "40": 15.3278,
                "47": 12.1295
            },
            "t2_dict": {
                "40": 4.892,
                "47": 6.2453
            },
            "singleQubit_update_time": "2025-03-21 02:33:29",
            "readout_update_time": "2025-03-27 13:01:17",
            "twoQubitGate_update_time": "2025-03-27 10:55:07",
            "origin_circuit": "CZ Q1 Q0\nY2M Q0\nRZ Q0 -2.060021963934074\nY2P Q0\nCZ Q1 Q0\nRZ Q0 1.570796325\nX2P Q0\nRZ Q0 1.570796325\nX2M Q0\nCZ Q1 Q0\nRZ Q0 3.14159265\nY2P Q0\nRZ Q0 1.570796325\nM Q0\nM Q1",
            "layout": [
                40,
                47
            ],
            "transpiled_circit": "CZ Q47 Q40\nY2M Q40\nRZ Q40 -2.060021963934074\nY2P Q40\nCZ Q47 Q40\nRZ Q40 1.570796325\nX2P Q40\nRZ Q40 1.570796325\nX2M Q40\nCZ Q47 Q40\nRZ Q40 3.14159265\nY2P Q40\nRZ Q40 1.570796325\nM Q40\nM Q47"
        }
    }
}