{
    "transpiled_randomCircuit_2qubit_2": {
        "run_config": {
            "machine_time": "tianyan176-2",
            "repeat": 1,
            "shots": 8000,
            "layout": [
                20,
                26
            ],
            "layout_id": 29,
            "expected_fidelity": 0.9046194519536255,
            "real_fidelity": 0.9841784071120472,
            "begin_time": "2025-03-27 13:11:51",
            "end_time": "2025-03-27 13:12:04",
            "cost_time": "13.560998 s"
        },
        "circuit_features": {
            "num_qubits": 2,
            "num_gates": 13,
            "depth": 13,
            "program_communication": 1.0,
            "critical_depth": 1.0,
            "entanglement_ratio": 0.23076923076923078,
            "parallelism": 0.0,
            "liveness": 0.6153846153846154,
            "min_qubit_frequency": 5.2574,
            "max_qubit_frequency": 5.3375,
            "avg_qubit_frequency": 5.2974499999999995,
            "min_readout_frequency": null,
            "max_readout_frequency": null,
            "avg_readout_frequency": null,
            "min_readoutError": 1.4,
            "max_readoutError": 1.59,
            "avg_readoutError": 1.495,
            "min_singleQubit_gate_error": 0.09,
            "max_singleQubit_gate_error": 0.15,
            "avg_singleQubit_gate_error": 0.12,
            "min_twoQubits_gate_error": 1.82,
            "max_twoQubits_gate_error": 1.82,
            "avg_twoQubits_gate_error": 1.82,
            "min_t1": 22.856,
            "max_t1": 25.2821,
            "avg_t1": 24.06905,
            "min_t2": 2.3345,
            "max_t2": 3.3763,
            "avg_t2": 2.8554,
            "twoQubits_gate_error_accumulation": 5.46,
            "expected_fidelity": 0.9046194519536255,
            "idel_entropy": 0.320710672056375,
            "idle_rate": 0.5882352941176471,
            "qubit_frequency_dict": {
                "20": 5.3375,
                "26": 5.2574
            },
            "readout_frequency_dict": {
                "20": null,
                "26": null
            },
            "readoutError_dict": {
                "20": 1.4,
                "26": 1.59
            },
            "singleQubit_gate_error_dict": {
                "20": 0.15,
                "26": 0.09
            },
            "twoQubits_gate_error_dict": {
                "0": {
                    "twoQubits": [
                        26,
                        20
                    ],
                    "cz_error": 1.82
                },
                "1": {
                    "twoQubits": [
                        26,
                        20
                    ],
                    "cz_error": 1.82
                },
                "2": {
                    "twoQubits": [
                        26,
                        20
                    ],
                    "cz_error": 1.82
                }
            },
            "t1_dict": {
                "20": 25.2821,
                "26": 22.856
            },
            "t2_dict": {
                "20": 3.3763,
                "26": 2.3345
            },
            "singleQubit_update_time": "2025-03-21 02:33:29",
            "readout_update_time": "2025-03-27 13:01:17",
            "twoQubitGate_update_time": "2025-03-27 10:55:07",
            "origin_circuit": "CZ Q1 Q0\nY2M Q0\nRZ Q0 -2.060021963934074\nY2P Q0\nCZ Q1 Q0\nRZ Q0 1.570796325\nX2P Q0\nRZ Q0 1.570796325\nX2M Q0\nCZ Q1 Q0\nRZ Q0 3.14159265\nY2P Q0\nRZ Q0 1.570796325\nM Q0\nM Q1",
            "layout": [
                20,
                26
            ],
            "transpiled_circit": "CZ Q26 Q20\nY2M Q20\nRZ Q20 -2.060021963934074\nY2P Q20\nCZ Q26 Q20\nRZ Q20 1.570796325\nX2P Q20\nRZ Q20 1.570796325\nX2M Q20\nCZ Q26 Q20\nRZ Q20 3.14159265\nY2P Q20\nRZ Q20 1.570796325\nM Q20\nM Q26"
        }
    }
}