{
    "transpiled_randomCircuit_2qubit_2": {
        "run_config": {
            "machine_time": "tianyan176-2",
            "repeat": 1,
            "shots": 8000,
            "layout": [
                36,
                30
            ],
            "layout_id": 114,
            "expected_fidelity": 0.7148131140708689,
            "real_fidelity": 0.8171478936144947,
            "begin_time": "2025-03-27 13:31:59",
            "end_time": "2025-03-27 13:32:11",
            "cost_time": "11.462204 s"
        },
        "circuit_features": {
            "num_qubits": 2,
            "num_gates": 13,
            "depth": 13,
            "program_communication": 1.0,
            "critical_depth": 1.0,
            "entanglement_ratio": 0.23076923076923078,
            "parallelism": 0.0,
            "liveness": 0.6153846153846154,
            "min_qubit_frequency": 5.3136,
            "max_qubit_frequency": 5.4707,
            "avg_qubit_frequency": 5.39215,
            "min_readout_frequency": null,
            "max_readout_frequency": null,
            "avg_readout_frequency": null,
            "min_readoutError": 2.18,
            "max_readoutError": 19.3,
            "avg_readoutError": 10.74,
            "min_singleQubit_gate_error": 0.21,
            "max_singleQubit_gate_error": 0.34,
            "avg_singleQubit_gate_error": 0.275,
            "min_twoQubits_gate_error": 2.15,
            "max_twoQubits_gate_error": 2.15,
            "avg_twoQubits_gate_error": 2.15,
            "min_t1": 15.0164,
            "max_t1": 29.3702,
            "avg_t1": 22.1933,
            "min_t2": 2.9482,
            "max_t2": 3.1699,
            "avg_t2": 3.05905,
            "twoQubits_gate_error_accumulation": 6.449999999999999,
            "expected_fidelity": 0.7148131140708689,
            "idel_entropy": 0.320710672056375,
            "idle_rate": 0.5882352941176471,
            "qubit_frequency_dict": {
                "36": 5.4707,
                "30": 5.3136
            },
            "readout_frequency_dict": {
                "36": null,
                "30": null
            },
            "readoutError_dict": {
                "36": 2.18,
                "30": 19.3
            },
            "singleQubit_gate_error_dict": {
                "36": 0.34,
                "30": 0.21
            },
            "twoQubits_gate_error_dict": {
                "0": {
                    "twoQubits": [
                        30,
                        36
                    ],
                    "cz_error": 2.15
                },
                "1": {
                    "twoQubits": [
                        30,
                        36
                    ],
                    "cz_error": 2.15
                },
                "2": {
                    "twoQubits": [
                        30,
                        36
                    ],
                    "cz_error": 2.15
                }
            },
            "t1_dict": {
                "36": 15.0164,
                "30": 29.3702
            },
            "t2_dict": {
                "36": 3.1699,
                "30": 2.9482
            },
            "singleQubit_update_time": "2025-03-21 02:33:29",
            "readout_update_time": "2025-03-27 13:31:17",
            "twoQubitGate_update_time": "2025-03-27 10:55:07",
            "origin_circuit": "CZ Q1 Q0\nY2M Q0\nRZ Q0 -2.060021963934074\nY2P Q0\nCZ Q1 Q0\nRZ Q0 1.570796325\nX2P Q0\nRZ Q0 1.570796325\nX2M Q0\nCZ Q1 Q0\nRZ Q0 3.14159265\nY2P Q0\nRZ Q0 1.570796325\nM Q0\nM Q1",
            "layout": [
                36,
                30
            ],
            "transpiled_circit": "CZ Q30 Q36\nY2M Q36\nRZ Q36 -2.060021963934074\nY2P Q36\nCZ Q30 Q36\nRZ Q36 1.570796325\nX2P Q36\nRZ Q36 1.570796325\nX2M Q36\nCZ Q30 Q36\nRZ Q36 3.14159265\nY2P Q36\nRZ Q36 1.570796325\nM Q36\nM Q30"
        }
    }
}