{
    "transpiled_randomCircuit_2qubit_2": {
        "run_config": {
            "machine_time": "tianyan176-2",
            "repeat": 1,
            "shots": 8000,
            "layout": [
                45,
                39
            ],
            "layout_id": 132,
            "expected_fidelity": 0.8462124561752098,
            "real_fidelity": 0.9956187005102439,
            "begin_time": "2025-03-27 13:35:27",
            "end_time": "2025-03-27 13:35:38",
            "cost_time": "10.942055 s"
        },
        "circuit_features": {
            "num_qubits": 2,
            "num_gates": 13,
            "depth": 13,
            "program_communication": 1.0,
            "critical_depth": 1.0,
            "entanglement_ratio": 0.23076923076923078,
            "parallelism": 0.0,
            "liveness": 0.6153846153846154,
            "min_qubit_frequency": 5.4583,
            "max_qubit_frequency": 5.4993,
            "avg_qubit_frequency": 5.4788,
            "min_readout_frequency": null,
            "max_readout_frequency": null,
            "avg_readout_frequency": null,
            "min_readoutError": 1.53,
            "max_readoutError": 2.92,
            "avg_readoutError": 2.225,
            "min_singleQubit_gate_error": 0.11,
            "max_singleQubit_gate_error": 0.28,
            "avg_singleQubit_gate_error": 0.195,
            "min_twoQubits_gate_error": 3.63,
            "max_twoQubits_gate_error": 3.63,
            "avg_twoQubits_gate_error": 3.6300000000000003,
            "min_t1": 28.7526,
            "max_t1": 29.6403,
            "avg_t1": 29.19645,
            "min_t2": 2.2676,
            "max_t2": 6.335,
            "avg_t2": 4.3012999999999995,
            "twoQubits_gate_error_accumulation": 10.89,
            "expected_fidelity": 0.8462124561752098,
            "idel_entropy": 0.320710672056375,
            "idle_rate": 0.5882352941176471,
            "qubit_frequency_dict": {
                "45": 5.4993,
                "39": 5.4583
            },
            "readout_frequency_dict": {
                "45": null,
                "39": null
            },
            "readoutError_dict": {
                "45": 1.53,
                "39": 2.92
            },
            "singleQubit_gate_error_dict": {
                "45": 0.11,
                "39": 0.28
            },
            "twoQubits_gate_error_dict": {
                "0": {
                    "twoQubits": [
                        39,
                        45
                    ],
                    "cz_error": 3.63
                },
                "1": {
                    "twoQubits": [
                        39,
                        45
                    ],
                    "cz_error": 3.63
                },
                "2": {
                    "twoQubits": [
                        39,
                        45
                    ],
                    "cz_error": 3.63
                }
            },
            "t1_dict": {
                "45": 28.7526,
                "39": 29.6403
            },
            "t2_dict": {
                "45": 6.335,
                "39": 2.2676
            },
            "singleQubit_update_time": "2025-03-21 02:33:29",
            "readout_update_time": "2025-03-27 13:31:17",
            "twoQubitGate_update_time": "2025-03-27 10:55:07",
            "origin_circuit": "CZ Q1 Q0\nY2M Q0\nRZ Q0 -2.060021963934074\nY2P Q0\nCZ Q1 Q0\nRZ Q0 1.570796325\nX2P Q0\nRZ Q0 1.570796325\nX2M Q0\nCZ Q1 Q0\nRZ Q0 3.14159265\nY2P Q0\nRZ Q0 1.570796325\nM Q0\nM Q1",
            "layout": [
                45,
                39
            ],
            "transpiled_circit": "CZ Q39 Q45\nY2M Q45\nRZ Q45 -2.060021963934074\nY2P Q45\nCZ Q39 Q45\nRZ Q45 1.570796325\nX2P Q45\nRZ Q45 1.570796325\nX2M Q45\nCZ Q39 Q45\nRZ Q45 3.14159265\nY2P Q45\nRZ Q45 1.570796325\nM Q45\nM Q39"
        }
    }
}