{
    "transpiled_randomCircuit_2qubit_2": {
        "run_config": {
            "machine_time": "tianyan176-2",
            "repeat": 1,
            "shots": 8000,
            "layout": [
                39,
                46
            ],
            "layout_id": 118,
            "expected_fidelity": 0.8174102352796997,
            "real_fidelity": 0.9937573942944189,
            "begin_time": "2025-03-27 13:32:47",
            "end_time": "2025-03-27 13:32:58",
            "cost_time": "11.487971 s"
        },
        "circuit_features": {
            "num_qubits": 2,
            "num_gates": 13,
            "depth": 13,
            "program_communication": 1.0,
            "critical_depth": 1.0,
            "entanglement_ratio": 0.23076923076923078,
            "parallelism": 0.0,
            "liveness": 0.6153846153846154,
            "min_qubit_frequency": 5.0382,
            "max_qubit_frequency": 5.4583,
            "avg_qubit_frequency": 5.2482500000000005,
            "min_readout_frequency": null,
            "max_readout_frequency": null,
            "avg_readout_frequency": null,
            "min_readoutError": 2.92,
            "max_readoutError": 7.6,
            "avg_readoutError": 5.26,
            "min_singleQubit_gate_error": 0.14,
            "max_singleQubit_gate_error": 0.28,
            "avg_singleQubit_gate_error": 0.21000000000000002,
            "min_twoQubits_gate_error": 2.14,
            "max_twoQubits_gate_error": 2.14,
            "avg_twoQubits_gate_error": 2.14,
            "min_t1": 22.2597,
            "max_t1": 29.6403,
            "avg_t1": 25.95,
            "min_t2": 1.9999,
            "max_t2": 2.2676,
            "avg_t2": 2.13375,
            "twoQubits_gate_error_accumulation": 6.42,
            "expected_fidelity": 0.8174102352796997,
            "idel_entropy": 0.320710672056375,
            "idle_rate": 0.5882352941176471,
            "qubit_frequency_dict": {
                "39": 5.4583,
                "46": 5.0382
            },
            "readout_frequency_dict": {
                "39": null,
                "46": null
            },
            "readoutError_dict": {
                "39": 2.92,
                "46": 7.6
            },
            "singleQubit_gate_error_dict": {
                "39": 0.28,
                "46": 0.14
            },
            "twoQubits_gate_error_dict": {
                "0": {
                    "twoQubits": [
                        46,
                        39
                    ],
                    "cz_error": 2.14
                },
                "1": {
                    "twoQubits": [
                        46,
                        39
                    ],
                    "cz_error": 2.14
                },
                "2": {
                    "twoQubits": [
                        46,
                        39
                    ],
                    "cz_error": 2.14
                }
            },
            "t1_dict": {
                "39": 29.6403,
                "46": 22.2597
            },
            "t2_dict": {
                "39": 2.2676,
                "46": 1.9999
            },
            "singleQubit_update_time": "2025-03-21 02:33:29",
            "readout_update_time": "2025-03-27 13:31:17",
            "twoQubitGate_update_time": "2025-03-27 10:55:07",
            "origin_circuit": "CZ Q1 Q0\nY2M Q0\nRZ Q0 -2.060021963934074\nY2P Q0\nCZ Q1 Q0\nRZ Q0 1.570796325\nX2P Q0\nRZ Q0 1.570796325\nX2M Q0\nCZ Q1 Q0\nRZ Q0 3.14159265\nY2P Q0\nRZ Q0 1.570796325\nM Q0\nM Q1",
            "layout": [
                39,
                46
            ],
            "transpiled_circit": "CZ Q46 Q39\nY2M Q39\nRZ Q39 -2.060021963934074\nY2P Q39\nCZ Q46 Q39\nRZ Q39 1.570796325\nX2P Q39\nRZ Q39 1.570796325\nX2M Q39\nCZ Q46 Q39\nRZ Q39 3.14159265\nY2P Q39\nRZ Q39 1.570796325\nM Q39\nM Q46"
        }
    }
}