{
    "transpiled_randomCircuit_2qubit_2": {
        "run_config": {
            "machine_time": "tianyan176-2",
            "repeat": 1,
            "shots": 8000,
            "layout": [
                9,
                14
            ],
            "layout_id": 0,
            "expected_fidelity": 0.8395329927777249,
            "real_fidelity": 0.9983379544611986,
            "begin_time": "2025-03-27 13:04:31",
            "end_time": "2025-03-27 13:04:43",
            "cost_time": "11.450216 s"
        },
        "circuit_features": {
            "num_qubits": 2,
            "num_gates": 13,
            "depth": 13,
            "program_communication": 1.0,
            "critical_depth": 1.0,
            "entanglement_ratio": 0.23076923076923078,
            "parallelism": 0.0,
            "liveness": 0.6153846153846154,
            "min_qubit_frequency": 5.1692,
            "max_qubit_frequency": 5.4505,
            "avg_qubit_frequency": 5.30985,
            "min_readout_frequency": null,
            "max_readout_frequency": null,
            "avg_readout_frequency": null,
            "min_readoutError": 2.04,
            "max_readoutError": 7.71,
            "avg_readoutError": 4.875,
            "min_singleQubit_gate_error": 0.11,
            "max_singleQubit_gate_error": 0.98,
            "avg_singleQubit_gate_error": 0.545,
            "min_twoQubits_gate_error": 2.08,
            "max_twoQubits_gate_error": 2.08,
            "avg_twoQubits_gate_error": 2.08,
            "min_t1": 24.4302,
            "max_t1": 27.6064,
            "avg_t1": 26.0183,
            "min_t2": 2.2101,
            "max_t2": 3.6913,
            "avg_t2": 2.9507000000000003,
            "twoQubits_gate_error_accumulation": 6.24,
            "expected_fidelity": 0.8395329927777249,
            "idel_entropy": 0.320710672056375,
            "idle_rate": 0.5882352941176471,
            "qubit_frequency_dict": {
                "9": 5.1692,
                "14": 5.4505
            },
            "readout_frequency_dict": {
                "9": null,
                "14": null
            },
            "readoutError_dict": {
                "9": 2.04,
                "14": 7.71
            },
            "singleQubit_gate_error_dict": {
                "9": 0.11,
                "14": 0.98
            },
            "twoQubits_gate_error_dict": {
                "0": {
                    "twoQubits": [
                        14,
                        9
                    ],
                    "cz_error": 2.08
                },
                "1": {
                    "twoQubits": [
                        14,
                        9
                    ],
                    "cz_error": 2.08
                },
                "2": {
                    "twoQubits": [
                        14,
                        9
                    ],
                    "cz_error": 2.08
                }
            },
            "t1_dict": {
                "9": 27.6064,
                "14": 24.4302
            },
            "t2_dict": {
                "9": 2.2101,
                "14": 3.6913
            },
            "singleQubit_update_time": "2025-03-21 02:33:29",
            "readout_update_time": "2025-03-27 13:01:17",
            "twoQubitGate_update_time": "2025-03-27 10:55:07",
            "origin_circuit": "CZ Q1 Q0\nY2M Q0\nRZ Q0 -2.060021963934074\nY2P Q0\nCZ Q1 Q0\nRZ Q0 1.570796325\nX2P Q0\nRZ Q0 1.570796325\nX2M Q0\nCZ Q1 Q0\nRZ Q0 3.14159265\nY2P Q0\nRZ Q0 1.570796325\nM Q0\nM Q1",
            "layout": [
                9,
                14
            ],
            "transpiled_circit": "CZ Q14 Q9\nY2M Q9\nRZ Q9 -2.060021963934074\nY2P Q9\nCZ Q14 Q9\nRZ Q9 1.570796325\nX2P Q9\nRZ Q9 1.570796325\nX2M Q9\nCZ Q14 Q9\nRZ Q9 3.14159265\nY2P Q9\nRZ Q9 1.570796325\nM Q9\nM Q14"
        }
    }
}