{
    "transpiled_randomCircuit_2qubit_2": {
        "run_config": {
            "machine_time": "tianyan176-2",
            "repeat": 1,
            "shots": 8000,
            "layout": [
                50,
                44
            ],
            "layout_id": 156,
            "expected_fidelity": 0.941989166489556,
            "real_fidelity": 0.9859605834713322,
            "begin_time": "2025-03-27 13:40:24",
            "end_time": "2025-03-27 13:40:35",
            "cost_time": "11.008394 s"
        },
        "circuit_features": {
            "num_qubits": 2,
            "num_gates": 13,
            "depth": 13,
            "program_communication": 1.0,
            "critical_depth": 1.0,
            "entanglement_ratio": 0.23076923076923078,
            "parallelism": 0.0,
            "liveness": 0.6153846153846154,
            "min_qubit_frequency": 5.4592,
            "max_qubit_frequency": 5.5512,
            "avg_qubit_frequency": 5.5052,
            "min_readout_frequency": null,
            "max_readout_frequency": null,
            "avg_readout_frequency": null,
            "min_readoutError": 0.77,
            "max_readoutError": 1.36,
            "avg_readoutError": 1.065,
            "min_singleQubit_gate_error": 0.1,
            "max_singleQubit_gate_error": 0.16,
            "avg_singleQubit_gate_error": 0.13,
            "min_twoQubits_gate_error": 0.94,
            "max_twoQubits_gate_error": 0.94,
            "avg_twoQubits_gate_error": 0.94,
            "min_t1": 19.2536,
            "max_t1": 23.4787,
            "avg_t1": 21.366149999999998,
            "min_t2": 3.5204,
            "max_t2": 5.403,
            "avg_t2": 4.4616999999999996,
            "twoQubits_gate_error_accumulation": 2.82,
            "expected_fidelity": 0.941989166489556,
            "idel_entropy": 0.320710672056375,
            "idle_rate": 0.5882352941176471,
            "qubit_frequency_dict": {
                "50": 5.5512,
                "44": 5.4592
            },
            "readout_frequency_dict": {
                "50": null,
                "44": null
            },
            "readoutError_dict": {
                "50": 0.77,
                "44": 1.36
            },
            "singleQubit_gate_error_dict": {
                "50": 0.1,
                "44": 0.16
            },
            "twoQubits_gate_error_dict": {
                "0": {
                    "twoQubits": [
                        44,
                        50
                    ],
                    "cz_error": 0.94
                },
                "1": {
                    "twoQubits": [
                        44,
                        50
                    ],
                    "cz_error": 0.94
                },
                "2": {
                    "twoQubits": [
                        44,
                        50
                    ],
                    "cz_error": 0.94
                }
            },
            "t1_dict": {
                "50": 19.2536,
                "44": 23.4787
            },
            "t2_dict": {
                "50": 5.403,
                "44": 3.5204
            },
            "singleQubit_update_time": "2025-03-21 02:33:29",
            "readout_update_time": "2025-03-27 13:31:17",
            "twoQubitGate_update_time": "2025-03-27 10:55:07",
            "origin_circuit": "CZ Q1 Q0\nY2M Q0\nRZ Q0 -2.060021963934074\nY2P Q0\nCZ Q1 Q0\nRZ Q0 1.570796325\nX2P Q0\nRZ Q0 1.570796325\nX2M Q0\nCZ Q1 Q0\nRZ Q0 3.14159265\nY2P Q0\nRZ Q0 1.570796325\nM Q0\nM Q1",
            "layout": [
                50,
                44
            ],
            "transpiled_circit": "CZ Q44 Q50\nY2M Q50\nRZ Q50 -2.060021963934074\nY2P Q50\nCZ Q44 Q50\nRZ Q50 1.570796325\nX2P Q50\nRZ Q50 1.570796325\nX2M Q50\nCZ Q44 Q50\nRZ Q50 3.14159265\nY2P Q50\nRZ Q50 1.570796325\nM Q50\nM Q44"
        }
    }
}