{
    "transpiled_randomCircuit_2qubit_2": {
        "run_config": {
            "machine_time": "tianyan176-2",
            "repeat": 1,
            "shots": 8000,
            "layout": [
                54,
                60
            ],
            "layout_id": 181,
            "expected_fidelity": 0.6962498626485261,
            "real_fidelity": 0.7824841350748958,
            "begin_time": "2025-03-27 13:45:34",
            "end_time": "2025-03-27 13:45:45",
            "cost_time": "11.205598 s"
        },
        "circuit_features": {
            "num_qubits": 2,
            "num_gates": 13,
            "depth": 13,
            "program_communication": 1.0,
            "critical_depth": 1.0,
            "entanglement_ratio": 0.23076923076923078,
            "parallelism": 0.0,
            "liveness": 0.6153846153846154,
            "min_qubit_frequency": 5.058,
            "max_qubit_frequency": 5.3503,
            "avg_qubit_frequency": 5.20415,
            "min_readout_frequency": null,
            "max_readout_frequency": null,
            "avg_readout_frequency": null,
            "min_readoutError": 1.68,
            "max_readoutError": 24.92,
            "avg_readoutError": 13.3,
            "min_singleQubit_gate_error": 0.18,
            "max_singleQubit_gate_error": 0.33,
            "avg_singleQubit_gate_error": 0.255,
            "min_twoQubits_gate_error": 1.34,
            "max_twoQubits_gate_error": 1.34,
            "avg_twoQubits_gate_error": 1.34,
            "min_t1": 22.0289,
            "max_t1": 28.7803,
            "avg_t1": 25.404600000000002,
            "min_t2": 1.0635,
            "max_t2": 4.3417,
            "avg_t2": 2.7026000000000003,
            "twoQubits_gate_error_accumulation": 4.0200000000000005,
            "expected_fidelity": 0.6962498626485261,
            "idel_entropy": 0.320710672056375,
            "idle_rate": 0.5882352941176471,
            "qubit_frequency_dict": {
                "54": 5.3503,
                "60": 5.058
            },
            "readout_frequency_dict": {
                "54": null,
                "60": null
            },
            "readoutError_dict": {
                "54": 1.68,
                "60": 24.92
            },
            "singleQubit_gate_error_dict": {
                "54": 0.18,
                "60": 0.33
            },
            "twoQubits_gate_error_dict": {
                "0": {
                    "twoQubits": [
                        60,
                        54
                    ],
                    "cz_error": 1.34
                },
                "1": {
                    "twoQubits": [
                        60,
                        54
                    ],
                    "cz_error": 1.34
                },
                "2": {
                    "twoQubits": [
                        60,
                        54
                    ],
                    "cz_error": 1.34
                }
            },
            "t1_dict": {
                "54": 28.7803,
                "60": 22.0289
            },
            "t2_dict": {
                "54": 4.3417,
                "60": 1.0635
            },
            "singleQubit_update_time": "2025-03-21 02:33:29",
            "readout_update_time": "2025-03-27 13:31:17",
            "twoQubitGate_update_time": "2025-03-27 10:55:07",
            "origin_circuit": "CZ Q1 Q0\nY2M Q0\nRZ Q0 -2.060021963934074\nY2P Q0\nCZ Q1 Q0\nRZ Q0 1.570796325\nX2P Q0\nRZ Q0 1.570796325\nX2M Q0\nCZ Q1 Q0\nRZ Q0 3.14159265\nY2P Q0\nRZ Q0 1.570796325\nM Q0\nM Q1",
            "layout": [
                54,
                60
            ],
            "transpiled_circit": "CZ Q60 Q54\nY2M Q54\nRZ Q54 -2.060021963934074\nY2P Q54\nCZ Q60 Q54\nRZ Q54 1.570796325\nX2P Q54\nRZ Q54 1.570796325\nX2M Q54\nCZ Q60 Q54\nRZ Q54 3.14159265\nY2P Q54\nRZ Q54 1.570796325\nM Q54\nM Q60"
        }
    }
}