{
    "transpiled_randomCircuit_2qubit_2": {
        "run_config": {
            "machine_time": "tianyan176-2",
            "repeat": 1,
            "shots": 8000,
            "layout": [
                8,
                13
            ],
            "layout_id": 26,
            "expected_fidelity": 0.8968940400454943,
            "real_fidelity": 0.9924666353737807,
            "begin_time": "2025-03-27 13:11:13",
            "end_time": "2025-03-27 13:11:24",
            "cost_time": "11.387836 s"
        },
        "circuit_features": {
            "num_qubits": 2,
            "num_gates": 13,
            "depth": 13,
            "program_communication": 1.0,
            "critical_depth": 1.0,
            "entanglement_ratio": 0.23076923076923078,
            "parallelism": 0.0,
            "liveness": 0.6153846153846154,
            "min_qubit_frequency": 5.1915,
            "max_qubit_frequency": 5.5705,
            "avg_qubit_frequency": 5.381,
            "min_readout_frequency": null,
            "max_readout_frequency": null,
            "avg_readout_frequency": null,
            "min_readoutError": 1.29,
            "max_readoutError": 3.8,
            "avg_readoutError": 2.545,
            "min_singleQubit_gate_error": 0.12,
            "max_singleQubit_gate_error": 0.16,
            "avg_singleQubit_gate_error": 0.14,
            "min_twoQubits_gate_error": 1.36,
            "max_twoQubits_gate_error": 1.36,
            "avg_twoQubits_gate_error": 1.36,
            "min_t1": 21.194,
            "max_t1": 22.2184,
            "avg_t1": 21.7062,
            "min_t2": 2.2364,
            "max_t2": 4.4089,
            "avg_t2": 3.3226500000000003,
            "twoQubits_gate_error_accumulation": 4.08,
            "expected_fidelity": 0.8968940400454943,
            "idel_entropy": 0.320710672056375,
            "idle_rate": 0.5882352941176471,
            "qubit_frequency_dict": {
                "8": 5.5705,
                "13": 5.1915
            },
            "readout_frequency_dict": {
                "8": null,
                "13": null
            },
            "readoutError_dict": {
                "8": 1.29,
                "13": 3.8
            },
            "singleQubit_gate_error_dict": {
                "8": 0.16,
                "13": 0.12
            },
            "twoQubits_gate_error_dict": {
                "0": {
                    "twoQubits": [
                        13,
                        8
                    ],
                    "cz_error": 1.36
                },
                "1": {
                    "twoQubits": [
                        13,
                        8
                    ],
                    "cz_error": 1.36
                },
                "2": {
                    "twoQubits": [
                        13,
                        8
                    ],
                    "cz_error": 1.36
                }
            },
            "t1_dict": {
                "8": 21.194,
                "13": 22.2184
            },
            "t2_dict": {
                "8": 4.4089,
                "13": 2.2364
            },
            "singleQubit_update_time": "2025-03-21 02:33:29",
            "readout_update_time": "2025-03-27 13:01:17",
            "twoQubitGate_update_time": "2025-03-27 10:55:07",
            "origin_circuit": "CZ Q1 Q0\nY2M Q0\nRZ Q0 -2.060021963934074\nY2P Q0\nCZ Q1 Q0\nRZ Q0 1.570796325\nX2P Q0\nRZ Q0 1.570796325\nX2M Q0\nCZ Q1 Q0\nRZ Q0 3.14159265\nY2P Q0\nRZ Q0 1.570796325\nM Q0\nM Q1",
            "layout": [
                8,
                13
            ],
            "transpiled_circit": "CZ Q13 Q8\nY2M Q8\nRZ Q8 -2.060021963934074\nY2P Q8\nCZ Q13 Q8\nRZ Q8 1.570796325\nX2P Q8\nRZ Q8 1.570796325\nX2M Q8\nCZ Q13 Q8\nRZ Q8 3.14159265\nY2P Q8\nRZ Q8 1.570796325\nM Q8\nM Q13"
        }
    }
}