{
    "transpiled_randomCircuit_2qubit_2": {
        "run_config": {
            "machine_time": "tianyan176-2",
            "repeat": 1,
            "shots": 8000,
            "layout": [
                12,
                18
            ],
            "layout_id": 109,
            "expected_fidelity": 0.8045782043855472,
            "real_fidelity": 0.9873928637042392,
            "begin_time": "2025-03-27 13:29:25",
            "end_time": "2025-03-27 13:29:36",
            "cost_time": "11.43585 s"
        },
        "circuit_features": {
            "num_qubits": 2,
            "num_gates": 13,
            "depth": 13,
            "program_communication": 1.0,
            "critical_depth": 1.0,
            "entanglement_ratio": 0.23076923076923078,
            "parallelism": 0.0,
            "liveness": 0.6153846153846154,
            "min_qubit_frequency": 5.2753,
            "max_qubit_frequency": 5.5417,
            "avg_qubit_frequency": 5.4085,
            "min_readout_frequency": null,
            "max_readout_frequency": null,
            "avg_readout_frequency": null,
            "min_readoutError": 2.47,
            "max_readoutError": 2.81,
            "avg_readoutError": 2.64,
            "min_singleQubit_gate_error": 0.51,
            "max_singleQubit_gate_error": 0.6,
            "avg_singleQubit_gate_error": 0.5549999999999999,
            "min_twoQubits_gate_error": 3.69,
            "max_twoQubits_gate_error": 3.69,
            "avg_twoQubits_gate_error": 3.69,
            "min_t1": 13.3829,
            "max_t1": 34.8112,
            "avg_t1": 24.09705,
            "min_t2": 1.3775,
            "max_t2": 3.2493,
            "avg_t2": 2.3133999999999997,
            "twoQubits_gate_error_accumulation": 11.07,
            "expected_fidelity": 0.8045782043855472,
            "idel_entropy": 0.320710672056375,
            "idle_rate": 0.5882352941176471,
            "qubit_frequency_dict": {
                "12": 5.5417,
                "18": 5.2753
            },
            "readout_frequency_dict": {
                "12": null,
                "18": null
            },
            "readoutError_dict": {
                "12": 2.47,
                "18": 2.81
            },
            "singleQubit_gate_error_dict": {
                "12": 0.51,
                "18": 0.6
            },
            "twoQubits_gate_error_dict": {
                "0": {
                    "twoQubits": [
                        18,
                        12
                    ],
                    "cz_error": 3.69
                },
                "1": {
                    "twoQubits": [
                        18,
                        12
                    ],
                    "cz_error": 3.69
                },
                "2": {
                    "twoQubits": [
                        18,
                        12
                    ],
                    "cz_error": 3.69
                }
            },
            "t1_dict": {
                "12": 13.3829,
                "18": 34.8112
            },
            "t2_dict": {
                "12": 3.2493,
                "18": 1.3775
            },
            "singleQubit_update_time": "2025-03-21 02:33:29",
            "readout_update_time": "2025-03-27 13:01:17",
            "twoQubitGate_update_time": "2025-03-27 10:55:07",
            "origin_circuit": "CZ Q1 Q0\nY2M Q0\nRZ Q0 -2.060021963934074\nY2P Q0\nCZ Q1 Q0\nRZ Q0 1.570796325\nX2P Q0\nRZ Q0 1.570796325\nX2M Q0\nCZ Q1 Q0\nRZ Q0 3.14159265\nY2P Q0\nRZ Q0 1.570796325\nM Q0\nM Q1",
            "layout": [
                12,
                18
            ],
            "transpiled_circit": "CZ Q18 Q12\nY2M Q12\nRZ Q12 -2.060021963934074\nY2P Q12\nCZ Q18 Q12\nRZ Q12 1.570796325\nX2P Q12\nRZ Q12 1.570796325\nX2M Q12\nCZ Q18 Q12\nRZ Q12 3.14159265\nY2P Q12\nRZ Q12 1.570796325\nM Q12\nM Q18"
        }
    }
}