{
    "transpiled_randomCircuit_2qubit_2": {
        "run_config": {
            "machine_time": "tianyan176-2",
            "repeat": 1,
            "shots": 8000,
            "layout": [
                10,
                4
            ],
            "layout_id": 19,
            "expected_fidelity": 0.8937198595837078,
            "real_fidelity": 0.9807581611449951,
            "begin_time": "2025-03-27 13:09:42",
            "end_time": "2025-03-27 13:09:56",
            "cost_time": "13.460462 s"
        },
        "circuit_features": {
            "num_qubits": 2,
            "num_gates": 13,
            "depth": 13,
            "program_communication": 1.0,
            "critical_depth": 1.0,
            "entanglement_ratio": 0.23076923076923078,
            "parallelism": 0.0,
            "liveness": 0.6153846153846154,
            "min_qubit_frequency": 5.4411,
            "max_qubit_frequency": 5.5939,
            "avg_qubit_frequency": 5.5175,
            "min_readout_frequency": null,
            "max_readout_frequency": null,
            "avg_readout_frequency": null,
            "min_readoutError": 2.32,
            "max_readoutError": 3.8,
            "avg_readoutError": 3.0599999999999996,
            "min_singleQubit_gate_error": 0.12,
            "max_singleQubit_gate_error": 0.23,
            "avg_singleQubit_gate_error": 0.175,
            "min_twoQubits_gate_error": 0.9,
            "max_twoQubits_gate_error": 0.9,
            "avg_twoQubits_gate_error": 0.9,
            "min_t1": 13.582,
            "max_t1": 37.0857,
            "avg_t1": 25.33385,
            "min_t2": 4.3793,
            "max_t2": 5.0056,
            "avg_t2": 4.69245,
            "twoQubits_gate_error_accumulation": 2.7,
            "expected_fidelity": 0.8937198595837078,
            "idel_entropy": 0.320710672056375,
            "idle_rate": 0.5882352941176471,
            "qubit_frequency_dict": {
                "10": 5.4411,
                "4": 5.5939
            },
            "readout_frequency_dict": {
                "10": null,
                "4": null
            },
            "readoutError_dict": {
                "10": 3.8,
                "4": 2.32
            },
            "singleQubit_gate_error_dict": {
                "10": 0.23,
                "4": 0.12
            },
            "twoQubits_gate_error_dict": {
                "0": {
                    "twoQubits": [
                        4,
                        10
                    ],
                    "cz_error": 0.9
                },
                "1": {
                    "twoQubits": [
                        4,
                        10
                    ],
                    "cz_error": 0.9
                },
                "2": {
                    "twoQubits": [
                        4,
                        10
                    ],
                    "cz_error": 0.9
                }
            },
            "t1_dict": {
                "10": 13.582,
                "4": 37.0857
            },
            "t2_dict": {
                "10": 5.0056,
                "4": 4.3793
            },
            "singleQubit_update_time": "2025-03-21 02:33:29",
            "readout_update_time": "2025-03-27 13:01:17",
            "twoQubitGate_update_time": "2025-03-27 10:55:07",
            "origin_circuit": "CZ Q1 Q0\nY2M Q0\nRZ Q0 -2.060021963934074\nY2P Q0\nCZ Q1 Q0\nRZ Q0 1.570796325\nX2P Q0\nRZ Q0 1.570796325\nX2M Q0\nCZ Q1 Q0\nRZ Q0 3.14159265\nY2P Q0\nRZ Q0 1.570796325\nM Q0\nM Q1",
            "layout": [
                10,
                4
            ],
            "transpiled_circit": "CZ Q4 Q10\nY2M Q10\nRZ Q10 -2.060021963934074\nY2P Q10\nCZ Q4 Q10\nRZ Q10 1.570796325\nX2P Q10\nRZ Q10 1.570796325\nX2M Q10\nCZ Q4 Q10\nRZ Q10 3.14159265\nY2P Q10\nRZ Q10 1.570796325\nM Q10\nM Q4"
        }
    }
}