{
    "transpiled_randomCircuit_2qubit_2": {
        "run_config": {
            "machine_time": "tianyan176-2",
            "repeat": 1,
            "shots": 8000,
            "layout": [
                13,
                20
            ],
            "layout_id": 36,
            "expected_fidelity": 0.9093747841149956,
            "real_fidelity": 0.9930229532749288,
            "begin_time": "2025-03-27 13:13:57",
            "end_time": "2025-03-27 13:14:08",
            "cost_time": "11.139519 s"
        },
        "circuit_features": {
            "num_qubits": 2,
            "num_gates": 13,
            "depth": 13,
            "program_communication": 1.0,
            "critical_depth": 1.0,
            "entanglement_ratio": 0.23076923076923078,
            "parallelism": 0.0,
            "liveness": 0.6153846153846154,
            "min_qubit_frequency": 5.1915,
            "max_qubit_frequency": 5.3375,
            "avg_qubit_frequency": 5.2645,
            "min_readout_frequency": null,
            "max_readout_frequency": null,
            "avg_readout_frequency": null,
            "min_readoutError": 1.4,
            "max_readoutError": 3.8,
            "avg_readoutError": 2.5999999999999996,
            "min_singleQubit_gate_error": 0.12,
            "max_singleQubit_gate_error": 0.15,
            "avg_singleQubit_gate_error": 0.135,
            "min_twoQubits_gate_error": 1.0,
            "max_twoQubits_gate_error": 1.0,
            "avg_twoQubits_gate_error": 1.0,
            "min_t1": 22.2184,
            "max_t1": 25.2821,
            "avg_t1": 23.75025,
            "min_t2": 2.2364,
            "max_t2": 3.3763,
            "avg_t2": 2.80635,
            "twoQubits_gate_error_accumulation": 3.0,
            "expected_fidelity": 0.9093747841149956,
            "idel_entropy": 0.320710672056375,
            "idle_rate": 0.5882352941176471,
            "qubit_frequency_dict": {
                "13": 5.1915,
                "20": 5.3375
            },
            "readout_frequency_dict": {
                "13": null,
                "20": null
            },
            "readoutError_dict": {
                "13": 3.8,
                "20": 1.4
            },
            "singleQubit_gate_error_dict": {
                "13": 0.12,
                "20": 0.15
            },
            "twoQubits_gate_error_dict": {
                "0": {
                    "twoQubits": [
                        20,
                        13
                    ],
                    "cz_error": 1.0
                },
                "1": {
                    "twoQubits": [
                        20,
                        13
                    ],
                    "cz_error": 1.0
                },
                "2": {
                    "twoQubits": [
                        20,
                        13
                    ],
                    "cz_error": 1.0
                }
            },
            "t1_dict": {
                "13": 22.2184,
                "20": 25.2821
            },
            "t2_dict": {
                "13": 2.2364,
                "20": 3.3763
            },
            "singleQubit_update_time": "2025-03-21 02:33:29",
            "readout_update_time": "2025-03-27 13:01:17",
            "twoQubitGate_update_time": "2025-03-27 10:55:07",
            "origin_circuit": "CZ Q1 Q0\nY2M Q0\nRZ Q0 -2.060021963934074\nY2P Q0\nCZ Q1 Q0\nRZ Q0 1.570796325\nX2P Q0\nRZ Q0 1.570796325\nX2M Q0\nCZ Q1 Q0\nRZ Q0 3.14159265\nY2P Q0\nRZ Q0 1.570796325\nM Q0\nM Q1",
            "layout": [
                13,
                20
            ],
            "transpiled_circit": "CZ Q20 Q13\nY2M Q13\nRZ Q13 -2.060021963934074\nY2P Q13\nCZ Q20 Q13\nRZ Q13 1.570796325\nX2P Q13\nRZ Q13 1.570796325\nX2M Q13\nCZ Q20 Q13\nRZ Q13 3.14159265\nY2P Q13\nRZ Q13 1.570796325\nM Q13\nM Q20"
        }
    }
}