{
    "transpiled_randomCircuit_2qubit_2": {
        "run_config": {
            "machine_time": "tianyan176-2",
            "repeat": 1,
            "shots": 8000,
            "layout": [
                44,
                49
            ],
            "layout_id": 129,
            "expected_fidelity": 0.9117297028132417,
            "real_fidelity": 0.996872767797077,
            "begin_time": "2025-03-27 13:34:53",
            "end_time": "2025-03-27 13:35:04",
            "cost_time": "11.323324 s"
        },
        "circuit_features": {
            "num_qubits": 2,
            "num_gates": 13,
            "depth": 13,
            "program_communication": 1.0,
            "critical_depth": 1.0,
            "entanglement_ratio": 0.23076923076923078,
            "parallelism": 0.0,
            "liveness": 0.6153846153846154,
            "min_qubit_frequency": 5.4592,
            "max_qubit_frequency": 5.74,
            "avg_qubit_frequency": 5.599600000000001,
            "min_readout_frequency": null,
            "max_readout_frequency": null,
            "avg_readout_frequency": null,
            "min_readoutError": 1.36,
            "max_readoutError": 2.05,
            "avg_readoutError": 1.705,
            "min_singleQubit_gate_error": 0.16,
            "max_singleQubit_gate_error": 0.26,
            "avg_singleQubit_gate_error": 0.21000000000000002,
            "min_twoQubits_gate_error": 1.39,
            "max_twoQubits_gate_error": 1.39,
            "avg_twoQubits_gate_error": 1.39,
            "min_t1": 6.0438,
            "max_t1": 23.4787,
            "avg_t1": 14.76125,
            "min_t2": 3.5204,
            "max_t2": 3.5214,
            "avg_t2": 3.5209,
            "twoQubits_gate_error_accumulation": 4.17,
            "expected_fidelity": 0.9117297028132417,
            "idel_entropy": 0.320710672056375,
            "idle_rate": 0.5882352941176471,
            "qubit_frequency_dict": {
                "44": 5.4592,
                "49": 5.74
            },
            "readout_frequency_dict": {
                "44": null,
                "49": null
            },
            "readoutError_dict": {
                "44": 1.36,
                "49": 2.05
            },
            "singleQubit_gate_error_dict": {
                "44": 0.16,
                "49": 0.26
            },
            "twoQubits_gate_error_dict": {
                "0": {
                    "twoQubits": [
                        49,
                        44
                    ],
                    "cz_error": 1.39
                },
                "1": {
                    "twoQubits": [
                        49,
                        44
                    ],
                    "cz_error": 1.39
                },
                "2": {
                    "twoQubits": [
                        49,
                        44
                    ],
                    "cz_error": 1.39
                }
            },
            "t1_dict": {
                "44": 23.4787,
                "49": 6.0438
            },
            "t2_dict": {
                "44": 3.5204,
                "49": 3.5214
            },
            "singleQubit_update_time": "2025-03-21 02:33:29",
            "readout_update_time": "2025-03-27 13:31:17",
            "twoQubitGate_update_time": "2025-03-27 10:55:07",
            "origin_circuit": "CZ Q1 Q0\nY2M Q0\nRZ Q0 -2.060021963934074\nY2P Q0\nCZ Q1 Q0\nRZ Q0 1.570796325\nX2P Q0\nRZ Q0 1.570796325\nX2M Q0\nCZ Q1 Q0\nRZ Q0 3.14159265\nY2P Q0\nRZ Q0 1.570796325\nM Q0\nM Q1",
            "layout": [
                44,
                49
            ],
            "transpiled_circit": "CZ Q49 Q44\nY2M Q44\nRZ Q44 -2.060021963934074\nY2P Q44\nCZ Q49 Q44\nRZ Q44 1.570796325\nX2P Q44\nRZ Q44 1.570796325\nX2M Q44\nCZ Q49 Q44\nRZ Q44 3.14159265\nY2P Q44\nRZ Q44 1.570796325\nM Q44\nM Q49"
        }
    }
}