{
    "transpiled_randomCircuit_2qubit_2": {
        "run_config": {
            "machine_time": "tianyan176-2",
            "repeat": 1,
            "shots": 8000,
            "layout": [
                41,
                35
            ],
            "layout_id": 119,
            "expected_fidelity": 0.7791554587789994,
            "real_fidelity": 0.990928438475607,
            "begin_time": "2025-03-27 13:32:58",
            "end_time": "2025-03-27 13:33:10",
            "cost_time": "11.540197 s"
        },
        "circuit_features": {
            "num_qubits": 2,
            "num_gates": 13,
            "depth": 13,
            "program_communication": 1.0,
            "critical_depth": 1.0,
            "entanglement_ratio": 0.23076923076923078,
            "parallelism": 0.0,
            "liveness": 0.6153846153846154,
            "min_qubit_frequency": 5.3315,
            "max_qubit_frequency": 5.624,
            "avg_qubit_frequency": 5.47775,
            "min_readout_frequency": null,
            "max_readout_frequency": null,
            "avg_readout_frequency": null,
            "min_readoutError": 4.8,
            "max_readoutError": 8.93,
            "avg_readoutError": 6.865,
            "min_singleQubit_gate_error": 0.08,
            "max_singleQubit_gate_error": 0.22,
            "avg_singleQubit_gate_error": 0.15,
            "min_twoQubits_gate_error": 3.24,
            "max_twoQubits_gate_error": 3.24,
            "avg_twoQubits_gate_error": 3.24,
            "min_t1": 6.5598,
            "max_t1": 43.9429,
            "avg_t1": 25.251350000000002,
            "min_t2": 4.1847,
            "max_t2": 4.6886,
            "avg_t2": 4.43665,
            "twoQubits_gate_error_accumulation": 9.72,
            "expected_fidelity": 0.7791554587789994,
            "idel_entropy": 0.320710672056375,
            "idle_rate": 0.5882352941176471,
            "qubit_frequency_dict": {
                "41": 5.3315,
                "35": 5.624
            },
            "readout_frequency_dict": {
                "41": null,
                "35": null
            },
            "readoutError_dict": {
                "41": 4.8,
                "35": 8.93
            },
            "singleQubit_gate_error_dict": {
                "41": 0.08,
                "35": 0.22
            },
            "twoQubits_gate_error_dict": {
                "0": {
                    "twoQubits": [
                        35,
                        41
                    ],
                    "cz_error": 3.24
                },
                "1": {
                    "twoQubits": [
                        35,
                        41
                    ],
                    "cz_error": 3.24
                },
                "2": {
                    "twoQubits": [
                        35,
                        41
                    ],
                    "cz_error": 3.24
                }
            },
            "t1_dict": {
                "41": 43.9429,
                "35": 6.5598
            },
            "t2_dict": {
                "41": 4.6886,
                "35": 4.1847
            },
            "singleQubit_update_time": "2025-03-21 02:33:29",
            "readout_update_time": "2025-03-27 13:31:17",
            "twoQubitGate_update_time": "2025-03-27 10:55:07",
            "origin_circuit": "CZ Q1 Q0\nY2M Q0\nRZ Q0 -2.060021963934074\nY2P Q0\nCZ Q1 Q0\nRZ Q0 1.570796325\nX2P Q0\nRZ Q0 1.570796325\nX2M Q0\nCZ Q1 Q0\nRZ Q0 3.14159265\nY2P Q0\nRZ Q0 1.570796325\nM Q0\nM Q1",
            "layout": [
                41,
                35
            ],
            "transpiled_circit": "CZ Q35 Q41\nY2M Q41\nRZ Q41 -2.060021963934074\nY2P Q41\nCZ Q35 Q41\nRZ Q41 1.570796325\nX2P Q41\nRZ Q41 1.570796325\nX2M Q41\nCZ Q35 Q41\nRZ Q41 3.14159265\nY2P Q41\nRZ Q41 1.570796325\nM Q41\nM Q35"
        }
    }
}