{
    "transpiled_randomCircuit_2qubit_2": {
        "run_config": {
            "machine_time": "tianyan176-2",
            "repeat": 1,
            "shots": 8000,
            "layout": [
                50,
                45
            ],
            "layout_id": 157,
            "expected_fidelity": 0.9429311155698539,
            "real_fidelity": 0.9887363912843159,
            "begin_time": "2025-03-27 13:40:35",
            "end_time": "2025-03-27 13:40:48",
            "cost_time": "13.175019 s"
        },
        "circuit_features": {
            "num_qubits": 2,
            "num_gates": 13,
            "depth": 13,
            "program_communication": 1.0,
            "critical_depth": 1.0,
            "entanglement_ratio": 0.23076923076923078,
            "parallelism": 0.0,
            "liveness": 0.6153846153846154,
            "min_qubit_frequency": 5.4993,
            "max_qubit_frequency": 5.5512,
            "avg_qubit_frequency": 5.52525,
            "min_readout_frequency": null,
            "max_readout_frequency": null,
            "avg_readout_frequency": null,
            "min_readoutError": 0.77,
            "max_readoutError": 1.53,
            "avg_readoutError": 1.15,
            "min_singleQubit_gate_error": 0.1,
            "max_singleQubit_gate_error": 0.11,
            "avg_singleQubit_gate_error": 0.10500000000000001,
            "min_twoQubits_gate_error": 0.85,
            "max_twoQubits_gate_error": 0.85,
            "avg_twoQubits_gate_error": 0.85,
            "min_t1": 19.2536,
            "max_t1": 28.7526,
            "avg_t1": 24.0031,
            "min_t2": 5.403,
            "max_t2": 6.335,
            "avg_t2": 5.869,
            "twoQubits_gate_error_accumulation": 2.55,
            "expected_fidelity": 0.9429311155698539,
            "idel_entropy": 0.320710672056375,
            "idle_rate": 0.5882352941176471,
            "qubit_frequency_dict": {
                "50": 5.5512,
                "45": 5.4993
            },
            "readout_frequency_dict": {
                "50": null,
                "45": null
            },
            "readoutError_dict": {
                "50": 0.77,
                "45": 1.53
            },
            "singleQubit_gate_error_dict": {
                "50": 0.1,
                "45": 0.11
            },
            "twoQubits_gate_error_dict": {
                "0": {
                    "twoQubits": [
                        45,
                        50
                    ],
                    "cz_error": 0.85
                },
                "1": {
                    "twoQubits": [
                        45,
                        50
                    ],
                    "cz_error": 0.85
                },
                "2": {
                    "twoQubits": [
                        45,
                        50
                    ],
                    "cz_error": 0.85
                }
            },
            "t1_dict": {
                "50": 19.2536,
                "45": 28.7526
            },
            "t2_dict": {
                "50": 5.403,
                "45": 6.335
            },
            "singleQubit_update_time": "2025-03-21 02:33:29",
            "readout_update_time": "2025-03-27 13:31:17",
            "twoQubitGate_update_time": "2025-03-27 10:55:07",
            "origin_circuit": "CZ Q1 Q0\nY2M Q0\nRZ Q0 -2.060021963934074\nY2P Q0\nCZ Q1 Q0\nRZ Q0 1.570796325\nX2P Q0\nRZ Q0 1.570796325\nX2M Q0\nCZ Q1 Q0\nRZ Q0 3.14159265\nY2P Q0\nRZ Q0 1.570796325\nM Q0\nM Q1",
            "layout": [
                50,
                45
            ],
            "transpiled_circit": "CZ Q45 Q50\nY2M Q50\nRZ Q50 -2.060021963934074\nY2P Q50\nCZ Q45 Q50\nRZ Q50 1.570796325\nX2P Q50\nRZ Q50 1.570796325\nX2M Q50\nCZ Q45 Q50\nRZ Q50 3.14159265\nY2P Q50\nRZ Q50 1.570796325\nM Q50\nM Q45"
        }
    }
}