{
    "transpiled_randomCircuit_2qubit_2": {
        "run_config": {
            "machine_time": "tianyan176-2",
            "repeat": 1,
            "shots": 8000,
            "layout": [
                21,
                27
            ],
            "layout_id": 23,
            "expected_fidelity": 0.9091691050690401,
            "real_fidelity": 0.9975805013962425,
            "begin_time": "2025-03-27 13:10:34",
            "end_time": "2025-03-27 13:10:45",
            "cost_time": "11.250319 s"
        },
        "circuit_features": {
            "num_qubits": 2,
            "num_gates": 13,
            "depth": 13,
            "program_communication": 1.0,
            "critical_depth": 1.0,
            "entanglement_ratio": 0.23076923076923078,
            "parallelism": 0.0,
            "liveness": 0.6153846153846154,
            "min_qubit_frequency": 5.1414,
            "max_qubit_frequency": 5.3514,
            "avg_qubit_frequency": 5.2463999999999995,
            "min_readout_frequency": null,
            "max_readout_frequency": null,
            "avg_readout_frequency": null,
            "min_readoutError": 2.69,
            "max_readoutError": 2.73,
            "avg_readoutError": 2.71,
            "min_singleQubit_gate_error": 0.08,
            "max_singleQubit_gate_error": 0.18,
            "avg_singleQubit_gate_error": 0.13,
            "min_twoQubits_gate_error": 1.07,
            "max_twoQubits_gate_error": 1.07,
            "avg_twoQubits_gate_error": 1.07,
            "min_t1": 24.4534,
            "max_t1": 42.5285,
            "avg_t1": 33.49095,
            "min_t2": 2.5943,
            "max_t2": 3.1575,
            "avg_t2": 2.8759,
            "twoQubits_gate_error_accumulation": 3.21,
            "expected_fidelity": 0.9091691050690401,
            "idel_entropy": 0.320710672056375,
            "idle_rate": 0.5882352941176471,
            "qubit_frequency_dict": {
                "21": 5.1414,
                "27": 5.3514
            },
            "readout_frequency_dict": {
                "21": null,
                "27": null
            },
            "readoutError_dict": {
                "21": 2.73,
                "27": 2.69
            },
            "singleQubit_gate_error_dict": {
                "21": 0.08,
                "27": 0.18
            },
            "twoQubits_gate_error_dict": {
                "0": {
                    "twoQubits": [
                        27,
                        21
                    ],
                    "cz_error": 1.07
                },
                "1": {
                    "twoQubits": [
                        27,
                        21
                    ],
                    "cz_error": 1.07
                },
                "2": {
                    "twoQubits": [
                        27,
                        21
                    ],
                    "cz_error": 1.07
                }
            },
            "t1_dict": {
                "21": 42.5285,
                "27": 24.4534
            },
            "t2_dict": {
                "21": 2.5943,
                "27": 3.1575
            },
            "singleQubit_update_time": "2025-03-21 02:33:29",
            "readout_update_time": "2025-03-27 13:01:17",
            "twoQubitGate_update_time": "2025-03-27 10:55:07",
            "origin_circuit": "CZ Q1 Q0\nY2M Q0\nRZ Q0 -2.060021963934074\nY2P Q0\nCZ Q1 Q0\nRZ Q0 1.570796325\nX2P Q0\nRZ Q0 1.570796325\nX2M Q0\nCZ Q1 Q0\nRZ Q0 3.14159265\nY2P Q0\nRZ Q0 1.570796325\nM Q0\nM Q1",
            "layout": [
                21,
                27
            ],
            "transpiled_circit": "CZ Q27 Q21\nY2M Q21\nRZ Q21 -2.060021963934074\nY2P Q21\nCZ Q27 Q21\nRZ Q21 1.570796325\nX2P Q21\nRZ Q21 1.570796325\nX2M Q21\nCZ Q27 Q21\nRZ Q21 3.14159265\nY2P Q21\nRZ Q21 1.570796325\nM Q21\nM Q27"
        }
    }
}