{
    "transpiled_randomCircuit_2qubit_2": {
        "run_config": {
            "machine_time": "tianyan176-2",
            "repeat": 1,
            "shots": 8000,
            "layout": [
                0,
                7
            ],
            "layout_id": 121,
            "expected_fidelity": 0.8846346871080816,
            "real_fidelity": 0.9802307432103057,
            "begin_time": "2025-03-27 13:33:22",
            "end_time": "2025-03-27 13:33:33",
            "cost_time": "10.944211 s"
        },
        "circuit_features": {
            "num_qubits": 2,
            "num_gates": 13,
            "depth": 13,
            "program_communication": 1.0,
            "critical_depth": 1.0,
            "entanglement_ratio": 0.23076923076923078,
            "parallelism": 0.0,
            "liveness": 0.6153846153846154,
            "min_qubit_frequency": 5.2499,
            "max_qubit_frequency": 5.4014,
            "avg_qubit_frequency": 5.3256499999999996,
            "min_readout_frequency": null,
            "max_readout_frequency": null,
            "avg_readout_frequency": null,
            "min_readoutError": 2.12,
            "max_readoutError": 2.68,
            "avg_readoutError": 2.4000000000000004,
            "min_singleQubit_gate_error": 0.14,
            "max_singleQubit_gate_error": 0.21,
            "avg_singleQubit_gate_error": 0.175,
            "min_twoQubits_gate_error": 1.75,
            "max_twoQubits_gate_error": 1.75,
            "avg_twoQubits_gate_error": 1.75,
            "min_t1": 5.9124,
            "max_t1": 24.8103,
            "avg_t1": 15.361350000000002,
            "min_t2": 2.4795,
            "max_t2": 2.6129,
            "avg_t2": 2.5462,
            "twoQubits_gate_error_accumulation": 5.25,
            "expected_fidelity": 0.8846346871080816,
            "idel_entropy": 0.320710672056375,
            "idle_rate": 0.5882352941176471,
            "qubit_frequency_dict": {
                "0": 5.4014,
                "7": 5.2499
            },
            "readout_frequency_dict": {
                "0": null,
                "7": null
            },
            "readoutError_dict": {
                "0": 2.68,
                "7": 2.12
            },
            "singleQubit_gate_error_dict": {
                "0": 0.21,
                "7": 0.14
            },
            "twoQubits_gate_error_dict": {
                "0": {
                    "twoQubits": [
                        7,
                        0
                    ],
                    "cz_error": 1.75
                },
                "1": {
                    "twoQubits": [
                        7,
                        0
                    ],
                    "cz_error": 1.75
                },
                "2": {
                    "twoQubits": [
                        7,
                        0
                    ],
                    "cz_error": 1.75
                }
            },
            "t1_dict": {
                "0": 5.9124,
                "7": 24.8103
            },
            "t2_dict": {
                "0": 2.4795,
                "7": 2.6129
            },
            "singleQubit_update_time": "2025-03-21 02:33:29",
            "readout_update_time": "2025-03-27 13:31:17",
            "twoQubitGate_update_time": "2025-03-27 10:55:07",
            "origin_circuit": "CZ Q1 Q0\nY2M Q0\nRZ Q0 -2.060021963934074\nY2P Q0\nCZ Q1 Q0\nRZ Q0 1.570796325\nX2P Q0\nRZ Q0 1.570796325\nX2M Q0\nCZ Q1 Q0\nRZ Q0 3.14159265\nY2P Q0\nRZ Q0 1.570796325\nM Q0\nM Q1",
            "layout": [
                0,
                7
            ],
            "transpiled_circit": "CZ Q7 Q0\nY2M Q0\nRZ Q0 -2.060021963934074\nY2P Q0\nCZ Q7 Q0\nRZ Q0 1.570796325\nX2P Q0\nRZ Q0 1.570796325\nX2M Q0\nCZ Q7 Q0\nRZ Q0 3.14159265\nY2P Q0\nRZ Q0 1.570796325\nM Q0\nM Q7"
        }
    }
}