{
    "transpiled_randomCircuit_2qubit_2": {
        "run_config": {
            "machine_time": "tianyan176-2",
            "repeat": 1,
            "shots": 8000,
            "layout": [
                39,
                33
            ],
            "layout_id": 116,
            "expected_fidelity": 0.6963365188951448,
            "real_fidelity": 0.9894504622616003,
            "begin_time": "2025-03-27 13:32:23",
            "end_time": "2025-03-27 13:32:34",
            "cost_time": "11.456991 s"
        },
        "circuit_features": {
            "num_qubits": 2,
            "num_gates": 13,
            "depth": 13,
            "program_communication": 1.0,
            "critical_depth": 1.0,
            "entanglement_ratio": 0.23076923076923078,
            "parallelism": 0.0,
            "liveness": 0.6153846153846154,
            "min_qubit_frequency": 4.9919,
            "max_qubit_frequency": 5.4583,
            "avg_qubit_frequency": 5.2251,
            "min_readout_frequency": null,
            "max_readout_frequency": null,
            "avg_readout_frequency": null,
            "min_readoutError": 2.92,
            "max_readoutError": 9.84,
            "avg_readoutError": 6.38,
            "min_singleQubit_gate_error": 0.13,
            "max_singleQubit_gate_error": 0.28,
            "avg_singleQubit_gate_error": 0.20500000000000002,
            "min_twoQubits_gate_error": 6.47,
            "max_twoQubits_gate_error": 6.47,
            "avg_twoQubits_gate_error": 6.47,
            "min_t1": 20.6299,
            "max_t1": 29.6403,
            "avg_t1": 25.1351,
            "min_t2": 1.6169,
            "max_t2": 2.2676,
            "avg_t2": 1.94225,
            "twoQubits_gate_error_accumulation": 19.41,
            "expected_fidelity": 0.6963365188951448,
            "idel_entropy": 0.320710672056375,
            "idle_rate": 0.5882352941176471,
            "qubit_frequency_dict": {
                "39": 5.4583,
                "33": 4.9919
            },
            "readout_frequency_dict": {
                "39": null,
                "33": null
            },
            "readoutError_dict": {
                "39": 2.92,
                "33": 9.84
            },
            "singleQubit_gate_error_dict": {
                "39": 0.28,
                "33": 0.13
            },
            "twoQubits_gate_error_dict": {
                "0": {
                    "twoQubits": [
                        33,
                        39
                    ],
                    "cz_error": 6.47
                },
                "1": {
                    "twoQubits": [
                        33,
                        39
                    ],
                    "cz_error": 6.47
                },
                "2": {
                    "twoQubits": [
                        33,
                        39
                    ],
                    "cz_error": 6.47
                }
            },
            "t1_dict": {
                "39": 29.6403,
                "33": 20.6299
            },
            "t2_dict": {
                "39": 2.2676,
                "33": 1.6169
            },
            "singleQubit_update_time": "2025-03-21 02:33:29",
            "readout_update_time": "2025-03-27 13:31:17",
            "twoQubitGate_update_time": "2025-03-27 10:55:07",
            "origin_circuit": "CZ Q1 Q0\nY2M Q0\nRZ Q0 -2.060021963934074\nY2P Q0\nCZ Q1 Q0\nRZ Q0 1.570796325\nX2P Q0\nRZ Q0 1.570796325\nX2M Q0\nCZ Q1 Q0\nRZ Q0 3.14159265\nY2P Q0\nRZ Q0 1.570796325\nM Q0\nM Q1",
            "layout": [
                39,
                33
            ],
            "transpiled_circit": "CZ Q33 Q39\nY2M Q39\nRZ Q39 -2.060021963934074\nY2P Q39\nCZ Q33 Q39\nRZ Q39 1.570796325\nX2P Q39\nRZ Q39 1.570796325\nX2M Q39\nCZ Q33 Q39\nRZ Q39 3.14159265\nY2P Q39\nRZ Q39 1.570796325\nM Q39\nM Q33"
        }
    }
}