{
    "transpiled_randomCircuit_2qubit_2": {
        "run_config": {
            "machine_time": "tianyan176-2",
            "repeat": 1,
            "shots": 8000,
            "layout": [
                47,
                40
            ],
            "layout_id": 139,
            "expected_fidelity": 0.8870638663710817,
            "real_fidelity": 0.9959734596521267,
            "begin_time": "2025-03-27 13:36:57",
            "end_time": "2025-03-27 13:37:09",
            "cost_time": "12.001911 s"
        },
        "circuit_features": {
            "num_qubits": 2,
            "num_gates": 13,
            "depth": 13,
            "program_communication": 1.0,
            "critical_depth": 1.0,
            "entanglement_ratio": 0.23076923076923078,
            "parallelism": 0.0,
            "liveness": 0.6153846153846154,
            "min_qubit_frequency": 5.4419,
            "max_qubit_frequency": 5.4909,
            "avg_qubit_frequency": 5.4664,
            "min_readout_frequency": null,
            "max_readout_frequency": null,
            "avg_readout_frequency": null,
            "min_readoutError": 2.29,
            "max_readoutError": 2.93,
            "avg_readoutError": 2.6100000000000003,
            "min_singleQubit_gate_error": 0.15,
            "max_singleQubit_gate_error": 0.24,
            "avg_singleQubit_gate_error": 0.195,
            "min_twoQubits_gate_error": 1.42,
            "max_twoQubits_gate_error": 1.42,
            "avg_twoQubits_gate_error": 1.42,
            "min_t1": 12.1295,
            "max_t1": 15.3278,
            "avg_t1": 13.72865,
            "min_t2": 4.892,
            "max_t2": 6.2453,
            "avg_t2": 5.56865,
            "twoQubits_gate_error_accumulation": 4.26,
            "expected_fidelity": 0.8870638663710817,
            "idel_entropy": 0.320710672056375,
            "idle_rate": 0.5882352941176471,
            "qubit_frequency_dict": {
                "47": 5.4419,
                "40": 5.4909
            },
            "readout_frequency_dict": {
                "47": null,
                "40": null
            },
            "readoutError_dict": {
                "47": 2.93,
                "40": 2.29
            },
            "singleQubit_gate_error_dict": {
                "47": 0.24,
                "40": 0.15
            },
            "twoQubits_gate_error_dict": {
                "0": {
                    "twoQubits": [
                        40,
                        47
                    ],
                    "cz_error": 1.42
                },
                "1": {
                    "twoQubits": [
                        40,
                        47
                    ],
                    "cz_error": 1.42
                },
                "2": {
                    "twoQubits": [
                        40,
                        47
                    ],
                    "cz_error": 1.42
                }
            },
            "t1_dict": {
                "47": 12.1295,
                "40": 15.3278
            },
            "t2_dict": {
                "47": 6.2453,
                "40": 4.892
            },
            "singleQubit_update_time": "2025-03-21 02:33:29",
            "readout_update_time": "2025-03-27 13:31:17",
            "twoQubitGate_update_time": "2025-03-27 10:55:07",
            "origin_circuit": "CZ Q1 Q0\nY2M Q0\nRZ Q0 -2.060021963934074\nY2P Q0\nCZ Q1 Q0\nRZ Q0 1.570796325\nX2P Q0\nRZ Q0 1.570796325\nX2M Q0\nCZ Q1 Q0\nRZ Q0 3.14159265\nY2P Q0\nRZ Q0 1.570796325\nM Q0\nM Q1",
            "layout": [
                47,
                40
            ],
            "transpiled_circit": "CZ Q40 Q47\nY2M Q47\nRZ Q47 -2.060021963934074\nY2P Q47\nCZ Q40 Q47\nRZ Q47 1.570796325\nX2P Q47\nRZ Q47 1.570796325\nX2M Q47\nCZ Q40 Q47\nRZ Q47 3.14159265\nY2P Q47\nRZ Q47 1.570796325\nM Q47\nM Q40"
        }
    }
}