{
    "transpiled_randomCircuit_2qubit_2": {
        "run_config": {
            "machine_time": "tianyan176-2",
            "repeat": 1,
            "shots": 8000,
            "layout": [
                8,
                14
            ],
            "layout_id": 24,
            "expected_fidelity": 0.843800441645627,
            "real_fidelity": 0.9957132934737548,
            "begin_time": "2025-03-27 13:10:45",
            "end_time": "2025-03-27 13:10:59",
            "cost_time": "13.359189 s"
        },
        "circuit_features": {
            "num_qubits": 2,
            "num_gates": 13,
            "depth": 13,
            "program_communication": 1.0,
            "critical_depth": 1.0,
            "entanglement_ratio": 0.23076923076923078,
            "parallelism": 0.0,
            "liveness": 0.6153846153846154,
            "min_qubit_frequency": 5.4505,
            "max_qubit_frequency": 5.5705,
            "avg_qubit_frequency": 5.5105,
            "min_readout_frequency": null,
            "max_readout_frequency": null,
            "avg_readout_frequency": null,
            "min_readoutError": 1.29,
            "max_readoutError": 7.71,
            "avg_readoutError": 4.5,
            "min_singleQubit_gate_error": 0.16,
            "max_singleQubit_gate_error": 0.98,
            "avg_singleQubit_gate_error": 0.57,
            "min_twoQubits_gate_error": 2.0,
            "max_twoQubits_gate_error": 2.0,
            "avg_twoQubits_gate_error": 2.0,
            "min_t1": 21.194,
            "max_t1": 24.4302,
            "avg_t1": 22.8121,
            "min_t2": 3.6913,
            "max_t2": 4.4089,
            "avg_t2": 4.0501000000000005,
            "twoQubits_gate_error_accumulation": 6.0,
            "expected_fidelity": 0.843800441645627,
            "idel_entropy": 0.320710672056375,
            "idle_rate": 0.5882352941176471,
            "qubit_frequency_dict": {
                "8": 5.5705,
                "14": 5.4505
            },
            "readout_frequency_dict": {
                "8": null,
                "14": null
            },
            "readoutError_dict": {
                "8": 1.29,
                "14": 7.71
            },
            "singleQubit_gate_error_dict": {
                "8": 0.16,
                "14": 0.98
            },
            "twoQubits_gate_error_dict": {
                "0": {
                    "twoQubits": [
                        14,
                        8
                    ],
                    "cz_error": 2.0
                },
                "1": {
                    "twoQubits": [
                        14,
                        8
                    ],
                    "cz_error": 2.0
                },
                "2": {
                    "twoQubits": [
                        14,
                        8
                    ],
                    "cz_error": 2.0
                }
            },
            "t1_dict": {
                "8": 21.194,
                "14": 24.4302
            },
            "t2_dict": {
                "8": 4.4089,
                "14": 3.6913
            },
            "singleQubit_update_time": "2025-03-21 02:33:29",
            "readout_update_time": "2025-03-27 13:01:17",
            "twoQubitGate_update_time": "2025-03-27 10:55:07",
            "origin_circuit": "CZ Q1 Q0\nY2M Q0\nRZ Q0 -2.060021963934074\nY2P Q0\nCZ Q1 Q0\nRZ Q0 1.570796325\nX2P Q0\nRZ Q0 1.570796325\nX2M Q0\nCZ Q1 Q0\nRZ Q0 3.14159265\nY2P Q0\nRZ Q0 1.570796325\nM Q0\nM Q1",
            "layout": [
                8,
                14
            ],
            "transpiled_circit": "CZ Q14 Q8\nY2M Q8\nRZ Q8 -2.060021963934074\nY2P Q8\nCZ Q14 Q8\nRZ Q8 1.570796325\nX2P Q8\nRZ Q8 1.570796325\nX2M Q8\nCZ Q14 Q8\nRZ Q8 3.14159265\nY2P Q8\nRZ Q8 1.570796325\nM Q8\nM Q14"
        }
    }
}