{
    "transpiled_randomCircuit_2qubit_2": {
        "run_config": {
            "machine_time": "tianyan176-2",
            "repeat": 1,
            "shots": 8000,
            "layout": [
                10,
                15
            ],
            "layout_id": 16,
            "expected_fidelity": 0.8933300678688885,
            "real_fidelity": 0.9766943199921305,
            "begin_time": "2025-03-27 13:08:26",
            "end_time": "2025-03-27 13:08:37",
            "cost_time": "11.396822 s"
        },
        "circuit_features": {
            "num_qubits": 2,
            "num_gates": 13,
            "depth": 13,
            "program_communication": 1.0,
            "critical_depth": 1.0,
            "entanglement_ratio": 0.23076923076923078,
            "parallelism": 0.0,
            "liveness": 0.6153846153846154,
            "min_qubit_frequency": 5.4411,
            "max_qubit_frequency": 5.4961,
            "avg_qubit_frequency": 5.4686,
            "min_readout_frequency": null,
            "max_readout_frequency": null,
            "avg_readout_frequency": null,
            "min_readoutError": 0.93,
            "max_readoutError": 3.8,
            "avg_readoutError": 2.3649999999999998,
            "min_singleQubit_gate_error": 0.15,
            "max_singleQubit_gate_error": 0.23,
            "avg_singleQubit_gate_error": 0.19,
            "min_twoQubits_gate_error": 1.38,
            "max_twoQubits_gate_error": 1.38,
            "avg_twoQubits_gate_error": 1.38,
            "min_t1": 13.582,
            "max_t1": 29.7058,
            "avg_t1": 21.643900000000002,
            "min_t2": 5.0056,
            "max_t2": 5.2412,
            "avg_t2": 5.1234,
            "twoQubits_gate_error_accumulation": 4.14,
            "expected_fidelity": 0.8933300678688885,
            "idel_entropy": 0.320710672056375,
            "idle_rate": 0.5882352941176471,
            "qubit_frequency_dict": {
                "10": 5.4411,
                "15": 5.4961
            },
            "readout_frequency_dict": {
                "10": null,
                "15": null
            },
            "readoutError_dict": {
                "10": 3.8,
                "15": 0.93
            },
            "singleQubit_gate_error_dict": {
                "10": 0.23,
                "15": 0.15
            },
            "twoQubits_gate_error_dict": {
                "0": {
                    "twoQubits": [
                        15,
                        10
                    ],
                    "cz_error": 1.38
                },
                "1": {
                    "twoQubits": [
                        15,
                        10
                    ],
                    "cz_error": 1.38
                },
                "2": {
                    "twoQubits": [
                        15,
                        10
                    ],
                    "cz_error": 1.38
                }
            },
            "t1_dict": {
                "10": 13.582,
                "15": 29.7058
            },
            "t2_dict": {
                "10": 5.0056,
                "15": 5.2412
            },
            "singleQubit_update_time": "2025-03-21 02:33:29",
            "readout_update_time": "2025-03-27 13:01:17",
            "twoQubitGate_update_time": "2025-03-27 10:55:07",
            "origin_circuit": "CZ Q1 Q0\nY2M Q0\nRZ Q0 -2.060021963934074\nY2P Q0\nCZ Q1 Q0\nRZ Q0 1.570796325\nX2P Q0\nRZ Q0 1.570796325\nX2M Q0\nCZ Q1 Q0\nRZ Q0 3.14159265\nY2P Q0\nRZ Q0 1.570796325\nM Q0\nM Q1",
            "layout": [
                10,
                15
            ],
            "transpiled_circit": "CZ Q15 Q10\nY2M Q10\nRZ Q10 -2.060021963934074\nY2P Q10\nCZ Q15 Q10\nRZ Q10 1.570796325\nX2P Q10\nRZ Q10 1.570796325\nX2M Q10\nCZ Q15 Q10\nRZ Q10 3.14159265\nY2P Q10\nRZ Q10 1.570796325\nM Q10\nM Q15"
        }
    }
}