{
    "transpiled_randomCircuit_2qubit_2": {
        "run_config": {
            "machine_time": "tianyan176-2",
            "repeat": 1,
            "shots": 8000,
            "layout": [
                48,
                43
            ],
            "layout_id": 148,
            "expected_fidelity": 0.8413933227985076,
            "real_fidelity": 0.988895640744318,
            "begin_time": "2025-03-27 13:38:46",
            "end_time": "2025-03-27 13:38:59",
            "cost_time": "12.523925 s"
        },
        "circuit_features": {
            "num_qubits": 2,
            "num_gates": 13,
            "depth": 13,
            "program_communication": 1.0,
            "critical_depth": 1.0,
            "entanglement_ratio": 0.23076923076923078,
            "parallelism": 0.0,
            "liveness": 0.6153846153846154,
            "min_qubit_frequency": 5.1376,
            "max_qubit_frequency": 5.4413,
            "avg_qubit_frequency": 5.28945,
            "min_readout_frequency": null,
            "max_readout_frequency": null,
            "avg_readout_frequency": null,
            "min_readoutError": 1.6,
            "max_readoutError": 3.77,
            "avg_readoutError": 2.685,
            "min_singleQubit_gate_error": 0.13,
            "max_singleQubit_gate_error": 0.19,
            "avg_singleQubit_gate_error": 0.16,
            "min_twoQubits_gate_error": 3.25,
            "max_twoQubits_gate_error": 3.25,
            "avg_twoQubits_gate_error": 3.25,
            "min_t1": 21.3374,
            "max_t1": 32.6303,
            "avg_t1": 26.983849999999997,
            "min_t2": 2.0195,
            "max_t2": 2.4432,
            "avg_t2": 2.23135,
            "twoQubits_gate_error_accumulation": 9.75,
            "expected_fidelity": 0.8413933227985076,
            "idel_entropy": 0.320710672056375,
            "idle_rate": 0.5882352941176471,
            "qubit_frequency_dict": {
                "48": 5.1376,
                "43": 5.4413
            },
            "readout_frequency_dict": {
                "48": null,
                "43": null
            },
            "readoutError_dict": {
                "48": 3.77,
                "43": 1.6
            },
            "singleQubit_gate_error_dict": {
                "48": 0.19,
                "43": 0.13
            },
            "twoQubits_gate_error_dict": {
                "0": {
                    "twoQubits": [
                        43,
                        48
                    ],
                    "cz_error": 3.25
                },
                "1": {
                    "twoQubits": [
                        43,
                        48
                    ],
                    "cz_error": 3.25
                },
                "2": {
                    "twoQubits": [
                        43,
                        48
                    ],
                    "cz_error": 3.25
                }
            },
            "t1_dict": {
                "48": 21.3374,
                "43": 32.6303
            },
            "t2_dict": {
                "48": 2.0195,
                "43": 2.4432
            },
            "singleQubit_update_time": "2025-03-21 02:33:29",
            "readout_update_time": "2025-03-27 13:31:17",
            "twoQubitGate_update_time": "2025-03-27 10:55:07",
            "origin_circuit": "CZ Q1 Q0\nY2M Q0\nRZ Q0 -2.060021963934074\nY2P Q0\nCZ Q1 Q0\nRZ Q0 1.570796325\nX2P Q0\nRZ Q0 1.570796325\nX2M Q0\nCZ Q1 Q0\nRZ Q0 3.14159265\nY2P Q0\nRZ Q0 1.570796325\nM Q0\nM Q1",
            "layout": [
                48,
                43
            ],
            "transpiled_circit": "CZ Q43 Q48\nY2M Q48\nRZ Q48 -2.060021963934074\nY2P Q48\nCZ Q43 Q48\nRZ Q48 1.570796325\nX2P Q48\nRZ Q48 1.570796325\nX2M Q48\nCZ Q43 Q48\nRZ Q48 3.14159265\nY2P Q48\nRZ Q48 1.570796325\nM Q48\nM Q43"
        }
    }
}