{
    "transpiled_randomCircuit_2qubit_2": {
        "run_config": {
            "machine_time": "tianyan176-2",
            "repeat": 1,
            "shots": 8000,
            "layout": [
                36,
                31
            ],
            "layout_id": 112,
            "expected_fidelity": 0.8022194585274366,
            "real_fidelity": 0.9650747854161431,
            "begin_time": "2025-03-27 13:30:01",
            "end_time": "2025-03-27 13:31:45",
            "cost_time": "104.110647 s"
        },
        "circuit_features": {
            "num_qubits": 2,
            "num_gates": 13,
            "depth": 13,
            "program_communication": 1.0,
            "critical_depth": 1.0,
            "entanglement_ratio": 0.23076923076923078,
            "parallelism": 0.0,
            "liveness": 0.6153846153846154,
            "min_qubit_frequency": 5.4707,
            "max_qubit_frequency": 5.5121,
            "avg_qubit_frequency": 5.4914000000000005,
            "min_readout_frequency": null,
            "max_readout_frequency": null,
            "avg_readout_frequency": null,
            "min_readoutError": 2.11,
            "max_readoutError": 3.35,
            "avg_readoutError": 2.73,
            "min_singleQubit_gate_error": 0.16,
            "max_singleQubit_gate_error": 0.34,
            "avg_singleQubit_gate_error": 0.25,
            "min_twoQubits_gate_error": 4.27,
            "max_twoQubits_gate_error": 4.27,
            "avg_twoQubits_gate_error": 4.27,
            "min_t1": 13.5396,
            "max_t1": 15.0164,
            "avg_t1": 14.278,
            "min_t2": 3.1699,
            "max_t2": 5.3881,
            "avg_t2": 4.279,
            "twoQubits_gate_error_accumulation": 12.809999999999999,
            "expected_fidelity": 0.8022194585274366,
            "idel_entropy": 0.320710672056375,
            "idle_rate": 0.5882352941176471,
            "qubit_frequency_dict": {
                "36": 5.4707,
                "31": 5.5121
            },
            "readout_frequency_dict": {
                "36": null,
                "31": null
            },
            "readoutError_dict": {
                "36": 2.11,
                "31": 3.35
            },
            "singleQubit_gate_error_dict": {
                "36": 0.34,
                "31": 0.16
            },
            "twoQubits_gate_error_dict": {
                "0": {
                    "twoQubits": [
                        31,
                        36
                    ],
                    "cz_error": 4.27
                },
                "1": {
                    "twoQubits": [
                        31,
                        36
                    ],
                    "cz_error": 4.27
                },
                "2": {
                    "twoQubits": [
                        31,
                        36
                    ],
                    "cz_error": 4.27
                }
            },
            "t1_dict": {
                "36": 15.0164,
                "31": 13.5396
            },
            "t2_dict": {
                "36": 3.1699,
                "31": 5.3881
            },
            "singleQubit_update_time": "2025-03-21 02:33:29",
            "readout_update_time": "2025-03-27 13:01:17",
            "twoQubitGate_update_time": "2025-03-27 10:55:07",
            "origin_circuit": "CZ Q1 Q0\nY2M Q0\nRZ Q0 -2.060021963934074\nY2P Q0\nCZ Q1 Q0\nRZ Q0 1.570796325\nX2P Q0\nRZ Q0 1.570796325\nX2M Q0\nCZ Q1 Q0\nRZ Q0 3.14159265\nY2P Q0\nRZ Q0 1.570796325\nM Q0\nM Q1",
            "layout": [
                36,
                31
            ],
            "transpiled_circit": "CZ Q31 Q36\nY2M Q36\nRZ Q36 -2.060021963934074\nY2P Q36\nCZ Q31 Q36\nRZ Q36 1.570796325\nX2P Q36\nRZ Q36 1.570796325\nX2M Q36\nCZ Q31 Q36\nRZ Q36 3.14159265\nY2P Q36\nRZ Q36 1.570796325\nM Q36\nM Q31"
        }
    }
}