{
    "transpiled_randomCircuit_2qubit_2": {
        "run_config": {
            "machine_time": "tianyan176-2",
            "repeat": 1,
            "shots": 8000,
            "layout": [
                29,
                35
            ],
            "layout_id": 110,
            "expected_fidelity": 0.8259539768178122,
            "real_fidelity": 0.9899504011495072,
            "begin_time": "2025-03-27 13:29:37",
            "end_time": "2025-03-27 13:29:48",
            "cost_time": "11.430344 s"
        },
        "circuit_features": {
            "num_qubits": 2,
            "num_gates": 13,
            "depth": 13,
            "program_communication": 1.0,
            "critical_depth": 1.0,
            "entanglement_ratio": 0.23076923076923078,
            "parallelism": 0.0,
            "liveness": 0.6153846153846154,
            "min_qubit_frequency": 5.4057,
            "max_qubit_frequency": 5.624,
            "avg_qubit_frequency": 5.51485,
            "min_readout_frequency": null,
            "max_readout_frequency": null,
            "avg_readout_frequency": null,
            "min_readoutError": 2.4,
            "max_readoutError": 8.67,
            "avg_readoutError": 5.535,
            "min_singleQubit_gate_error": 0.22,
            "max_singleQubit_gate_error": 0.36,
            "avg_singleQubit_gate_error": 0.29,
            "min_twoQubits_gate_error": 1.33,
            "max_twoQubits_gate_error": 1.33,
            "avg_twoQubits_gate_error": 1.33,
            "min_t1": 6.5598,
            "max_t1": 15.5349,
            "avg_t1": 11.04735,
            "min_t2": 4.1847,
            "max_t2": 5.2353,
            "avg_t2": 4.71,
            "twoQubits_gate_error_accumulation": 3.99,
            "expected_fidelity": 0.8259539768178122,
            "idel_entropy": 0.320710672056375,
            "idle_rate": 0.5882352941176471,
            "qubit_frequency_dict": {
                "29": 5.4057,
                "35": 5.624
            },
            "readout_frequency_dict": {
                "29": null,
                "35": null
            },
            "readoutError_dict": {
                "29": 2.4,
                "35": 8.67
            },
            "singleQubit_gate_error_dict": {
                "29": 0.36,
                "35": 0.22
            },
            "twoQubits_gate_error_dict": {
                "0": {
                    "twoQubits": [
                        35,
                        29
                    ],
                    "cz_error": 1.33
                },
                "1": {
                    "twoQubits": [
                        35,
                        29
                    ],
                    "cz_error": 1.33
                },
                "2": {
                    "twoQubits": [
                        35,
                        29
                    ],
                    "cz_error": 1.33
                }
            },
            "t1_dict": {
                "29": 15.5349,
                "35": 6.5598
            },
            "t2_dict": {
                "29": 5.2353,
                "35": 4.1847
            },
            "singleQubit_update_time": "2025-03-21 02:33:29",
            "readout_update_time": "2025-03-27 13:01:17",
            "twoQubitGate_update_time": "2025-03-27 10:55:07",
            "origin_circuit": "CZ Q1 Q0\nY2M Q0\nRZ Q0 -2.060021963934074\nY2P Q0\nCZ Q1 Q0\nRZ Q0 1.570796325\nX2P Q0\nRZ Q0 1.570796325\nX2M Q0\nCZ Q1 Q0\nRZ Q0 3.14159265\nY2P Q0\nRZ Q0 1.570796325\nM Q0\nM Q1",
            "layout": [
                29,
                35
            ],
            "transpiled_circit": "CZ Q35 Q29\nY2M Q29\nRZ Q29 -2.060021963934074\nY2P Q29\nCZ Q35 Q29\nRZ Q29 1.570796325\nX2P Q29\nRZ Q29 1.570796325\nX2M Q29\nCZ Q35 Q29\nRZ Q29 3.14159265\nY2P Q29\nRZ Q29 1.570796325\nM Q29\nM Q35"
        }
    }
}