{
    "transpiled_randomCircuit_2qubit_2": {
        "run_config": {
            "machine_time": "tianyan176-2",
            "repeat": 1,
            "shots": 8000,
            "layout": [
                42,
                48
            ],
            "layout_id": 147,
            "expected_fidelity": 0.8733899300532174,
            "real_fidelity": 0.9906279058891148,
            "begin_time": "2025-03-27 13:38:35",
            "end_time": "2025-03-27 13:38:46",
            "cost_time": "10.81804 s"
        },
        "circuit_features": {
            "num_qubits": 2,
            "num_gates": 13,
            "depth": 13,
            "program_communication": 1.0,
            "critical_depth": 1.0,
            "entanglement_ratio": 0.23076923076923078,
            "parallelism": 0.0,
            "liveness": 0.6153846153846154,
            "min_qubit_frequency": 5.1376,
            "max_qubit_frequency": 5.3702,
            "avg_qubit_frequency": 5.2539,
            "min_readout_frequency": null,
            "max_readout_frequency": null,
            "avg_readout_frequency": null,
            "min_readoutError": 3.18,
            "max_readoutError": 3.77,
            "avg_readoutError": 3.475,
            "min_singleQubit_gate_error": 0.19,
            "max_singleQubit_gate_error": 0.32,
            "avg_singleQubit_gate_error": 0.255,
            "min_twoQubits_gate_error": 1.08,
            "max_twoQubits_gate_error": 1.08,
            "avg_twoQubits_gate_error": 1.08,
            "min_t1": 21.3374,
            "max_t1": 23.2062,
            "avg_t1": 22.2718,
            "min_t2": 2.0195,
            "max_t2": 4.9349,
            "avg_t2": 3.4772,
            "twoQubits_gate_error_accumulation": 3.24,
            "expected_fidelity": 0.8733899300532174,
            "idel_entropy": 0.320710672056375,
            "idle_rate": 0.5882352941176471,
            "qubit_frequency_dict": {
                "42": 5.3702,
                "48": 5.1376
            },
            "readout_frequency_dict": {
                "42": null,
                "48": null
            },
            "readoutError_dict": {
                "42": 3.18,
                "48": 3.77
            },
            "singleQubit_gate_error_dict": {
                "42": 0.32,
                "48": 0.19
            },
            "twoQubits_gate_error_dict": {
                "0": {
                    "twoQubits": [
                        48,
                        42
                    ],
                    "cz_error": 1.08
                },
                "1": {
                    "twoQubits": [
                        48,
                        42
                    ],
                    "cz_error": 1.08
                },
                "2": {
                    "twoQubits": [
                        48,
                        42
                    ],
                    "cz_error": 1.08
                }
            },
            "t1_dict": {
                "42": 23.2062,
                "48": 21.3374
            },
            "t2_dict": {
                "42": 4.9349,
                "48": 2.0195
            },
            "singleQubit_update_time": "2025-03-21 02:33:29",
            "readout_update_time": "2025-03-27 13:31:17",
            "twoQubitGate_update_time": "2025-03-27 10:55:07",
            "origin_circuit": "CZ Q1 Q0\nY2M Q0\nRZ Q0 -2.060021963934074\nY2P Q0\nCZ Q1 Q0\nRZ Q0 1.570796325\nX2P Q0\nRZ Q0 1.570796325\nX2M Q0\nCZ Q1 Q0\nRZ Q0 3.14159265\nY2P Q0\nRZ Q0 1.570796325\nM Q0\nM Q1",
            "layout": [
                42,
                48
            ],
            "transpiled_circit": "CZ Q48 Q42\nY2M Q42\nRZ Q42 -2.060021963934074\nY2P Q42\nCZ Q48 Q42\nRZ Q42 1.570796325\nX2P Q42\nRZ Q42 1.570796325\nX2M Q42\nCZ Q48 Q42\nRZ Q42 3.14159265\nY2P Q42\nRZ Q42 1.570796325\nM Q42\nM Q48"
        }
    }
}