{
    "transpiled_randomCircuit_2qubit_2": {
        "run_config": {
            "machine_time": "tianyan176-2",
            "repeat": 1,
            "shots": 8000,
            "layout": [
                10,
                16
            ],
            "layout_id": 18,
            "expected_fidelity": 0.8778019348127654,
            "real_fidelity": 0.9884946962816326,
            "begin_time": "2025-03-27 13:09:30",
            "end_time": "2025-03-27 13:09:42",
            "cost_time": "11.315027 s"
        },
        "circuit_features": {
            "num_qubits": 2,
            "num_gates": 13,
            "depth": 13,
            "program_communication": 1.0,
            "critical_depth": 1.0,
            "entanglement_ratio": 0.23076923076923078,
            "parallelism": 0.0,
            "liveness": 0.6153846153846154,
            "min_qubit_frequency": 5.1519,
            "max_qubit_frequency": 5.4411,
            "avg_qubit_frequency": 5.2965,
            "min_readout_frequency": null,
            "max_readout_frequency": null,
            "avg_readout_frequency": null,
            "min_readoutError": 3.33,
            "max_readoutError": 3.8,
            "avg_readoutError": 3.565,
            "min_singleQubit_gate_error": 0.15,
            "max_singleQubit_gate_error": 0.23,
            "avg_singleQubit_gate_error": 0.19,
            "min_twoQubits_gate_error": 1.15,
            "max_twoQubits_gate_error": 1.15,
            "avg_twoQubits_gate_error": 1.15,
            "min_t1": 13.582,
            "max_t1": 21.0104,
            "avg_t1": 17.2962,
            "min_t2": 1.9735,
            "max_t2": 5.0056,
            "avg_t2": 3.4895500000000004,
            "twoQubits_gate_error_accumulation": 3.4499999999999997,
            "expected_fidelity": 0.8778019348127654,
            "idel_entropy": 0.320710672056375,
            "idle_rate": 0.5882352941176471,
            "qubit_frequency_dict": {
                "10": 5.4411,
                "16": 5.1519
            },
            "readout_frequency_dict": {
                "10": null,
                "16": null
            },
            "readoutError_dict": {
                "10": 3.8,
                "16": 3.33
            },
            "singleQubit_gate_error_dict": {
                "10": 0.23,
                "16": 0.15
            },
            "twoQubits_gate_error_dict": {
                "0": {
                    "twoQubits": [
                        16,
                        10
                    ],
                    "cz_error": 1.15
                },
                "1": {
                    "twoQubits": [
                        16,
                        10
                    ],
                    "cz_error": 1.15
                },
                "2": {
                    "twoQubits": [
                        16,
                        10
                    ],
                    "cz_error": 1.15
                }
            },
            "t1_dict": {
                "10": 13.582,
                "16": 21.0104
            },
            "t2_dict": {
                "10": 5.0056,
                "16": 1.9735
            },
            "singleQubit_update_time": "2025-03-21 02:33:29",
            "readout_update_time": "2025-03-27 13:01:17",
            "twoQubitGate_update_time": "2025-03-27 10:55:07",
            "origin_circuit": "CZ Q1 Q0\nY2M Q0\nRZ Q0 -2.060021963934074\nY2P Q0\nCZ Q1 Q0\nRZ Q0 1.570796325\nX2P Q0\nRZ Q0 1.570796325\nX2M Q0\nCZ Q1 Q0\nRZ Q0 3.14159265\nY2P Q0\nRZ Q0 1.570796325\nM Q0\nM Q1",
            "layout": [
                10,
                16
            ],
            "transpiled_circit": "CZ Q16 Q10\nY2M Q10\nRZ Q10 -2.060021963934074\nY2P Q10\nCZ Q16 Q10\nRZ Q10 1.570796325\nX2P Q10\nRZ Q10 1.570796325\nX2M Q10\nCZ Q16 Q10\nRZ Q10 3.14159265\nY2P Q10\nRZ Q10 1.570796325\nM Q10\nM Q16"
        }
    }
}