{
    "transpiled_randomCircuit_2qubit_2": {
        "run_config": {
            "machine_time": "tianyan176-2",
            "repeat": 1,
            "shots": 8000,
            "layout": [
                40,
                46
            ],
            "layout_id": 105,
            "expected_fidelity": 0.8451857401328101,
            "real_fidelity": 0.9917104410523764,
            "begin_time": "2025-03-27 13:28:37",
            "end_time": "2025-03-27 13:28:49",
            "cost_time": "11.425752 s"
        },
        "circuit_features": {
            "num_qubits": 2,
            "num_gates": 13,
            "depth": 13,
            "program_communication": 1.0,
            "critical_depth": 1.0,
            "entanglement_ratio": 0.23076923076923078,
            "parallelism": 0.0,
            "liveness": 0.6153846153846154,
            "min_qubit_frequency": 5.0382,
            "max_qubit_frequency": 5.4909,
            "avg_qubit_frequency": 5.26455,
            "min_readout_frequency": null,
            "max_readout_frequency": null,
            "avg_readout_frequency": null,
            "min_readoutError": 2.43,
            "max_readoutError": 7.34,
            "avg_readoutError": 4.885,
            "min_singleQubit_gate_error": 0.14,
            "max_singleQubit_gate_error": 0.15,
            "avg_singleQubit_gate_error": 0.14500000000000002,
            "min_twoQubits_gate_error": 1.73,
            "max_twoQubits_gate_error": 1.73,
            "avg_twoQubits_gate_error": 1.7299999999999998,
            "min_t1": 15.3278,
            "max_t1": 22.2597,
            "avg_t1": 18.79375,
            "min_t2": 1.9999,
            "max_t2": 4.892,
            "avg_t2": 3.4459500000000003,
            "twoQubits_gate_error_accumulation": 5.1899999999999995,
            "expected_fidelity": 0.8451857401328101,
            "idel_entropy": 0.320710672056375,
            "idle_rate": 0.5882352941176471,
            "qubit_frequency_dict": {
                "40": 5.4909,
                "46": 5.0382
            },
            "readout_frequency_dict": {
                "40": null,
                "46": null
            },
            "readoutError_dict": {
                "40": 2.43,
                "46": 7.34
            },
            "singleQubit_gate_error_dict": {
                "40": 0.15,
                "46": 0.14
            },
            "twoQubits_gate_error_dict": {
                "0": {
                    "twoQubits": [
                        46,
                        40
                    ],
                    "cz_error": 1.73
                },
                "1": {
                    "twoQubits": [
                        46,
                        40
                    ],
                    "cz_error": 1.73
                },
                "2": {
                    "twoQubits": [
                        46,
                        40
                    ],
                    "cz_error": 1.73
                }
            },
            "t1_dict": {
                "40": 15.3278,
                "46": 22.2597
            },
            "t2_dict": {
                "40": 4.892,
                "46": 1.9999
            },
            "singleQubit_update_time": "2025-03-21 02:33:29",
            "readout_update_time": "2025-03-27 13:01:17",
            "twoQubitGate_update_time": "2025-03-27 10:55:07",
            "origin_circuit": "CZ Q1 Q0\nY2M Q0\nRZ Q0 -2.060021963934074\nY2P Q0\nCZ Q1 Q0\nRZ Q0 1.570796325\nX2P Q0\nRZ Q0 1.570796325\nX2M Q0\nCZ Q1 Q0\nRZ Q0 3.14159265\nY2P Q0\nRZ Q0 1.570796325\nM Q0\nM Q1",
            "layout": [
                40,
                46
            ],
            "transpiled_circit": "CZ Q46 Q40\nY2M Q40\nRZ Q40 -2.060021963934074\nY2P Q40\nCZ Q46 Q40\nRZ Q40 1.570796325\nX2P Q40\nRZ Q40 1.570796325\nX2M Q40\nCZ Q46 Q40\nRZ Q40 3.14159265\nY2P Q40\nRZ Q40 1.570796325\nM Q40\nM Q46"
        }
    }
}