{
    "transpiled_randomCircuit_2qubit_2": {
        "run_config": {
            "machine_time": "tianyan176-2",
            "repeat": 1,
            "shots": 8000,
            "layout": [
                9,
                15
            ],
            "layout_id": 1,
            "expected_fidelity": 0.9344659885854357,
            "real_fidelity": 0.9945558978122752,
            "begin_time": "2025-03-27 13:04:43",
            "end_time": "2025-03-27 13:05:36",
            "cost_time": "52.421621 s"
        },
        "circuit_features": {
            "num_qubits": 2,
            "num_gates": 13,
            "depth": 13,
            "program_communication": 1.0,
            "critical_depth": 1.0,
            "entanglement_ratio": 0.23076923076923078,
            "parallelism": 0.0,
            "liveness": 0.6153846153846154,
            "min_qubit_frequency": 5.1692,
            "max_qubit_frequency": 5.4961,
            "avg_qubit_frequency": 5.33265,
            "min_readout_frequency": null,
            "max_readout_frequency": null,
            "avg_readout_frequency": null,
            "min_readoutError": 0.93,
            "max_readoutError": 2.04,
            "avg_readoutError": 1.485,
            "min_singleQubit_gate_error": 0.11,
            "max_singleQubit_gate_error": 0.15,
            "avg_singleQubit_gate_error": 0.13,
            "min_twoQubits_gate_error": 0.89,
            "max_twoQubits_gate_error": 0.89,
            "avg_twoQubits_gate_error": 0.89,
            "min_t1": 27.6064,
            "max_t1": 29.7058,
            "avg_t1": 28.656100000000002,
            "min_t2": 2.2101,
            "max_t2": 5.2412,
            "avg_t2": 3.72565,
            "twoQubits_gate_error_accumulation": 2.67,
            "expected_fidelity": 0.9344659885854357,
            "idel_entropy": 0.320710672056375,
            "idle_rate": 0.5882352941176471,
            "qubit_frequency_dict": {
                "9": 5.1692,
                "15": 5.4961
            },
            "readout_frequency_dict": {
                "9": null,
                "15": null
            },
            "readoutError_dict": {
                "9": 2.04,
                "15": 0.93
            },
            "singleQubit_gate_error_dict": {
                "9": 0.11,
                "15": 0.15
            },
            "twoQubits_gate_error_dict": {
                "0": {
                    "twoQubits": [
                        15,
                        9
                    ],
                    "cz_error": 0.89
                },
                "1": {
                    "twoQubits": [
                        15,
                        9
                    ],
                    "cz_error": 0.89
                },
                "2": {
                    "twoQubits": [
                        15,
                        9
                    ],
                    "cz_error": 0.89
                }
            },
            "t1_dict": {
                "9": 27.6064,
                "15": 29.7058
            },
            "t2_dict": {
                "9": 2.2101,
                "15": 5.2412
            },
            "singleQubit_update_time": "2025-03-21 02:33:29",
            "readout_update_time": "2025-03-27 13:01:17",
            "twoQubitGate_update_time": "2025-03-27 10:55:07",
            "origin_circuit": "CZ Q1 Q0\nY2M Q0\nRZ Q0 -2.060021963934074\nY2P Q0\nCZ Q1 Q0\nRZ Q0 1.570796325\nX2P Q0\nRZ Q0 1.570796325\nX2M Q0\nCZ Q1 Q0\nRZ Q0 3.14159265\nY2P Q0\nRZ Q0 1.570796325\nM Q0\nM Q1",
            "layout": [
                9,
                15
            ],
            "transpiled_circit": "CZ Q15 Q9\nY2M Q9\nRZ Q9 -2.060021963934074\nY2P Q9\nCZ Q15 Q9\nRZ Q9 1.570796325\nX2P Q9\nRZ Q9 1.570796325\nX2M Q9\nCZ Q15 Q9\nRZ Q9 3.14159265\nY2P Q9\nRZ Q9 1.570796325\nM Q9\nM Q15"
        }
    }
}