{
    "transpiled_randomCircuit_2qubit_2": {
        "run_config": {
            "machine_time": "tianyan176-2",
            "repeat": 1,
            "shots": 8000,
            "layout": [
                22,
                28
            ],
            "layout_id": 34,
            "expected_fidelity": 0.724990449698223,
            "real_fidelity": 0.9741517458247148,
            "begin_time": "2025-03-27 13:13:34",
            "end_time": "2025-03-27 13:13:45",
            "cost_time": "11.099343 s"
        },
        "circuit_features": {
            "num_qubits": 2,
            "num_gates": 13,
            "depth": 13,
            "program_communication": 1.0,
            "critical_depth": 1.0,
            "entanglement_ratio": 0.23076923076923078,
            "parallelism": 0.0,
            "liveness": 0.6153846153846154,
            "min_qubit_frequency": 5.2429,
            "max_qubit_frequency": 5.4211,
            "avg_qubit_frequency": 5.332,
            "min_readout_frequency": null,
            "max_readout_frequency": null,
            "avg_readout_frequency": null,
            "min_readoutError": 3.74,
            "max_readoutError": 11.83,
            "avg_readoutError": 7.785,
            "min_singleQubit_gate_error": 0.12,
            "max_singleQubit_gate_error": 0.26,
            "avg_singleQubit_gate_error": 0.19,
            "min_twoQubits_gate_error": 4.29,
            "max_twoQubits_gate_error": 4.29,
            "avg_twoQubits_gate_error": 4.29,
            "min_t1": 9.7787,
            "max_t1": 39.9207,
            "avg_t1": 24.8497,
            "min_t2": 1.4092,
            "max_t2": 2.2739,
            "avg_t2": 1.8415499999999998,
            "twoQubits_gate_error_accumulation": 12.870000000000001,
            "expected_fidelity": 0.724990449698223,
            "idel_entropy": 0.320710672056375,
            "idle_rate": 0.5882352941176471,
            "qubit_frequency_dict": {
                "22": 5.4211,
                "28": 5.2429
            },
            "readout_frequency_dict": {
                "22": null,
                "28": null
            },
            "readoutError_dict": {
                "22": 3.74,
                "28": 11.83
            },
            "singleQubit_gate_error_dict": {
                "22": 0.26,
                "28": 0.12
            },
            "twoQubits_gate_error_dict": {
                "0": {
                    "twoQubits": [
                        28,
                        22
                    ],
                    "cz_error": 4.29
                },
                "1": {
                    "twoQubits": [
                        28,
                        22
                    ],
                    "cz_error": 4.29
                },
                "2": {
                    "twoQubits": [
                        28,
                        22
                    ],
                    "cz_error": 4.29
                }
            },
            "t1_dict": {
                "22": 9.7787,
                "28": 39.9207
            },
            "t2_dict": {
                "22": 1.4092,
                "28": 2.2739
            },
            "singleQubit_update_time": "2025-03-21 02:33:29",
            "readout_update_time": "2025-03-27 13:01:17",
            "twoQubitGate_update_time": "2025-03-27 10:55:07",
            "origin_circuit": "CZ Q1 Q0\nY2M Q0\nRZ Q0 -2.060021963934074\nY2P Q0\nCZ Q1 Q0\nRZ Q0 1.570796325\nX2P Q0\nRZ Q0 1.570796325\nX2M Q0\nCZ Q1 Q0\nRZ Q0 3.14159265\nY2P Q0\nRZ Q0 1.570796325\nM Q0\nM Q1",
            "layout": [
                22,
                28
            ],
            "transpiled_circit": "CZ Q28 Q22\nY2M Q22\nRZ Q22 -2.060021963934074\nY2P Q22\nCZ Q28 Q22\nRZ Q22 1.570796325\nX2P Q22\nRZ Q22 1.570796325\nX2M Q22\nCZ Q28 Q22\nRZ Q22 3.14159265\nY2P Q22\nRZ Q22 1.570796325\nM Q22\nM Q28"
        }
    }
}