{
    "transpiled_randomCircuit_2qubit_2": {
        "run_config": {
            "machine_time": "tianyan176-2",
            "repeat": 1,
            "shots": 8000,
            "layout": [
                51,
                58
            ],
            "layout_id": 163,
            "expected_fidelity": 0.9442255413869464,
            "real_fidelity": 0.9913914127831945,
            "begin_time": "2025-03-27 13:41:50",
            "end_time": "2025-03-27 13:42:01",
            "cost_time": "11.013491 s"
        },
        "circuit_features": {
            "num_qubits": 2,
            "num_gates": 13,
            "depth": 13,
            "program_communication": 1.0,
            "critical_depth": 1.0,
            "entanglement_ratio": 0.23076923076923078,
            "parallelism": 0.0,
            "liveness": 0.6153846153846154,
            "min_qubit_frequency": 5.3877,
            "max_qubit_frequency": 5.4556,
            "avg_qubit_frequency": 5.42165,
            "min_readout_frequency": null,
            "max_readout_frequency": null,
            "avg_readout_frequency": null,
            "min_readoutError": 1.02,
            "max_readoutError": 1.14,
            "avg_readoutError": 1.08,
            "min_singleQubit_gate_error": 0.17,
            "max_singleQubit_gate_error": 0.21,
            "avg_singleQubit_gate_error": 0.19,
            "min_twoQubits_gate_error": 0.62,
            "max_twoQubits_gate_error": 0.62,
            "avg_twoQubits_gate_error": 0.62,
            "min_t1": 12.8438,
            "max_t1": 28.9975,
            "avg_t1": 20.92065,
            "min_t2": 3.7232,
            "max_t2": 4.6743,
            "avg_t2": 4.1987499999999995,
            "twoQubits_gate_error_accumulation": 1.8599999999999999,
            "expected_fidelity": 0.9442255413869464,
            "idel_entropy": 0.320710672056375,
            "idle_rate": 0.5882352941176471,
            "qubit_frequency_dict": {
                "51": 5.3877,
                "58": 5.4556
            },
            "readout_frequency_dict": {
                "51": null,
                "58": null
            },
            "readoutError_dict": {
                "51": 1.02,
                "58": 1.14
            },
            "singleQubit_gate_error_dict": {
                "51": 0.17,
                "58": 0.21
            },
            "twoQubits_gate_error_dict": {
                "0": {
                    "twoQubits": [
                        58,
                        51
                    ],
                    "cz_error": 0.62
                },
                "1": {
                    "twoQubits": [
                        58,
                        51
                    ],
                    "cz_error": 0.62
                },
                "2": {
                    "twoQubits": [
                        58,
                        51
                    ],
                    "cz_error": 0.62
                }
            },
            "t1_dict": {
                "51": 28.9975,
                "58": 12.8438
            },
            "t2_dict": {
                "51": 3.7232,
                "58": 4.6743
            },
            "singleQubit_update_time": "2025-03-21 02:33:29",
            "readout_update_time": "2025-03-27 13:31:17",
            "twoQubitGate_update_time": "2025-03-27 10:55:07",
            "origin_circuit": "CZ Q1 Q0\nY2M Q0\nRZ Q0 -2.060021963934074\nY2P Q0\nCZ Q1 Q0\nRZ Q0 1.570796325\nX2P Q0\nRZ Q0 1.570796325\nX2M Q0\nCZ Q1 Q0\nRZ Q0 3.14159265\nY2P Q0\nRZ Q0 1.570796325\nM Q0\nM Q1",
            "layout": [
                51,
                58
            ],
            "transpiled_circit": "CZ Q58 Q51\nY2M Q51\nRZ Q51 -2.060021963934074\nY2P Q51\nCZ Q58 Q51\nRZ Q51 1.570796325\nX2P Q51\nRZ Q51 1.570796325\nX2M Q51\nCZ Q58 Q51\nRZ Q51 3.14159265\nY2P Q51\nRZ Q51 1.570796325\nM Q51\nM Q58"
        }
    }
}