{
    "transpiled_randomCircuit_2qubit_2": {
        "run_config": {
            "machine_time": "tianyan176-2",
            "repeat": 1,
            "shots": 8000,
            "layout": [
                2,
                8
            ],
            "layout_id": 13,
            "expected_fidelity": 0.8369626933461842,
            "real_fidelity": 0.9704912732130702,
            "begin_time": "2025-03-27 13:07:48",
            "end_time": "2025-03-27 13:07:59",
            "cost_time": "11.402273 s"
        },
        "circuit_features": {
            "num_qubits": 2,
            "num_gates": 13,
            "depth": 13,
            "program_communication": 1.0,
            "critical_depth": 1.0,
            "entanglement_ratio": 0.23076923076923078,
            "parallelism": 0.0,
            "liveness": 0.6153846153846154,
            "min_qubit_frequency": 5.2174,
            "max_qubit_frequency": 5.5705,
            "avg_qubit_frequency": 5.39395,
            "min_readout_frequency": null,
            "max_readout_frequency": null,
            "avg_readout_frequency": null,
            "min_readoutError": 1.29,
            "max_readoutError": 1.76,
            "avg_readoutError": 1.525,
            "min_singleQubit_gate_error": 0.16,
            "max_singleQubit_gate_error": 0.48,
            "avg_singleQubit_gate_error": 0.32,
            "min_twoQubits_gate_error": 3.25,
            "max_twoQubits_gate_error": 3.25,
            "avg_twoQubits_gate_error": 3.25,
            "min_t1": 21.194,
            "max_t1": 24.9775,
            "avg_t1": 23.085749999999997,
            "min_t2": 2.0827,
            "max_t2": 4.4089,
            "avg_t2": 3.2458,
            "twoQubits_gate_error_accumulation": 9.75,
            "expected_fidelity": 0.8369626933461842,
            "idel_entropy": 0.320710672056375,
            "idle_rate": 0.5882352941176471,
            "qubit_frequency_dict": {
                "2": 5.2174,
                "8": 5.5705
            },
            "readout_frequency_dict": {
                "2": null,
                "8": null
            },
            "readoutError_dict": {
                "2": 1.76,
                "8": 1.29
            },
            "singleQubit_gate_error_dict": {
                "2": 0.48,
                "8": 0.16
            },
            "twoQubits_gate_error_dict": {
                "0": {
                    "twoQubits": [
                        8,
                        2
                    ],
                    "cz_error": 3.25
                },
                "1": {
                    "twoQubits": [
                        8,
                        2
                    ],
                    "cz_error": 3.25
                },
                "2": {
                    "twoQubits": [
                        8,
                        2
                    ],
                    "cz_error": 3.25
                }
            },
            "t1_dict": {
                "2": 24.9775,
                "8": 21.194
            },
            "t2_dict": {
                "2": 2.0827,
                "8": 4.4089
            },
            "singleQubit_update_time": "2025-03-21 02:33:29",
            "readout_update_time": "2025-03-27 13:01:17",
            "twoQubitGate_update_time": "2025-03-27 10:55:07",
            "origin_circuit": "CZ Q1 Q0\nY2M Q0\nRZ Q0 -2.060021963934074\nY2P Q0\nCZ Q1 Q0\nRZ Q0 1.570796325\nX2P Q0\nRZ Q0 1.570796325\nX2M Q0\nCZ Q1 Q0\nRZ Q0 3.14159265\nY2P Q0\nRZ Q0 1.570796325\nM Q0\nM Q1",
            "layout": [
                2,
                8
            ],
            "transpiled_circit": "CZ Q8 Q2\nY2M Q2\nRZ Q2 -2.060021963934074\nY2P Q2\nCZ Q8 Q2\nRZ Q2 1.570796325\nX2P Q2\nRZ Q2 1.570796325\nX2M Q2\nCZ Q8 Q2\nRZ Q2 3.14159265\nY2P Q2\nRZ Q2 1.570796325\nM Q2\nM Q8"
        }
    }
}