{
    "transpiled_randomCircuit_2qubit_2": {
        "run_config": {
            "machine_time": "tianyan176-2",
            "repeat": 1,
            "shots": 8000,
            "layout": [
                49,
                43
            ],
            "layout_id": 152,
            "expected_fidelity": 0.9084103053512785,
            "real_fidelity": 0.9933211071158344,
            "begin_time": "2025-03-27 13:39:38",
            "end_time": "2025-03-27 13:39:50",
            "cost_time": "11.471198 s"
        },
        "circuit_features": {
            "num_qubits": 2,
            "num_gates": 13,
            "depth": 13,
            "program_communication": 1.0,
            "critical_depth": 1.0,
            "entanglement_ratio": 0.23076923076923078,
            "parallelism": 0.0,
            "liveness": 0.6153846153846154,
            "min_qubit_frequency": 5.4413,
            "max_qubit_frequency": 5.74,
            "avg_qubit_frequency": 5.59065,
            "min_readout_frequency": null,
            "max_readout_frequency": null,
            "avg_readout_frequency": null,
            "min_readoutError": 1.6,
            "max_readoutError": 2.05,
            "avg_readoutError": 1.825,
            "min_singleQubit_gate_error": 0.13,
            "max_singleQubit_gate_error": 0.26,
            "avg_singleQubit_gate_error": 0.195,
            "min_twoQubits_gate_error": 1.1,
            "max_twoQubits_gate_error": 1.1,
            "avg_twoQubits_gate_error": 1.1,
            "min_t1": 6.0438,
            "max_t1": 32.6303,
            "avg_t1": 19.337049999999998,
            "min_t2": 2.4432,
            "max_t2": 3.5214,
            "avg_t2": 2.9823,
            "twoQubits_gate_error_accumulation": 3.3000000000000003,
            "expected_fidelity": 0.9084103053512785,
            "idel_entropy": 0.320710672056375,
            "idle_rate": 0.5882352941176471,
            "qubit_frequency_dict": {
                "49": 5.74,
                "43": 5.4413
            },
            "readout_frequency_dict": {
                "49": null,
                "43": null
            },
            "readoutError_dict": {
                "49": 2.05,
                "43": 1.6
            },
            "singleQubit_gate_error_dict": {
                "49": 0.26,
                "43": 0.13
            },
            "twoQubits_gate_error_dict": {
                "0": {
                    "twoQubits": [
                        43,
                        49
                    ],
                    "cz_error": 1.1
                },
                "1": {
                    "twoQubits": [
                        43,
                        49
                    ],
                    "cz_error": 1.1
                },
                "2": {
                    "twoQubits": [
                        43,
                        49
                    ],
                    "cz_error": 1.1
                }
            },
            "t1_dict": {
                "49": 6.0438,
                "43": 32.6303
            },
            "t2_dict": {
                "49": 3.5214,
                "43": 2.4432
            },
            "singleQubit_update_time": "2025-03-21 02:33:29",
            "readout_update_time": "2025-03-27 13:31:17",
            "twoQubitGate_update_time": "2025-03-27 10:55:07",
            "origin_circuit": "CZ Q1 Q0\nY2M Q0\nRZ Q0 -2.060021963934074\nY2P Q0\nCZ Q1 Q0\nRZ Q0 1.570796325\nX2P Q0\nRZ Q0 1.570796325\nX2M Q0\nCZ Q1 Q0\nRZ Q0 3.14159265\nY2P Q0\nRZ Q0 1.570796325\nM Q0\nM Q1",
            "layout": [
                49,
                43
            ],
            "transpiled_circit": "CZ Q43 Q49\nY2M Q49\nRZ Q49 -2.060021963934074\nY2P Q49\nCZ Q43 Q49\nRZ Q49 1.570796325\nX2P Q49\nRZ Q49 1.570796325\nX2M Q49\nCZ Q43 Q49\nRZ Q49 3.14159265\nY2P Q49\nRZ Q49 1.570796325\nM Q49\nM Q43"
        }
    }
}