{
    "transpiled_randomCircuit_2qubit_2": {
        "run_config": {
            "machine_time": "tianyan176-2",
            "repeat": 1,
            "shots": 8000,
            "layout": [
                5,
                11
            ],
            "layout_id": 122,
            "expected_fidelity": 0.9180917228980056,
            "real_fidelity": 0.9906305852589669,
            "begin_time": "2025-03-27 13:33:33",
            "end_time": "2025-03-27 13:33:44",
            "cost_time": "11.230677 s"
        },
        "circuit_features": {
            "num_qubits": 2,
            "num_gates": 13,
            "depth": 13,
            "program_communication": 1.0,
            "critical_depth": 1.0,
            "entanglement_ratio": 0.23076923076923078,
            "parallelism": 0.0,
            "liveness": 0.6153846153846154,
            "min_qubit_frequency": 5.2468,
            "max_qubit_frequency": 5.5364,
            "avg_qubit_frequency": 5.3916,
            "min_readout_frequency": null,
            "max_readout_frequency": null,
            "avg_readout_frequency": null,
            "min_readoutError": 2.29,
            "max_readoutError": 2.36,
            "avg_readoutError": 2.325,
            "min_singleQubit_gate_error": 0.14,
            "max_singleQubit_gate_error": 0.16,
            "avg_singleQubit_gate_error": 0.15000000000000002,
            "min_twoQubits_gate_error": 0.81,
            "max_twoQubits_gate_error": 0.81,
            "avg_twoQubits_gate_error": 0.81,
            "min_t1": 14.1199,
            "max_t1": 32.2286,
            "avg_t1": 23.17425,
            "min_t2": 3.6853,
            "max_t2": 6.1576,
            "avg_t2": 4.92145,
            "twoQubits_gate_error_accumulation": 2.43,
            "expected_fidelity": 0.9180917228980056,
            "idel_entropy": 0.320710672056375,
            "idle_rate": 0.5882352941176471,
            "qubit_frequency_dict": {
                "5": 5.2468,
                "11": 5.5364
            },
            "readout_frequency_dict": {
                "5": null,
                "11": null
            },
            "readoutError_dict": {
                "5": 2.29,
                "11": 2.36
            },
            "singleQubit_gate_error_dict": {
                "5": 0.14,
                "11": 0.16
            },
            "twoQubits_gate_error_dict": {
                "0": {
                    "twoQubits": [
                        11,
                        5
                    ],
                    "cz_error": 0.81
                },
                "1": {
                    "twoQubits": [
                        11,
                        5
                    ],
                    "cz_error": 0.81
                },
                "2": {
                    "twoQubits": [
                        11,
                        5
                    ],
                    "cz_error": 0.81
                }
            },
            "t1_dict": {
                "5": 32.2286,
                "11": 14.1199
            },
            "t2_dict": {
                "5": 3.6853,
                "11": 6.1576
            },
            "singleQubit_update_time": "2025-03-21 02:33:29",
            "readout_update_time": "2025-03-27 13:31:17",
            "twoQubitGate_update_time": "2025-03-27 10:55:07",
            "origin_circuit": "CZ Q1 Q0\nY2M Q0\nRZ Q0 -2.060021963934074\nY2P Q0\nCZ Q1 Q0\nRZ Q0 1.570796325\nX2P Q0\nRZ Q0 1.570796325\nX2M Q0\nCZ Q1 Q0\nRZ Q0 3.14159265\nY2P Q0\nRZ Q0 1.570796325\nM Q0\nM Q1",
            "layout": [
                5,
                11
            ],
            "transpiled_circit": "CZ Q11 Q5\nY2M Q5\nRZ Q5 -2.060021963934074\nY2P Q5\nCZ Q11 Q5\nRZ Q5 1.570796325\nX2P Q5\nRZ Q5 1.570796325\nX2M Q5\nCZ Q11 Q5\nRZ Q5 3.14159265\nY2P Q5\nRZ Q5 1.570796325\nM Q5\nM Q11"
        }
    }
}