{
    "transpiled_randomCircuit_2qubit_2": {
        "run_config": {
            "machine_time": "tianyan176-2",
            "repeat": 1,
            "shots": 8000,
            "layout": [
                12,
                19
            ],
            "layout_id": 107,
            "expected_fidelity": 0.8472681949469859,
            "real_fidelity": 0.9853272723142726,
            "begin_time": "2025-03-27 13:29:01",
            "end_time": "2025-03-27 13:29:13",
            "cost_time": "11.764953 s"
        },
        "circuit_features": {
            "num_qubits": 2,
            "num_gates": 13,
            "depth": 13,
            "program_communication": 1.0,
            "critical_depth": 1.0,
            "entanglement_ratio": 0.23076923076923078,
            "parallelism": 0.0,
            "liveness": 0.6153846153846154,
            "min_qubit_frequency": 5.4547,
            "max_qubit_frequency": 5.5417,
            "avg_qubit_frequency": 5.4982,
            "min_readout_frequency": null,
            "max_readout_frequency": null,
            "avg_readout_frequency": null,
            "min_readoutError": 0.99,
            "max_readoutError": 2.47,
            "avg_readoutError": 1.73,
            "min_singleQubit_gate_error": 0.39,
            "max_singleQubit_gate_error": 0.51,
            "avg_singleQubit_gate_error": 0.45,
            "min_twoQubits_gate_error": 2.62,
            "max_twoQubits_gate_error": 2.62,
            "avg_twoQubits_gate_error": 2.62,
            "min_t1": 13.3829,
            "max_t1": 33.3492,
            "avg_t1": 23.36605,
            "min_t2": 3.2493,
            "max_t2": 3.4857,
            "avg_t2": 3.3674999999999997,
            "twoQubits_gate_error_accumulation": 7.86,
            "expected_fidelity": 0.8472681949469859,
            "idel_entropy": 0.320710672056375,
            "idle_rate": 0.5882352941176471,
            "qubit_frequency_dict": {
                "12": 5.5417,
                "19": 5.4547
            },
            "readout_frequency_dict": {
                "12": null,
                "19": null
            },
            "readoutError_dict": {
                "12": 2.47,
                "19": 0.99
            },
            "singleQubit_gate_error_dict": {
                "12": 0.51,
                "19": 0.39
            },
            "twoQubits_gate_error_dict": {
                "0": {
                    "twoQubits": [
                        19,
                        12
                    ],
                    "cz_error": 2.62
                },
                "1": {
                    "twoQubits": [
                        19,
                        12
                    ],
                    "cz_error": 2.62
                },
                "2": {
                    "twoQubits": [
                        19,
                        12
                    ],
                    "cz_error": 2.62
                }
            },
            "t1_dict": {
                "12": 13.3829,
                "19": 33.3492
            },
            "t2_dict": {
                "12": 3.2493,
                "19": 3.4857
            },
            "singleQubit_update_time": "2025-03-21 02:33:29",
            "readout_update_time": "2025-03-27 13:01:17",
            "twoQubitGate_update_time": "2025-03-27 10:55:07",
            "origin_circuit": "CZ Q1 Q0\nY2M Q0\nRZ Q0 -2.060021963934074\nY2P Q0\nCZ Q1 Q0\nRZ Q0 1.570796325\nX2P Q0\nRZ Q0 1.570796325\nX2M Q0\nCZ Q1 Q0\nRZ Q0 3.14159265\nY2P Q0\nRZ Q0 1.570796325\nM Q0\nM Q1",
            "layout": [
                12,
                19
            ],
            "transpiled_circit": "CZ Q19 Q12\nY2M Q12\nRZ Q12 -2.060021963934074\nY2P Q12\nCZ Q19 Q12\nRZ Q12 1.570796325\nX2P Q12\nRZ Q12 1.570796325\nX2M Q12\nCZ Q19 Q12\nRZ Q12 3.14159265\nY2P Q12\nRZ Q12 1.570796325\nM Q12\nM Q19"
        }
    }
}