{
    "transpiled_randomCircuit_2qubit_2": {
        "run_config": {
            "machine_time": "tianyan176-2",
            "repeat": 1,
            "shots": 8000,
            "layout": [
                52,
                46
            ],
            "layout_id": 164,
            "expected_fidelity": 0.851254283321507,
            "real_fidelity": 0.9941996050326598,
            "begin_time": "2025-03-27 13:42:01",
            "end_time": "2025-03-27 13:42:12",
            "cost_time": "11.113771 s"
        },
        "circuit_features": {
            "num_qubits": 2,
            "num_gates": 13,
            "depth": 13,
            "program_communication": 1.0,
            "critical_depth": 1.0,
            "entanglement_ratio": 0.23076923076923078,
            "parallelism": 0.0,
            "liveness": 0.6153846153846154,
            "min_qubit_frequency": 5.0382,
            "max_qubit_frequency": 5.3182,
            "avg_qubit_frequency": 5.1782,
            "min_readout_frequency": null,
            "max_readout_frequency": null,
            "avg_readout_frequency": null,
            "min_readoutError": 1.85,
            "max_readoutError": 7.6,
            "avg_readoutError": 4.725,
            "min_singleQubit_gate_error": 0.07,
            "max_singleQubit_gate_error": 0.14,
            "avg_singleQubit_gate_error": 0.10500000000000001,
            "min_twoQubits_gate_error": 1.86,
            "max_twoQubits_gate_error": 1.86,
            "avg_twoQubits_gate_error": 1.86,
            "min_t1": 22.2597,
            "max_t1": 33.7964,
            "avg_t1": 28.02805,
            "min_t2": 1.9999,
            "max_t2": 3.432,
            "avg_t2": 2.71595,
            "twoQubits_gate_error_accumulation": 5.58,
            "expected_fidelity": 0.851254283321507,
            "idel_entropy": 0.320710672056375,
            "idle_rate": 0.5882352941176471,
            "qubit_frequency_dict": {
                "52": 5.3182,
                "46": 5.0382
            },
            "readout_frequency_dict": {
                "52": null,
                "46": null
            },
            "readoutError_dict": {
                "52": 1.85,
                "46": 7.6
            },
            "singleQubit_gate_error_dict": {
                "52": 0.07,
                "46": 0.14
            },
            "twoQubits_gate_error_dict": {
                "0": {
                    "twoQubits": [
                        46,
                        52
                    ],
                    "cz_error": 1.86
                },
                "1": {
                    "twoQubits": [
                        46,
                        52
                    ],
                    "cz_error": 1.86
                },
                "2": {
                    "twoQubits": [
                        46,
                        52
                    ],
                    "cz_error": 1.86
                }
            },
            "t1_dict": {
                "52": 33.7964,
                "46": 22.2597
            },
            "t2_dict": {
                "52": 3.432,
                "46": 1.9999
            },
            "singleQubit_update_time": "2025-03-21 02:33:29",
            "readout_update_time": "2025-03-27 13:31:17",
            "twoQubitGate_update_time": "2025-03-27 10:55:07",
            "origin_circuit": "CZ Q1 Q0\nY2M Q0\nRZ Q0 -2.060021963934074\nY2P Q0\nCZ Q1 Q0\nRZ Q0 1.570796325\nX2P Q0\nRZ Q0 1.570796325\nX2M Q0\nCZ Q1 Q0\nRZ Q0 3.14159265\nY2P Q0\nRZ Q0 1.570796325\nM Q0\nM Q1",
            "layout": [
                52,
                46
            ],
            "transpiled_circit": "CZ Q46 Q52\nY2M Q52\nRZ Q52 -2.060021963934074\nY2P Q52\nCZ Q46 Q52\nRZ Q52 1.570796325\nX2P Q52\nRZ Q52 1.570796325\nX2M Q52\nCZ Q46 Q52\nRZ Q52 3.14159265\nY2P Q52\nRZ Q52 1.570796325\nM Q52\nM Q46"
        }
    }
}