{
    "transpiled_randomCircuit_2qubit_2": {
        "run_config": {
            "machine_time": "tianyan176-2",
            "repeat": 1,
            "shots": 8000,
            "layout": [
                44,
                50
            ],
            "layout_id": 130,
            "expected_fidelity": 0.9363468402247813,
            "real_fidelity": 0.9710873948770611,
            "begin_time": "2025-03-27 13:35:04",
            "end_time": "2025-03-27 13:35:15",
            "cost_time": "10.869927 s"
        },
        "circuit_features": {
            "num_qubits": 2,
            "num_gates": 13,
            "depth": 13,
            "program_communication": 1.0,
            "critical_depth": 1.0,
            "entanglement_ratio": 0.23076923076923078,
            "parallelism": 0.0,
            "liveness": 0.6153846153846154,
            "min_qubit_frequency": 5.4592,
            "max_qubit_frequency": 5.5512,
            "avg_qubit_frequency": 5.5052,
            "min_readout_frequency": null,
            "max_readout_frequency": null,
            "avg_readout_frequency": null,
            "min_readoutError": 0.77,
            "max_readoutError": 1.36,
            "avg_readoutError": 1.065,
            "min_singleQubit_gate_error": 0.1,
            "max_singleQubit_gate_error": 0.16,
            "avg_singleQubit_gate_error": 0.13,
            "min_twoQubits_gate_error": 0.94,
            "max_twoQubits_gate_error": 0.94,
            "avg_twoQubits_gate_error": 0.94,
            "min_t1": 19.2536,
            "max_t1": 23.4787,
            "avg_t1": 21.366149999999998,
            "min_t2": 3.5204,
            "max_t2": 5.403,
            "avg_t2": 4.4616999999999996,
            "twoQubits_gate_error_accumulation": 2.82,
            "expected_fidelity": 0.9363468402247813,
            "idel_entropy": 0.320710672056375,
            "idle_rate": 0.5882352941176471,
            "qubit_frequency_dict": {
                "44": 5.4592,
                "50": 5.5512
            },
            "readout_frequency_dict": {
                "44": null,
                "50": null
            },
            "readoutError_dict": {
                "44": 1.36,
                "50": 0.77
            },
            "singleQubit_gate_error_dict": {
                "44": 0.16,
                "50": 0.1
            },
            "twoQubits_gate_error_dict": {
                "0": {
                    "twoQubits": [
                        50,
                        44
                    ],
                    "cz_error": 0.94
                },
                "1": {
                    "twoQubits": [
                        50,
                        44
                    ],
                    "cz_error": 0.94
                },
                "2": {
                    "twoQubits": [
                        50,
                        44
                    ],
                    "cz_error": 0.94
                }
            },
            "t1_dict": {
                "44": 23.4787,
                "50": 19.2536
            },
            "t2_dict": {
                "44": 3.5204,
                "50": 5.403
            },
            "singleQubit_update_time": "2025-03-21 02:33:29",
            "readout_update_time": "2025-03-27 13:31:17",
            "twoQubitGate_update_time": "2025-03-27 10:55:07",
            "origin_circuit": "CZ Q1 Q0\nY2M Q0\nRZ Q0 -2.060021963934074\nY2P Q0\nCZ Q1 Q0\nRZ Q0 1.570796325\nX2P Q0\nRZ Q0 1.570796325\nX2M Q0\nCZ Q1 Q0\nRZ Q0 3.14159265\nY2P Q0\nRZ Q0 1.570796325\nM Q0\nM Q1",
            "layout": [
                44,
                50
            ],
            "transpiled_circit": "CZ Q50 Q44\nY2M Q44\nRZ Q44 -2.060021963934074\nY2P Q44\nCZ Q50 Q44\nRZ Q44 1.570796325\nX2P Q44\nRZ Q44 1.570796325\nX2M Q44\nCZ Q50 Q44\nRZ Q44 3.14159265\nY2P Q44\nRZ Q44 1.570796325\nM Q44\nM Q50"
        }
    }
}