{
    "transpiled_randomCircuit_2qubit_2": {
        "run_config": {
            "machine_time": "tianyan176-2",
            "repeat": 1,
            "shots": 8000,
            "layout": [
                40,
                34
            ],
            "layout_id": 103,
            "expected_fidelity": 0.6604812653858501,
            "real_fidelity": 0.9323115771988693,
            "begin_time": "2025-03-27 13:28:11",
            "end_time": "2025-03-27 13:28:25",
            "cost_time": "13.868959 s"
        },
        "circuit_features": {
            "num_qubits": 2,
            "num_gates": 13,
            "depth": 13,
            "program_communication": 1.0,
            "critical_depth": 1.0,
            "entanglement_ratio": 0.23076923076923078,
            "parallelism": 0.0,
            "liveness": 0.6153846153846154,
            "min_qubit_frequency": 5.0471,
            "max_qubit_frequency": 5.4909,
            "avg_qubit_frequency": 5.269,
            "min_readout_frequency": null,
            "max_readout_frequency": null,
            "avg_readout_frequency": null,
            "min_readoutError": 2.43,
            "max_readoutError": 13.96,
            "avg_readoutError": 8.195,
            "min_singleQubit_gate_error": 0.15,
            "max_singleQubit_gate_error": 0.29,
            "avg_singleQubit_gate_error": 0.21999999999999997,
            "min_twoQubits_gate_error": 7.22,
            "max_twoQubits_gate_error": 7.22,
            "avg_twoQubits_gate_error": 7.22,
            "min_t1": 15.3278,
            "max_t1": 18.4965,
            "avg_t1": 16.91215,
            "min_t2": 0.9374,
            "max_t2": 4.892,
            "avg_t2": 2.9147000000000003,
            "twoQubits_gate_error_accumulation": 21.66,
            "expected_fidelity": 0.6604812653858501,
            "idel_entropy": 0.320710672056375,
            "idle_rate": 0.5882352941176471,
            "qubit_frequency_dict": {
                "40": 5.4909,
                "34": 5.0471
            },
            "readout_frequency_dict": {
                "40": null,
                "34": null
            },
            "readoutError_dict": {
                "40": 2.43,
                "34": 13.96
            },
            "singleQubit_gate_error_dict": {
                "40": 0.15,
                "34": 0.29
            },
            "twoQubits_gate_error_dict": {
                "0": {
                    "twoQubits": [
                        34,
                        40
                    ],
                    "cz_error": 7.22
                },
                "1": {
                    "twoQubits": [
                        34,
                        40
                    ],
                    "cz_error": 7.22
                },
                "2": {
                    "twoQubits": [
                        34,
                        40
                    ],
                    "cz_error": 7.22
                }
            },
            "t1_dict": {
                "40": 15.3278,
                "34": 18.4965
            },
            "t2_dict": {
                "40": 4.892,
                "34": 0.9374
            },
            "singleQubit_update_time": "2025-03-21 02:33:29",
            "readout_update_time": "2025-03-27 13:01:17",
            "twoQubitGate_update_time": "2025-03-27 10:55:07",
            "origin_circuit": "CZ Q1 Q0\nY2M Q0\nRZ Q0 -2.060021963934074\nY2P Q0\nCZ Q1 Q0\nRZ Q0 1.570796325\nX2P Q0\nRZ Q0 1.570796325\nX2M Q0\nCZ Q1 Q0\nRZ Q0 3.14159265\nY2P Q0\nRZ Q0 1.570796325\nM Q0\nM Q1",
            "layout": [
                40,
                34
            ],
            "transpiled_circit": "CZ Q34 Q40\nY2M Q40\nRZ Q40 -2.060021963934074\nY2P Q40\nCZ Q34 Q40\nRZ Q40 1.570796325\nX2P Q40\nRZ Q40 1.570796325\nX2M Q40\nCZ Q34 Q40\nRZ Q40 3.14159265\nY2P Q40\nRZ Q40 1.570796325\nM Q40\nM Q34"
        }
    }
}