{
    "transpiled_randomCircuit_2qubit_2": {
        "run_config": {
            "machine_time": "tianyan176-2",
            "repeat": 1,
            "shots": 8000,
            "layout": [
                58,
                51
            ],
            "layout_id": 171,
            "expected_fidelity": 0.9404490218678448,
            "real_fidelity": 0.9529811836448588,
            "begin_time": "2025-03-27 13:43:32",
            "end_time": "2025-03-27 13:43:43",
            "cost_time": "11.3717 s"
        },
        "circuit_features": {
            "num_qubits": 2,
            "num_gates": 13,
            "depth": 13,
            "program_communication": 1.0,
            "critical_depth": 1.0,
            "entanglement_ratio": 0.23076923076923078,
            "parallelism": 0.0,
            "liveness": 0.6153846153846154,
            "min_qubit_frequency": 5.3877,
            "max_qubit_frequency": 5.4556,
            "avg_qubit_frequency": 5.42165,
            "min_readout_frequency": null,
            "max_readout_frequency": null,
            "avg_readout_frequency": null,
            "min_readoutError": 1.02,
            "max_readoutError": 1.14,
            "avg_readoutError": 1.08,
            "min_singleQubit_gate_error": 0.17,
            "max_singleQubit_gate_error": 0.21,
            "avg_singleQubit_gate_error": 0.19,
            "min_twoQubits_gate_error": 0.62,
            "max_twoQubits_gate_error": 0.62,
            "avg_twoQubits_gate_error": 0.62,
            "min_t1": 12.8438,
            "max_t1": 28.9975,
            "avg_t1": 20.92065,
            "min_t2": 3.7232,
            "max_t2": 4.6743,
            "avg_t2": 4.1987499999999995,
            "twoQubits_gate_error_accumulation": 1.8599999999999999,
            "expected_fidelity": 0.9404490218678448,
            "idel_entropy": 0.320710672056375,
            "idle_rate": 0.5882352941176471,
            "qubit_frequency_dict": {
                "58": 5.4556,
                "51": 5.3877
            },
            "readout_frequency_dict": {
                "58": null,
                "51": null
            },
            "readoutError_dict": {
                "58": 1.14,
                "51": 1.02
            },
            "singleQubit_gate_error_dict": {
                "58": 0.21,
                "51": 0.17
            },
            "twoQubits_gate_error_dict": {
                "0": {
                    "twoQubits": [
                        51,
                        58
                    ],
                    "cz_error": 0.62
                },
                "1": {
                    "twoQubits": [
                        51,
                        58
                    ],
                    "cz_error": 0.62
                },
                "2": {
                    "twoQubits": [
                        51,
                        58
                    ],
                    "cz_error": 0.62
                }
            },
            "t1_dict": {
                "58": 12.8438,
                "51": 28.9975
            },
            "t2_dict": {
                "58": 4.6743,
                "51": 3.7232
            },
            "singleQubit_update_time": "2025-03-21 02:33:29",
            "readout_update_time": "2025-03-27 13:31:17",
            "twoQubitGate_update_time": "2025-03-27 10:55:07",
            "origin_circuit": "CZ Q1 Q0\nY2M Q0\nRZ Q0 -2.060021963934074\nY2P Q0\nCZ Q1 Q0\nRZ Q0 1.570796325\nX2P Q0\nRZ Q0 1.570796325\nX2M Q0\nCZ Q1 Q0\nRZ Q0 3.14159265\nY2P Q0\nRZ Q0 1.570796325\nM Q0\nM Q1",
            "layout": [
                58,
                51
            ],
            "transpiled_circit": "CZ Q51 Q58\nY2M Q58\nRZ Q58 -2.060021963934074\nY2P Q58\nCZ Q51 Q58\nRZ Q58 1.570796325\nX2P Q58\nRZ Q58 1.570796325\nX2M Q58\nCZ Q51 Q58\nRZ Q58 3.14159265\nY2P Q58\nRZ Q58 1.570796325\nM Q58\nM Q51"
        }
    }
}