{
    "transpiled_randomCircuit_2qubit_2": {
        "run_config": {
            "machine_time": "tianyan176-2",
            "repeat": 1,
            "shots": 8000,
            "layout": [
                48,
                55
            ],
            "layout_id": 150,
            "expected_fidelity": 0.8894082812108622,
            "real_fidelity": 0.9890952284021919,
            "begin_time": "2025-03-27 13:39:12",
            "end_time": "2025-03-27 13:39:25",
            "cost_time": "12.982802 s"
        },
        "circuit_features": {
            "num_qubits": 2,
            "num_gates": 13,
            "depth": 13,
            "program_communication": 1.0,
            "critical_depth": 1.0,
            "entanglement_ratio": 0.23076923076923078,
            "parallelism": 0.0,
            "liveness": 0.6153846153846154,
            "min_qubit_frequency": 5.1376,
            "max_qubit_frequency": 5.4472,
            "avg_qubit_frequency": 5.2924,
            "min_readout_frequency": null,
            "max_readout_frequency": null,
            "avg_readout_frequency": null,
            "min_readoutError": 1.82,
            "max_readoutError": 3.77,
            "avg_readoutError": 2.795,
            "min_singleQubit_gate_error": 0.19,
            "max_singleQubit_gate_error": 0.37,
            "avg_singleQubit_gate_error": 0.28,
            "min_twoQubits_gate_error": 1.37,
            "max_twoQubits_gate_error": 1.37,
            "avg_twoQubits_gate_error": 1.37,
            "min_t1": 21.3374,
            "max_t1": 33.0192,
            "avg_t1": 27.1783,
            "min_t2": 2.0195,
            "max_t2": 4.6667,
            "avg_t2": 3.3430999999999997,
            "twoQubits_gate_error_accumulation": 4.11,
            "expected_fidelity": 0.8894082812108622,
            "idel_entropy": 0.320710672056375,
            "idle_rate": 0.5882352941176471,
            "qubit_frequency_dict": {
                "48": 5.1376,
                "55": 5.4472
            },
            "readout_frequency_dict": {
                "48": null,
                "55": null
            },
            "readoutError_dict": {
                "48": 3.77,
                "55": 1.82
            },
            "singleQubit_gate_error_dict": {
                "48": 0.19,
                "55": 0.37
            },
            "twoQubits_gate_error_dict": {
                "0": {
                    "twoQubits": [
                        55,
                        48
                    ],
                    "cz_error": 1.37
                },
                "1": {
                    "twoQubits": [
                        55,
                        48
                    ],
                    "cz_error": 1.37
                },
                "2": {
                    "twoQubits": [
                        55,
                        48
                    ],
                    "cz_error": 1.37
                }
            },
            "t1_dict": {
                "48": 21.3374,
                "55": 33.0192
            },
            "t2_dict": {
                "48": 2.0195,
                "55": 4.6667
            },
            "singleQubit_update_time": "2025-03-21 02:33:29",
            "readout_update_time": "2025-03-27 13:31:17",
            "twoQubitGate_update_time": "2025-03-27 10:55:07",
            "origin_circuit": "CZ Q1 Q0\nY2M Q0\nRZ Q0 -2.060021963934074\nY2P Q0\nCZ Q1 Q0\nRZ Q0 1.570796325\nX2P Q0\nRZ Q0 1.570796325\nX2M Q0\nCZ Q1 Q0\nRZ Q0 3.14159265\nY2P Q0\nRZ Q0 1.570796325\nM Q0\nM Q1",
            "layout": [
                48,
                55
            ],
            "transpiled_circit": "CZ Q55 Q48\nY2M Q48\nRZ Q48 -2.060021963934074\nY2P Q48\nCZ Q55 Q48\nRZ Q48 1.570796325\nX2P Q48\nRZ Q48 1.570796325\nX2M Q48\nCZ Q55 Q48\nRZ Q48 3.14159265\nY2P Q48\nRZ Q48 1.570796325\nM Q48\nM Q55"
        }
    }
}