{
    "transpiled_randomCircuit_2qubit_2": {
        "run_config": {
            "machine_time": "tianyan176-2",
            "repeat": 1,
            "shots": 8000,
            "layout": [
                36,
                42
            ],
            "layout_id": 115,
            "expected_fidelity": 0.857598583696921,
            "real_fidelity": 0.9866761409710582,
            "begin_time": "2025-03-27 13:32:11",
            "end_time": "2025-03-27 13:32:22",
            "cost_time": "11.432434 s"
        },
        "circuit_features": {
            "num_qubits": 2,
            "num_gates": 13,
            "depth": 13,
            "program_communication": 1.0,
            "critical_depth": 1.0,
            "entanglement_ratio": 0.23076923076923078,
            "parallelism": 0.0,
            "liveness": 0.6153846153846154,
            "min_qubit_frequency": 5.3702,
            "max_qubit_frequency": 5.4707,
            "avg_qubit_frequency": 5.42045,
            "min_readout_frequency": null,
            "max_readout_frequency": null,
            "avg_readout_frequency": null,
            "min_readoutError": 2.18,
            "max_readoutError": 3.18,
            "avg_readoutError": 2.68,
            "min_singleQubit_gate_error": 0.32,
            "max_singleQubit_gate_error": 0.34,
            "avg_singleQubit_gate_error": 0.33,
            "min_twoQubits_gate_error": 2.15,
            "max_twoQubits_gate_error": 2.15,
            "avg_twoQubits_gate_error": 2.15,
            "min_t1": 15.0164,
            "max_t1": 23.2062,
            "avg_t1": 19.1113,
            "min_t2": 3.1699,
            "max_t2": 4.9349,
            "avg_t2": 4.0524000000000004,
            "twoQubits_gate_error_accumulation": 6.449999999999999,
            "expected_fidelity": 0.857598583696921,
            "idel_entropy": 0.320710672056375,
            "idle_rate": 0.5882352941176471,
            "qubit_frequency_dict": {
                "36": 5.4707,
                "42": 5.3702
            },
            "readout_frequency_dict": {
                "36": null,
                "42": null
            },
            "readoutError_dict": {
                "36": 2.18,
                "42": 3.18
            },
            "singleQubit_gate_error_dict": {
                "36": 0.34,
                "42": 0.32
            },
            "twoQubits_gate_error_dict": {
                "0": {
                    "twoQubits": [
                        42,
                        36
                    ],
                    "cz_error": 2.15
                },
                "1": {
                    "twoQubits": [
                        42,
                        36
                    ],
                    "cz_error": 2.15
                },
                "2": {
                    "twoQubits": [
                        42,
                        36
                    ],
                    "cz_error": 2.15
                }
            },
            "t1_dict": {
                "36": 15.0164,
                "42": 23.2062
            },
            "t2_dict": {
                "36": 3.1699,
                "42": 4.9349
            },
            "singleQubit_update_time": "2025-03-21 02:33:29",
            "readout_update_time": "2025-03-27 13:31:17",
            "twoQubitGate_update_time": "2025-03-27 10:55:07",
            "origin_circuit": "CZ Q1 Q0\nY2M Q0\nRZ Q0 -2.060021963934074\nY2P Q0\nCZ Q1 Q0\nRZ Q0 1.570796325\nX2P Q0\nRZ Q0 1.570796325\nX2M Q0\nCZ Q1 Q0\nRZ Q0 3.14159265\nY2P Q0\nRZ Q0 1.570796325\nM Q0\nM Q1",
            "layout": [
                36,
                42
            ],
            "transpiled_circit": "CZ Q42 Q36\nY2M Q36\nRZ Q36 -2.060021963934074\nY2P Q36\nCZ Q42 Q36\nRZ Q36 1.570796325\nX2P Q36\nRZ Q36 1.570796325\nX2M Q36\nCZ Q42 Q36\nRZ Q36 3.14159265\nY2P Q36\nRZ Q36 1.570796325\nM Q36\nM Q42"
        }
    }
}