{
    "transpiled_randomCircuit_2qubit_2": {
        "run_config": {
            "machine_time": "tianyan176-2",
            "repeat": 1,
            "shots": 8000,
            "layout": [
                57,
                63
            ],
            "layout_id": 170,
            "expected_fidelity": 0.688452701965471,
            "real_fidelity": 0.7271632942520788,
            "begin_time": "2025-03-27 13:43:20",
            "end_time": "2025-03-27 13:43:32",
            "cost_time": "11.483018 s"
        },
        "circuit_features": {
            "num_qubits": 2,
            "num_gates": 13,
            "depth": 13,
            "program_communication": 1.0,
            "critical_depth": 1.0,
            "entanglement_ratio": 0.23076923076923078,
            "parallelism": 0.0,
            "liveness": 0.6153846153846154,
            "min_qubit_frequency": 5.133,
            "max_qubit_frequency": 5.2959,
            "avg_qubit_frequency": 5.214449999999999,
            "min_readout_frequency": null,
            "max_readout_frequency": null,
            "avg_readout_frequency": null,
            "min_readoutError": 3.09,
            "max_readoutError": 17.68,
            "avg_readoutError": 10.385,
            "min_singleQubit_gate_error": 0.08,
            "max_singleQubit_gate_error": 0.18,
            "avg_singleQubit_gate_error": 0.13,
            "min_twoQubits_gate_error": 4.22,
            "max_twoQubits_gate_error": 4.22,
            "avg_twoQubits_gate_error": 4.22,
            "min_t1": 19.8057,
            "max_t1": 23.273,
            "avg_t1": 21.53935,
            "min_t2": 1.8917,
            "max_t2": 2.9094,
            "avg_t2": 2.40055,
            "twoQubits_gate_error_accumulation": 12.66,
            "expected_fidelity": 0.688452701965471,
            "idel_entropy": 0.320710672056375,
            "idle_rate": 0.5882352941176471,
            "qubit_frequency_dict": {
                "57": 5.2959,
                "63": 5.133
            },
            "readout_frequency_dict": {
                "57": null,
                "63": null
            },
            "readoutError_dict": {
                "57": 3.09,
                "63": 17.68
            },
            "singleQubit_gate_error_dict": {
                "57": 0.18,
                "63": 0.08
            },
            "twoQubits_gate_error_dict": {
                "0": {
                    "twoQubits": [
                        63,
                        57
                    ],
                    "cz_error": 4.22
                },
                "1": {
                    "twoQubits": [
                        63,
                        57
                    ],
                    "cz_error": 4.22
                },
                "2": {
                    "twoQubits": [
                        63,
                        57
                    ],
                    "cz_error": 4.22
                }
            },
            "t1_dict": {
                "57": 23.273,
                "63": 19.8057
            },
            "t2_dict": {
                "57": 2.9094,
                "63": 1.8917
            },
            "singleQubit_update_time": "2025-03-21 02:33:29",
            "readout_update_time": "2025-03-27 13:31:17",
            "twoQubitGate_update_time": "2025-03-27 10:55:07",
            "origin_circuit": "CZ Q1 Q0\nY2M Q0\nRZ Q0 -2.060021963934074\nY2P Q0\nCZ Q1 Q0\nRZ Q0 1.570796325\nX2P Q0\nRZ Q0 1.570796325\nX2M Q0\nCZ Q1 Q0\nRZ Q0 3.14159265\nY2P Q0\nRZ Q0 1.570796325\nM Q0\nM Q1",
            "layout": [
                57,
                63
            ],
            "transpiled_circit": "CZ Q63 Q57\nY2M Q57\nRZ Q57 -2.060021963934074\nY2P Q57\nCZ Q63 Q57\nRZ Q57 1.570796325\nX2P Q57\nRZ Q57 1.570796325\nX2M Q57\nCZ Q63 Q57\nRZ Q57 3.14159265\nY2P Q57\nRZ Q57 1.570796325\nM Q57\nM Q63"
        }
    }
}