{
    "transpiled_randomCircuit_2qubit_2": {
        "run_config": {
            "machine_time": "tianyan176-2",
            "repeat": 1,
            "shots": 8000,
            "layout": [
                21,
                14
            ],
            "layout_id": 20,
            "expected_fidelity": 0.8711879929246561,
            "real_fidelity": 0.9602979624554541,
            "begin_time": "2025-03-27 13:09:56",
            "end_time": "2025-03-27 13:10:09",
            "cost_time": "13.477034 s"
        },
        "circuit_features": {
            "num_qubits": 2,
            "num_gates": 13,
            "depth": 13,
            "program_communication": 1.0,
            "critical_depth": 1.0,
            "entanglement_ratio": 0.23076923076923078,
            "parallelism": 0.0,
            "liveness": 0.6153846153846154,
            "min_qubit_frequency": 5.1414,
            "max_qubit_frequency": 5.4505,
            "avg_qubit_frequency": 5.2959499999999995,
            "min_readout_frequency": null,
            "max_readout_frequency": null,
            "avg_readout_frequency": null,
            "min_readoutError": 2.73,
            "max_readoutError": 7.71,
            "avg_readoutError": 5.22,
            "min_singleQubit_gate_error": 0.08,
            "max_singleQubit_gate_error": 0.98,
            "avg_singleQubit_gate_error": 0.53,
            "min_twoQubits_gate_error": 0.73,
            "max_twoQubits_gate_error": 0.73,
            "avg_twoQubits_gate_error": 0.73,
            "min_t1": 24.4302,
            "max_t1": 42.5285,
            "avg_t1": 33.47935,
            "min_t2": 2.5943,
            "max_t2": 3.6913,
            "avg_t2": 3.1428000000000003,
            "twoQubits_gate_error_accumulation": 2.19,
            "expected_fidelity": 0.8711879929246561,
            "idel_entropy": 0.320710672056375,
            "idle_rate": 0.5882352941176471,
            "qubit_frequency_dict": {
                "21": 5.1414,
                "14": 5.4505
            },
            "readout_frequency_dict": {
                "21": null,
                "14": null
            },
            "readoutError_dict": {
                "21": 2.73,
                "14": 7.71
            },
            "singleQubit_gate_error_dict": {
                "21": 0.08,
                "14": 0.98
            },
            "twoQubits_gate_error_dict": {
                "0": {
                    "twoQubits": [
                        14,
                        21
                    ],
                    "cz_error": 0.73
                },
                "1": {
                    "twoQubits": [
                        14,
                        21
                    ],
                    "cz_error": 0.73
                },
                "2": {
                    "twoQubits": [
                        14,
                        21
                    ],
                    "cz_error": 0.73
                }
            },
            "t1_dict": {
                "21": 42.5285,
                "14": 24.4302
            },
            "t2_dict": {
                "21": 2.5943,
                "14": 3.6913
            },
            "singleQubit_update_time": "2025-03-21 02:33:29",
            "readout_update_time": "2025-03-27 13:01:17",
            "twoQubitGate_update_time": "2025-03-27 10:55:07",
            "origin_circuit": "CZ Q1 Q0\nY2M Q0\nRZ Q0 -2.060021963934074\nY2P Q0\nCZ Q1 Q0\nRZ Q0 1.570796325\nX2P Q0\nRZ Q0 1.570796325\nX2M Q0\nCZ Q1 Q0\nRZ Q0 3.14159265\nY2P Q0\nRZ Q0 1.570796325\nM Q0\nM Q1",
            "layout": [
                21,
                14
            ],
            "transpiled_circit": "CZ Q14 Q21\nY2M Q21\nRZ Q21 -2.060021963934074\nY2P Q21\nCZ Q14 Q21\nRZ Q21 1.570796325\nX2P Q21\nRZ Q21 1.570796325\nX2M Q21\nCZ Q14 Q21\nRZ Q21 3.14159265\nY2P Q21\nRZ Q21 1.570796325\nM Q21\nM Q14"
        }
    }
}