{
    "transpiled_randomCircuit_2qubit_2": {
        "run_config": {
            "machine_time": "tianyan176-2",
            "repeat": 1,
            "shots": 8000,
            "layout": [
                38,
                44
            ],
            "layout_id": 101,
            "expected_fidelity": 0.9154039679560173,
            "real_fidelity": 0.9709389727449189,
            "begin_time": "2025-03-27 13:27:04",
            "end_time": "2025-03-27 13:27:57",
            "cost_time": "52.498955 s"
        },
        "circuit_features": {
            "num_qubits": 2,
            "num_gates": 13,
            "depth": 13,
            "program_communication": 1.0,
            "critical_depth": 1.0,
            "entanglement_ratio": 0.23076923076923078,
            "parallelism": 0.0,
            "liveness": 0.6153846153846154,
            "min_qubit_frequency": 5.1769,
            "max_qubit_frequency": 5.4592,
            "avg_qubit_frequency": 5.3180499999999995,
            "min_readout_frequency": null,
            "max_readout_frequency": null,
            "avg_readout_frequency": null,
            "min_readoutError": 1.32,
            "max_readoutError": 2.97,
            "avg_readoutError": 2.145,
            "min_singleQubit_gate_error": 0.16,
            "max_singleQubit_gate_error": 0.16,
            "avg_singleQubit_gate_error": 0.16,
            "min_twoQubits_gate_error": 0.96,
            "max_twoQubits_gate_error": 0.96,
            "avg_twoQubits_gate_error": 0.96,
            "min_t1": 23.4787,
            "max_t1": 42.5819,
            "avg_t1": 33.0303,
            "min_t2": 1.8213,
            "max_t2": 3.5204,
            "avg_t2": 2.6708499999999997,
            "twoQubits_gate_error_accumulation": 2.88,
            "expected_fidelity": 0.9154039679560173,
            "idel_entropy": 0.320710672056375,
            "idle_rate": 0.5882352941176471,
            "qubit_frequency_dict": {
                "38": 5.1769,
                "44": 5.4592
            },
            "readout_frequency_dict": {
                "38": null,
                "44": null
            },
            "readoutError_dict": {
                "38": 2.97,
                "44": 1.32
            },
            "singleQubit_gate_error_dict": {
                "38": 0.16,
                "44": 0.16
            },
            "twoQubits_gate_error_dict": {
                "0": {
                    "twoQubits": [
                        44,
                        38
                    ],
                    "cz_error": 0.96
                },
                "1": {
                    "twoQubits": [
                        44,
                        38
                    ],
                    "cz_error": 0.96
                },
                "2": {
                    "twoQubits": [
                        44,
                        38
                    ],
                    "cz_error": 0.96
                }
            },
            "t1_dict": {
                "38": 42.5819,
                "44": 23.4787
            },
            "t2_dict": {
                "38": 1.8213,
                "44": 3.5204
            },
            "singleQubit_update_time": "2025-03-21 02:33:29",
            "readout_update_time": "2025-03-27 13:01:17",
            "twoQubitGate_update_time": "2025-03-27 10:55:07",
            "origin_circuit": "CZ Q1 Q0\nY2M Q0\nRZ Q0 -2.060021963934074\nY2P Q0\nCZ Q1 Q0\nRZ Q0 1.570796325\nX2P Q0\nRZ Q0 1.570796325\nX2M Q0\nCZ Q1 Q0\nRZ Q0 3.14159265\nY2P Q0\nRZ Q0 1.570796325\nM Q0\nM Q1",
            "layout": [
                38,
                44
            ],
            "transpiled_circit": "CZ Q44 Q38\nY2M Q38\nRZ Q38 -2.060021963934074\nY2P Q38\nCZ Q44 Q38\nRZ Q38 1.570796325\nX2P Q38\nRZ Q38 1.570796325\nX2M Q38\nCZ Q44 Q38\nRZ Q38 3.14159265\nY2P Q38\nRZ Q38 1.570796325\nM Q38\nM Q44"
        }
    }
}