{
    "transpiled_randomCircuit_2qubit_2": {
        "run_config": {
            "machine_time": "tianyan176-2",
            "repeat": 1,
            "shots": 8000,
            "layout": [
                20,
                14
            ],
            "layout_id": 27,
            "expected_fidelity": 0.8000562049676981,
            "real_fidelity": 0.9972640646249269,
            "begin_time": "2025-03-27 13:11:25",
            "end_time": "2025-03-27 13:11:36",
            "cost_time": "11.462984 s"
        },
        "circuit_features": {
            "num_qubits": 2,
            "num_gates": 13,
            "depth": 13,
            "program_communication": 1.0,
            "critical_depth": 1.0,
            "entanglement_ratio": 0.23076923076923078,
            "parallelism": 0.0,
            "liveness": 0.6153846153846154,
            "min_qubit_frequency": 5.3375,
            "max_qubit_frequency": 5.4505,
            "avg_qubit_frequency": 5.394,
            "min_readout_frequency": null,
            "max_readout_frequency": null,
            "avg_readout_frequency": null,
            "min_readoutError": 1.4,
            "max_readoutError": 7.71,
            "avg_readoutError": 4.555,
            "min_singleQubit_gate_error": 0.15,
            "max_singleQubit_gate_error": 0.98,
            "avg_singleQubit_gate_error": 0.565,
            "min_twoQubits_gate_error": 3.72,
            "max_twoQubits_gate_error": 3.72,
            "avg_twoQubits_gate_error": 3.72,
            "min_t1": 24.4302,
            "max_t1": 25.2821,
            "avg_t1": 24.85615,
            "min_t2": 3.3763,
            "max_t2": 3.6913,
            "avg_t2": 3.5338000000000003,
            "twoQubits_gate_error_accumulation": 11.16,
            "expected_fidelity": 0.8000562049676981,
            "idel_entropy": 0.320710672056375,
            "idle_rate": 0.5882352941176471,
            "qubit_frequency_dict": {
                "20": 5.3375,
                "14": 5.4505
            },
            "readout_frequency_dict": {
                "20": null,
                "14": null
            },
            "readoutError_dict": {
                "20": 1.4,
                "14": 7.71
            },
            "singleQubit_gate_error_dict": {
                "20": 0.15,
                "14": 0.98
            },
            "twoQubits_gate_error_dict": {
                "0": {
                    "twoQubits": [
                        14,
                        20
                    ],
                    "cz_error": 3.72
                },
                "1": {
                    "twoQubits": [
                        14,
                        20
                    ],
                    "cz_error": 3.72
                },
                "2": {
                    "twoQubits": [
                        14,
                        20
                    ],
                    "cz_error": 3.72
                }
            },
            "t1_dict": {
                "20": 25.2821,
                "14": 24.4302
            },
            "t2_dict": {
                "20": 3.3763,
                "14": 3.6913
            },
            "singleQubit_update_time": "2025-03-21 02:33:29",
            "readout_update_time": "2025-03-27 13:01:17",
            "twoQubitGate_update_time": "2025-03-27 10:55:07",
            "origin_circuit": "CZ Q1 Q0\nY2M Q0\nRZ Q0 -2.060021963934074\nY2P Q0\nCZ Q1 Q0\nRZ Q0 1.570796325\nX2P Q0\nRZ Q0 1.570796325\nX2M Q0\nCZ Q1 Q0\nRZ Q0 3.14159265\nY2P Q0\nRZ Q0 1.570796325\nM Q0\nM Q1",
            "layout": [
                20,
                14
            ],
            "transpiled_circit": "CZ Q14 Q20\nY2M Q20\nRZ Q20 -2.060021963934074\nY2P Q20\nCZ Q14 Q20\nRZ Q20 1.570796325\nX2P Q20\nRZ Q20 1.570796325\nX2M Q20\nCZ Q14 Q20\nRZ Q20 3.14159265\nY2P Q20\nRZ Q20 1.570796325\nM Q20\nM Q14"
        }
    }
}