{
    "transpiled_randomCircuit_2qubit_2": {
        "run_config": {
            "machine_time": "tianyan176-2",
            "repeat": 1,
            "shots": 8000,
            "layout": [
                55,
                49
            ],
            "layout_id": 179,
            "expected_fidelity": 0.9021550815098833,
            "real_fidelity": 0.968854382850347,
            "begin_time": "2025-03-27 13:45:11",
            "end_time": "2025-03-27 13:45:22",
            "cost_time": "11.507549 s"
        },
        "circuit_features": {
            "num_qubits": 2,
            "num_gates": 13,
            "depth": 13,
            "program_communication": 1.0,
            "critical_depth": 1.0,
            "entanglement_ratio": 0.23076923076923078,
            "parallelism": 0.0,
            "liveness": 0.6153846153846154,
            "min_qubit_frequency": 5.4472,
            "max_qubit_frequency": 5.74,
            "avg_qubit_frequency": 5.5936,
            "min_readout_frequency": null,
            "max_readout_frequency": null,
            "avg_readout_frequency": null,
            "min_readoutError": 1.82,
            "max_readoutError": 2.05,
            "avg_readoutError": 1.935,
            "min_singleQubit_gate_error": 0.26,
            "max_singleQubit_gate_error": 0.37,
            "avg_singleQubit_gate_error": 0.315,
            "min_twoQubits_gate_error": 0.89,
            "max_twoQubits_gate_error": 0.89,
            "avg_twoQubits_gate_error": 0.89,
            "min_t1": 6.0438,
            "max_t1": 33.0192,
            "avg_t1": 19.531499999999998,
            "min_t2": 3.5214,
            "max_t2": 4.6667,
            "avg_t2": 4.094049999999999,
            "twoQubits_gate_error_accumulation": 2.67,
            "expected_fidelity": 0.9021550815098833,
            "idel_entropy": 0.320710672056375,
            "idle_rate": 0.5882352941176471,
            "qubit_frequency_dict": {
                "55": 5.4472,
                "49": 5.74
            },
            "readout_frequency_dict": {
                "55": null,
                "49": null
            },
            "readoutError_dict": {
                "55": 1.82,
                "49": 2.05
            },
            "singleQubit_gate_error_dict": {
                "55": 0.37,
                "49": 0.26
            },
            "twoQubits_gate_error_dict": {
                "0": {
                    "twoQubits": [
                        49,
                        55
                    ],
                    "cz_error": 0.89
                },
                "1": {
                    "twoQubits": [
                        49,
                        55
                    ],
                    "cz_error": 0.89
                },
                "2": {
                    "twoQubits": [
                        49,
                        55
                    ],
                    "cz_error": 0.89
                }
            },
            "t1_dict": {
                "55": 33.0192,
                "49": 6.0438
            },
            "t2_dict": {
                "55": 4.6667,
                "49": 3.5214
            },
            "singleQubit_update_time": "2025-03-21 02:33:29",
            "readout_update_time": "2025-03-27 13:31:17",
            "twoQubitGate_update_time": "2025-03-27 10:55:07",
            "origin_circuit": "CZ Q1 Q0\nY2M Q0\nRZ Q0 -2.060021963934074\nY2P Q0\nCZ Q1 Q0\nRZ Q0 1.570796325\nX2P Q0\nRZ Q0 1.570796325\nX2M Q0\nCZ Q1 Q0\nRZ Q0 3.14159265\nY2P Q0\nRZ Q0 1.570796325\nM Q0\nM Q1",
            "layout": [
                55,
                49
            ],
            "transpiled_circit": "CZ Q49 Q55\nY2M Q55\nRZ Q55 -2.060021963934074\nY2P Q55\nCZ Q49 Q55\nRZ Q55 1.570796325\nX2P Q55\nRZ Q55 1.570796325\nX2M Q55\nCZ Q49 Q55\nRZ Q55 3.14159265\nY2P Q55\nRZ Q55 1.570796325\nM Q55\nM Q49"
        }
    }
}