{
    "transpiled_randomCircuit_2qubit_2": {
        "run_config": {
            "machine_time": "tianyan176-2",
            "repeat": 1,
            "shots": 8000,
            "layout": [
                21,
                26
            ],
            "layout_id": 22,
            "expected_fidelity": 0.9133260757429775,
            "real_fidelity": 0.9964463244781883,
            "begin_time": "2025-03-27 13:10:22",
            "end_time": "2025-03-27 13:10:33",
            "cost_time": "11.603923 s"
        },
        "circuit_features": {
            "num_qubits": 2,
            "num_gates": 13,
            "depth": 13,
            "program_communication": 1.0,
            "critical_depth": 1.0,
            "entanglement_ratio": 0.23076923076923078,
            "parallelism": 0.0,
            "liveness": 0.6153846153846154,
            "min_qubit_frequency": 5.1414,
            "max_qubit_frequency": 5.2574,
            "avg_qubit_frequency": 5.1994,
            "min_readout_frequency": null,
            "max_readout_frequency": null,
            "avg_readout_frequency": null,
            "min_readoutError": 1.59,
            "max_readoutError": 2.73,
            "avg_readoutError": 2.16,
            "min_singleQubit_gate_error": 0.08,
            "max_singleQubit_gate_error": 0.09,
            "avg_singleQubit_gate_error": 0.08499999999999999,
            "min_twoQubits_gate_error": 1.29,
            "max_twoQubits_gate_error": 1.29,
            "avg_twoQubits_gate_error": 1.29,
            "min_t1": 22.856,
            "max_t1": 42.5285,
            "avg_t1": 32.69225,
            "min_t2": 2.3345,
            "max_t2": 2.5943,
            "avg_t2": 2.4644,
            "twoQubits_gate_error_accumulation": 3.87,
            "expected_fidelity": 0.9133260757429775,
            "idel_entropy": 0.320710672056375,
            "idle_rate": 0.5882352941176471,
            "qubit_frequency_dict": {
                "21": 5.1414,
                "26": 5.2574
            },
            "readout_frequency_dict": {
                "21": null,
                "26": null
            },
            "readoutError_dict": {
                "21": 2.73,
                "26": 1.59
            },
            "singleQubit_gate_error_dict": {
                "21": 0.08,
                "26": 0.09
            },
            "twoQubits_gate_error_dict": {
                "0": {
                    "twoQubits": [
                        26,
                        21
                    ],
                    "cz_error": 1.29
                },
                "1": {
                    "twoQubits": [
                        26,
                        21
                    ],
                    "cz_error": 1.29
                },
                "2": {
                    "twoQubits": [
                        26,
                        21
                    ],
                    "cz_error": 1.29
                }
            },
            "t1_dict": {
                "21": 42.5285,
                "26": 22.856
            },
            "t2_dict": {
                "21": 2.5943,
                "26": 2.3345
            },
            "singleQubit_update_time": "2025-03-21 02:33:29",
            "readout_update_time": "2025-03-27 13:01:17",
            "twoQubitGate_update_time": "2025-03-27 10:55:07",
            "origin_circuit": "CZ Q1 Q0\nY2M Q0\nRZ Q0 -2.060021963934074\nY2P Q0\nCZ Q1 Q0\nRZ Q0 1.570796325\nX2P Q0\nRZ Q0 1.570796325\nX2M Q0\nCZ Q1 Q0\nRZ Q0 3.14159265\nY2P Q0\nRZ Q0 1.570796325\nM Q0\nM Q1",
            "layout": [
                21,
                26
            ],
            "transpiled_circit": "CZ Q26 Q21\nY2M Q21\nRZ Q21 -2.060021963934074\nY2P Q21\nCZ Q26 Q21\nRZ Q21 1.570796325\nX2P Q21\nRZ Q21 1.570796325\nX2M Q21\nCZ Q26 Q21\nRZ Q21 3.14159265\nY2P Q21\nRZ Q21 1.570796325\nM Q21\nM Q26"
        }
    }
}