{
    "transpiled_randomCircuit_2qubit_2": {
        "run_config": {
            "machine_time": "tianyan176-2",
            "repeat": 1,
            "shots": 8000,
            "layout": [
                20,
                25
            ],
            "layout_id": 30,
            "expected_fidelity": 0.8574225448021708,
            "real_fidelity": 0.9961927334870274,
            "begin_time": "2025-03-27 13:12:05",
            "end_time": "2025-03-27 13:12:57",
            "cost_time": "52.090046 s"
        },
        "circuit_features": {
            "num_qubits": 2,
            "num_gates": 13,
            "depth": 13,
            "program_communication": 1.0,
            "critical_depth": 1.0,
            "entanglement_ratio": 0.23076923076923078,
            "parallelism": 0.0,
            "liveness": 0.6153846153846154,
            "min_qubit_frequency": 5.3375,
            "max_qubit_frequency": 5.5602,
            "avg_qubit_frequency": 5.44885,
            "min_readout_frequency": null,
            "max_readout_frequency": null,
            "avg_readout_frequency": null,
            "min_readoutError": 1.4,
            "max_readoutError": 1.92,
            "avg_readoutError": 1.66,
            "min_singleQubit_gate_error": 0.15,
            "max_singleQubit_gate_error": 0.29,
            "avg_singleQubit_gate_error": 0.21999999999999997,
            "min_twoQubits_gate_error": 3.45,
            "max_twoQubits_gate_error": 3.45,
            "avg_twoQubits_gate_error": 3.4500000000000006,
            "min_t1": 8.7069,
            "max_t1": 25.2821,
            "avg_t1": 16.9945,
            "min_t2": 3.3763,
            "max_t2": 4.0429,
            "avg_t2": 3.7096,
            "twoQubits_gate_error_accumulation": 10.350000000000001,
            "expected_fidelity": 0.8574225448021708,
            "idel_entropy": 0.320710672056375,
            "idle_rate": 0.5882352941176471,
            "qubit_frequency_dict": {
                "20": 5.3375,
                "25": 5.5602
            },
            "readout_frequency_dict": {
                "20": null,
                "25": null
            },
            "readoutError_dict": {
                "20": 1.4,
                "25": 1.92
            },
            "singleQubit_gate_error_dict": {
                "20": 0.15,
                "25": 0.29
            },
            "twoQubits_gate_error_dict": {
                "0": {
                    "twoQubits": [
                        25,
                        20
                    ],
                    "cz_error": 3.45
                },
                "1": {
                    "twoQubits": [
                        25,
                        20
                    ],
                    "cz_error": 3.45
                },
                "2": {
                    "twoQubits": [
                        25,
                        20
                    ],
                    "cz_error": 3.45
                }
            },
            "t1_dict": {
                "20": 25.2821,
                "25": 8.7069
            },
            "t2_dict": {
                "20": 3.3763,
                "25": 4.0429
            },
            "singleQubit_update_time": "2025-03-21 02:33:29",
            "readout_update_time": "2025-03-27 13:01:17",
            "twoQubitGate_update_time": "2025-03-27 10:55:07",
            "origin_circuit": "CZ Q1 Q0\nY2M Q0\nRZ Q0 -2.060021963934074\nY2P Q0\nCZ Q1 Q0\nRZ Q0 1.570796325\nX2P Q0\nRZ Q0 1.570796325\nX2M Q0\nCZ Q1 Q0\nRZ Q0 3.14159265\nY2P Q0\nRZ Q0 1.570796325\nM Q0\nM Q1",
            "layout": [
                20,
                25
            ],
            "transpiled_circit": "CZ Q25 Q20\nY2M Q20\nRZ Q20 -2.060021963934074\nY2P Q20\nCZ Q25 Q20\nRZ Q20 1.570796325\nX2P Q20\nRZ Q20 1.570796325\nX2M Q20\nCZ Q25 Q20\nRZ Q20 3.14159265\nY2P Q20\nRZ Q20 1.570796325\nM Q20\nM Q25"
        }
    }
}