{
    "transpiled_randomCircuit_2qubit_2": {
        "run_config": {
            "machine_time": "tianyan176-2",
            "repeat": 1,
            "shots": 8000,
            "layout": [
                63,
                58
            ],
            "layout_id": 185,
            "expected_fidelity": 0.7900153450826323,
            "real_fidelity": 0.9920681707817591,
            "begin_time": "2025-03-27 13:46:21",
            "end_time": "2025-03-27 13:46:33",
            "cost_time": "11.555271 s"
        },
        "circuit_features": {
            "num_qubits": 2,
            "num_gates": 13,
            "depth": 13,
            "program_communication": 1.0,
            "critical_depth": 1.0,
            "entanglement_ratio": 0.23076923076923078,
            "parallelism": 0.0,
            "liveness": 0.6153846153846154,
            "min_qubit_frequency": 5.133,
            "max_qubit_frequency": 5.4556,
            "avg_qubit_frequency": 5.2943,
            "min_readout_frequency": null,
            "max_readout_frequency": null,
            "avg_readout_frequency": null,
            "min_readoutError": 1.14,
            "max_readoutError": 17.68,
            "avg_readoutError": 9.41,
            "min_singleQubit_gate_error": 0.08,
            "max_singleQubit_gate_error": 0.21,
            "avg_singleQubit_gate_error": 0.145,
            "min_twoQubits_gate_error": 0.72,
            "max_twoQubits_gate_error": 0.72,
            "avg_twoQubits_gate_error": 0.7200000000000001,
            "min_t1": 12.8438,
            "max_t1": 19.8057,
            "avg_t1": 16.32475,
            "min_t2": 1.8917,
            "max_t2": 4.6743,
            "avg_t2": 3.283,
            "twoQubits_gate_error_accumulation": 2.16,
            "expected_fidelity": 0.7900153450826323,
            "idel_entropy": 0.320710672056375,
            "idle_rate": 0.5882352941176471,
            "qubit_frequency_dict": {
                "63": 5.133,
                "58": 5.4556
            },
            "readout_frequency_dict": {
                "63": null,
                "58": null
            },
            "readoutError_dict": {
                "63": 17.68,
                "58": 1.14
            },
            "singleQubit_gate_error_dict": {
                "63": 0.08,
                "58": 0.21
            },
            "twoQubits_gate_error_dict": {
                "0": {
                    "twoQubits": [
                        58,
                        63
                    ],
                    "cz_error": 0.72
                },
                "1": {
                    "twoQubits": [
                        58,
                        63
                    ],
                    "cz_error": 0.72
                },
                "2": {
                    "twoQubits": [
                        58,
                        63
                    ],
                    "cz_error": 0.72
                }
            },
            "t1_dict": {
                "63": 19.8057,
                "58": 12.8438
            },
            "t2_dict": {
                "63": 1.8917,
                "58": 4.6743
            },
            "singleQubit_update_time": "2025-03-21 02:33:29",
            "readout_update_time": "2025-03-27 13:31:17",
            "twoQubitGate_update_time": "2025-03-27 10:55:07",
            "origin_circuit": "CZ Q1 Q0\nY2M Q0\nRZ Q0 -2.060021963934074\nY2P Q0\nCZ Q1 Q0\nRZ Q0 1.570796325\nX2P Q0\nRZ Q0 1.570796325\nX2M Q0\nCZ Q1 Q0\nRZ Q0 3.14159265\nY2P Q0\nRZ Q0 1.570796325\nM Q0\nM Q1",
            "layout": [
                63,
                58
            ],
            "transpiled_circit": "CZ Q58 Q63\nY2M Q63\nRZ Q63 -2.060021963934074\nY2P Q63\nCZ Q58 Q63\nRZ Q63 1.570796325\nX2P Q63\nRZ Q63 1.570796325\nX2M Q63\nCZ Q58 Q63\nRZ Q63 3.14159265\nY2P Q63\nRZ Q63 1.570796325\nM Q63\nM Q58"
        }
    }
}