{
    "transpiled_randomCircuit_2qubit_2": {
        "run_config": {
            "machine_time": "tianyan176-2",
            "repeat": 1,
            "shots": 8000,
            "layout": [
                9,
                3
            ],
            "layout_id": 3,
            "expected_fidelity": 0.9037927176267828,
            "real_fidelity": 0.9971468573916084,
            "begin_time": "2025-03-27 13:05:48",
            "end_time": "2025-03-27 13:05:59",
            "cost_time": "11.548332 s"
        },
        "circuit_features": {
            "num_qubits": 2,
            "num_gates": 13,
            "depth": 13,
            "program_communication": 1.0,
            "critical_depth": 1.0,
            "entanglement_ratio": 0.23076923076923078,
            "parallelism": 0.0,
            "liveness": 0.6153846153846154,
            "min_qubit_frequency": 5.1692,
            "max_qubit_frequency": 5.5403,
            "avg_qubit_frequency": 5.35475,
            "min_readout_frequency": null,
            "max_readout_frequency": null,
            "avg_readout_frequency": null,
            "min_readoutError": 0.98,
            "max_readoutError": 2.04,
            "avg_readoutError": 1.51,
            "min_singleQubit_gate_error": 0.11,
            "max_singleQubit_gate_error": 0.16,
            "avg_singleQubit_gate_error": 0.135,
            "min_twoQubits_gate_error": 1.97,
            "max_twoQubits_gate_error": 1.97,
            "avg_twoQubits_gate_error": 1.97,
            "min_t1": 27.1652,
            "max_t1": 27.6064,
            "avg_t1": 27.3858,
            "min_t2": 2.2101,
            "max_t2": 4.873,
            "avg_t2": 3.54155,
            "twoQubits_gate_error_accumulation": 5.91,
            "expected_fidelity": 0.9037927176267828,
            "idel_entropy": 0.320710672056375,
            "idle_rate": 0.5882352941176471,
            "qubit_frequency_dict": {
                "9": 5.1692,
                "3": 5.5403
            },
            "readout_frequency_dict": {
                "9": null,
                "3": null
            },
            "readoutError_dict": {
                "9": 2.04,
                "3": 0.98
            },
            "singleQubit_gate_error_dict": {
                "9": 0.11,
                "3": 0.16
            },
            "twoQubits_gate_error_dict": {
                "0": {
                    "twoQubits": [
                        3,
                        9
                    ],
                    "cz_error": 1.97
                },
                "1": {
                    "twoQubits": [
                        3,
                        9
                    ],
                    "cz_error": 1.97
                },
                "2": {
                    "twoQubits": [
                        3,
                        9
                    ],
                    "cz_error": 1.97
                }
            },
            "t1_dict": {
                "9": 27.6064,
                "3": 27.1652
            },
            "t2_dict": {
                "9": 2.2101,
                "3": 4.873
            },
            "singleQubit_update_time": "2025-03-21 02:33:29",
            "readout_update_time": "2025-03-27 13:01:17",
            "twoQubitGate_update_time": "2025-03-27 10:55:07",
            "origin_circuit": "CZ Q1 Q0\nY2M Q0\nRZ Q0 -2.060021963934074\nY2P Q0\nCZ Q1 Q0\nRZ Q0 1.570796325\nX2P Q0\nRZ Q0 1.570796325\nX2M Q0\nCZ Q1 Q0\nRZ Q0 3.14159265\nY2P Q0\nRZ Q0 1.570796325\nM Q0\nM Q1",
            "layout": [
                9,
                3
            ],
            "transpiled_circit": "CZ Q3 Q9\nY2M Q9\nRZ Q9 -2.060021963934074\nY2P Q9\nCZ Q3 Q9\nRZ Q9 1.570796325\nX2P Q9\nRZ Q9 1.570796325\nX2M Q9\nCZ Q3 Q9\nRZ Q9 3.14159265\nY2P Q9\nRZ Q9 1.570796325\nM Q9\nM Q3"
        }
    }
}