{
    "transpiled_randomCircuit_2qubit_2": {
        "run_config": {
            "machine_time": "tianyan176-2",
            "repeat": 1,
            "shots": 8000,
            "layout": [
                38,
                33
            ],
            "layout_id": 100,
            "expected_fidelity": 0.8035096096141097,
            "real_fidelity": 0.864436199287198,
            "begin_time": "2025-03-27 13:26:52",
            "end_time": "2025-03-27 13:27:04",
            "cost_time": "11.442748 s"
        },
        "circuit_features": {
            "num_qubits": 2,
            "num_gates": 13,
            "depth": 13,
            "program_communication": 1.0,
            "critical_depth": 1.0,
            "entanglement_ratio": 0.23076923076923078,
            "parallelism": 0.0,
            "liveness": 0.6153846153846154,
            "min_qubit_frequency": 4.9919,
            "max_qubit_frequency": 5.1769,
            "avg_qubit_frequency": 5.0844000000000005,
            "min_readout_frequency": null,
            "max_readout_frequency": null,
            "avg_readout_frequency": null,
            "min_readoutError": 2.97,
            "max_readoutError": 10.95,
            "avg_readoutError": 6.96,
            "min_singleQubit_gate_error": 0.13,
            "max_singleQubit_gate_error": 0.16,
            "avg_singleQubit_gate_error": 0.14500000000000002,
            "min_twoQubits_gate_error": 1.87,
            "max_twoQubits_gate_error": 1.87,
            "avg_twoQubits_gate_error": 1.87,
            "min_t1": 20.6299,
            "max_t1": 42.5819,
            "avg_t1": 31.6059,
            "min_t2": 1.6169,
            "max_t2": 1.8213,
            "avg_t2": 1.7191,
            "twoQubits_gate_error_accumulation": 5.61,
            "expected_fidelity": 0.8035096096141097,
            "idel_entropy": 0.320710672056375,
            "idle_rate": 0.5882352941176471,
            "qubit_frequency_dict": {
                "38": 5.1769,
                "33": 4.9919
            },
            "readout_frequency_dict": {
                "38": null,
                "33": null
            },
            "readoutError_dict": {
                "38": 2.97,
                "33": 10.95
            },
            "singleQubit_gate_error_dict": {
                "38": 0.16,
                "33": 0.13
            },
            "twoQubits_gate_error_dict": {
                "0": {
                    "twoQubits": [
                        33,
                        38
                    ],
                    "cz_error": 1.87
                },
                "1": {
                    "twoQubits": [
                        33,
                        38
                    ],
                    "cz_error": 1.87
                },
                "2": {
                    "twoQubits": [
                        33,
                        38
                    ],
                    "cz_error": 1.87
                }
            },
            "t1_dict": {
                "38": 42.5819,
                "33": 20.6299
            },
            "t2_dict": {
                "38": 1.8213,
                "33": 1.6169
            },
            "singleQubit_update_time": "2025-03-21 02:33:29",
            "readout_update_time": "2025-03-27 13:01:17",
            "twoQubitGate_update_time": "2025-03-27 10:55:07",
            "origin_circuit": "CZ Q1 Q0\nY2M Q0\nRZ Q0 -2.060021963934074\nY2P Q0\nCZ Q1 Q0\nRZ Q0 1.570796325\nX2P Q0\nRZ Q0 1.570796325\nX2M Q0\nCZ Q1 Q0\nRZ Q0 3.14159265\nY2P Q0\nRZ Q0 1.570796325\nM Q0\nM Q1",
            "layout": [
                38,
                33
            ],
            "transpiled_circit": "CZ Q33 Q38\nY2M Q38\nRZ Q38 -2.060021963934074\nY2P Q38\nCZ Q33 Q38\nRZ Q38 1.570796325\nX2P Q38\nRZ Q38 1.570796325\nX2M Q38\nCZ Q33 Q38\nRZ Q38 3.14159265\nY2P Q38\nRZ Q38 1.570796325\nM Q38\nM Q33"
        }
    }
}