{
    "transpiled_randomCircuit_2qubit_2": {
        "run_config": {
            "machine_time": "tianyan176-2",
            "repeat": 1,
            "shots": 8000,
            "layout": [
                49,
                56
            ],
            "layout_id": 154,
            "expected_fidelity": 0.9150572075107044,
            "real_fidelity": 0.9754734731302422,
            "begin_time": "2025-03-27 13:40:01",
            "end_time": "2025-03-27 13:40:12",
            "cost_time": "11.032983 s"
        },
        "circuit_features": {
            "num_qubits": 2,
            "num_gates": 13,
            "depth": 13,
            "program_communication": 1.0,
            "critical_depth": 1.0,
            "entanglement_ratio": 0.23076923076923078,
            "parallelism": 0.0,
            "liveness": 0.6153846153846154,
            "min_qubit_frequency": 5.3942,
            "max_qubit_frequency": 5.74,
            "avg_qubit_frequency": 5.5671,
            "min_readout_frequency": null,
            "max_readout_frequency": null,
            "avg_readout_frequency": null,
            "min_readoutError": 1.21,
            "max_readoutError": 2.05,
            "avg_readoutError": 1.63,
            "min_singleQubit_gate_error": 0.19,
            "max_singleQubit_gate_error": 0.26,
            "avg_singleQubit_gate_error": 0.225,
            "min_twoQubits_gate_error": 0.99,
            "max_twoQubits_gate_error": 0.99,
            "avg_twoQubits_gate_error": 0.9899999999999999,
            "min_t1": 6.0438,
            "max_t1": 28.552,
            "avg_t1": 17.2979,
            "min_t2": 3.5214,
            "max_t2": 6.7878,
            "avg_t2": 5.1546,
            "twoQubits_gate_error_accumulation": 2.9699999999999998,
            "expected_fidelity": 0.9150572075107044,
            "idel_entropy": 0.320710672056375,
            "idle_rate": 0.5882352941176471,
            "qubit_frequency_dict": {
                "49": 5.74,
                "56": 5.3942
            },
            "readout_frequency_dict": {
                "49": null,
                "56": null
            },
            "readoutError_dict": {
                "49": 2.05,
                "56": 1.21
            },
            "singleQubit_gate_error_dict": {
                "49": 0.26,
                "56": 0.19
            },
            "twoQubits_gate_error_dict": {
                "0": {
                    "twoQubits": [
                        56,
                        49
                    ],
                    "cz_error": 0.99
                },
                "1": {
                    "twoQubits": [
                        56,
                        49
                    ],
                    "cz_error": 0.99
                },
                "2": {
                    "twoQubits": [
                        56,
                        49
                    ],
                    "cz_error": 0.99
                }
            },
            "t1_dict": {
                "49": 6.0438,
                "56": 28.552
            },
            "t2_dict": {
                "49": 3.5214,
                "56": 6.7878
            },
            "singleQubit_update_time": "2025-03-21 02:33:29",
            "readout_update_time": "2025-03-27 13:31:17",
            "twoQubitGate_update_time": "2025-03-27 10:55:07",
            "origin_circuit": "CZ Q1 Q0\nY2M Q0\nRZ Q0 -2.060021963934074\nY2P Q0\nCZ Q1 Q0\nRZ Q0 1.570796325\nX2P Q0\nRZ Q0 1.570796325\nX2M Q0\nCZ Q1 Q0\nRZ Q0 3.14159265\nY2P Q0\nRZ Q0 1.570796325\nM Q0\nM Q1",
            "layout": [
                49,
                56
            ],
            "transpiled_circit": "CZ Q56 Q49\nY2M Q49\nRZ Q49 -2.060021963934074\nY2P Q49\nCZ Q56 Q49\nRZ Q49 1.570796325\nX2P Q49\nRZ Q49 1.570796325\nX2M Q49\nCZ Q56 Q49\nRZ Q49 3.14159265\nY2P Q49\nRZ Q49 1.570796325\nM Q49\nM Q56"
        }
    }
}