{
    "transpiled_randomCircuit_2qubit_2": {
        "run_config": {
            "machine_time": "tianyan176-2",
            "repeat": 1,
            "shots": 8000,
            "layout": [
                62,
                57
            ],
            "layout_id": 182,
            "expected_fidelity": 0.7060395796922013,
            "real_fidelity": 0.9945788353406076,
            "begin_time": "2025-03-27 13:45:46",
            "end_time": "2025-03-27 13:45:57",
            "cost_time": "11.21311 s"
        },
        "circuit_features": {
            "num_qubits": 2,
            "num_gates": 13,
            "depth": 13,
            "program_communication": 1.0,
            "critical_depth": 1.0,
            "entanglement_ratio": 0.23076923076923078,
            "parallelism": 0.0,
            "liveness": 0.6153846153846154,
            "min_qubit_frequency": 5.1876,
            "max_qubit_frequency": 5.2959,
            "avg_qubit_frequency": 5.24175,
            "min_readout_frequency": null,
            "max_readout_frequency": null,
            "avg_readout_frequency": null,
            "min_readoutError": 3.09,
            "max_readoutError": 19.36,
            "avg_readoutError": 11.225,
            "min_singleQubit_gate_error": 0.18,
            "max_singleQubit_gate_error": 0.24,
            "avg_singleQubit_gate_error": 0.21,
            "min_twoQubits_gate_error": 2.55,
            "max_twoQubits_gate_error": 2.55,
            "avg_twoQubits_gate_error": 2.55,
            "min_t1": 6.7555,
            "max_t1": 23.273,
            "avg_t1": 15.01425,
            "min_t2": 2.0498,
            "max_t2": 2.9094,
            "avg_t2": 2.4796,
            "twoQubits_gate_error_accumulation": 7.6499999999999995,
            "expected_fidelity": 0.7060395796922013,
            "idel_entropy": 0.320710672056375,
            "idle_rate": 0.5882352941176471,
            "qubit_frequency_dict": {
                "62": 5.1876,
                "57": 5.2959
            },
            "readout_frequency_dict": {
                "62": null,
                "57": null
            },
            "readoutError_dict": {
                "62": 19.36,
                "57": 3.09
            },
            "singleQubit_gate_error_dict": {
                "62": 0.24,
                "57": 0.18
            },
            "twoQubits_gate_error_dict": {
                "0": {
                    "twoQubits": [
                        57,
                        62
                    ],
                    "cz_error": 2.55
                },
                "1": {
                    "twoQubits": [
                        57,
                        62
                    ],
                    "cz_error": 2.55
                },
                "2": {
                    "twoQubits": [
                        57,
                        62
                    ],
                    "cz_error": 2.55
                }
            },
            "t1_dict": {
                "62": 6.7555,
                "57": 23.273
            },
            "t2_dict": {
                "62": 2.0498,
                "57": 2.9094
            },
            "singleQubit_update_time": "2025-03-21 02:33:29",
            "readout_update_time": "2025-03-27 13:31:17",
            "twoQubitGate_update_time": "2025-03-27 10:55:07",
            "origin_circuit": "CZ Q1 Q0\nY2M Q0\nRZ Q0 -2.060021963934074\nY2P Q0\nCZ Q1 Q0\nRZ Q0 1.570796325\nX2P Q0\nRZ Q0 1.570796325\nX2M Q0\nCZ Q1 Q0\nRZ Q0 3.14159265\nY2P Q0\nRZ Q0 1.570796325\nM Q0\nM Q1",
            "layout": [
                62,
                57
            ],
            "transpiled_circit": "CZ Q57 Q62\nY2M Q62\nRZ Q62 -2.060021963934074\nY2P Q62\nCZ Q57 Q62\nRZ Q62 1.570796325\nX2P Q62\nRZ Q62 1.570796325\nX2M Q62\nCZ Q57 Q62\nRZ Q62 3.14159265\nY2P Q62\nRZ Q62 1.570796325\nM Q62\nM Q57"
        }
    }
}