{
    "transpiled_randomCircuit_2qubit_2": {
        "run_config": {
            "machine_time": "tianyan176-2",
            "repeat": 1,
            "shots": 8000,
            "layout": [
                44,
                37
            ],
            "layout_id": 127,
            "expected_fidelity": 0.9295059236237395,
            "real_fidelity": 0.9934743619891145,
            "begin_time": "2025-03-27 13:34:30",
            "end_time": "2025-03-27 13:34:41",
            "cost_time": "10.930971 s"
        },
        "circuit_features": {
            "num_qubits": 2,
            "num_gates": 13,
            "depth": 13,
            "program_communication": 1.0,
            "critical_depth": 1.0,
            "entanglement_ratio": 0.23076923076923078,
            "parallelism": 0.0,
            "liveness": 0.6153846153846154,
            "min_qubit_frequency": 5.1539,
            "max_qubit_frequency": 5.4592,
            "avg_qubit_frequency": 5.30655,
            "min_readout_frequency": null,
            "max_readout_frequency": null,
            "avg_readout_frequency": null,
            "min_readoutError": 1.36,
            "max_readoutError": 2.03,
            "avg_readoutError": 1.6949999999999998,
            "min_singleQubit_gate_error": 0.16,
            "max_singleQubit_gate_error": 0.22,
            "avg_singleQubit_gate_error": 0.19,
            "min_twoQubits_gate_error": 0.76,
            "max_twoQubits_gate_error": 0.76,
            "avg_twoQubits_gate_error": 0.7600000000000001,
            "min_t1": 23.4787,
            "max_t1": 28.0461,
            "avg_t1": 25.7624,
            "min_t2": 1.8098,
            "max_t2": 3.5204,
            "avg_t2": 2.6651,
            "twoQubits_gate_error_accumulation": 2.2800000000000002,
            "expected_fidelity": 0.9295059236237395,
            "idel_entropy": 0.320710672056375,
            "idle_rate": 0.5882352941176471,
            "qubit_frequency_dict": {
                "44": 5.4592,
                "37": 5.1539
            },
            "readout_frequency_dict": {
                "44": null,
                "37": null
            },
            "readoutError_dict": {
                "44": 1.36,
                "37": 2.03
            },
            "singleQubit_gate_error_dict": {
                "44": 0.16,
                "37": 0.22
            },
            "twoQubits_gate_error_dict": {
                "0": {
                    "twoQubits": [
                        37,
                        44
                    ],
                    "cz_error": 0.76
                },
                "1": {
                    "twoQubits": [
                        37,
                        44
                    ],
                    "cz_error": 0.76
                },
                "2": {
                    "twoQubits": [
                        37,
                        44
                    ],
                    "cz_error": 0.76
                }
            },
            "t1_dict": {
                "44": 23.4787,
                "37": 28.0461
            },
            "t2_dict": {
                "44": 3.5204,
                "37": 1.8098
            },
            "singleQubit_update_time": "2025-03-21 02:33:29",
            "readout_update_time": "2025-03-27 13:31:17",
            "twoQubitGate_update_time": "2025-03-27 10:55:07",
            "origin_circuit": "CZ Q1 Q0\nY2M Q0\nRZ Q0 -2.060021963934074\nY2P Q0\nCZ Q1 Q0\nRZ Q0 1.570796325\nX2P Q0\nRZ Q0 1.570796325\nX2M Q0\nCZ Q1 Q0\nRZ Q0 3.14159265\nY2P Q0\nRZ Q0 1.570796325\nM Q0\nM Q1",
            "layout": [
                44,
                37
            ],
            "transpiled_circit": "CZ Q37 Q44\nY2M Q44\nRZ Q44 -2.060021963934074\nY2P Q44\nCZ Q37 Q44\nRZ Q44 1.570796325\nX2P Q44\nRZ Q44 1.570796325\nX2M Q44\nCZ Q37 Q44\nRZ Q44 3.14159265\nY2P Q44\nRZ Q44 1.570796325\nM Q44\nM Q37"
        }
    }
}