{
    "transpiled_randomCircuit_2qubit_2": {
        "run_config": {
            "machine_time": "tianyan176-2",
            "repeat": 1,
            "shots": 8000,
            "layout": [
                2,
                9
            ],
            "layout_id": 12,
            "expected_fidelity": 0.8907198705932641,
            "real_fidelity": 0.9365343119001323,
            "begin_time": "2025-03-27 13:07:36",
            "end_time": "2025-03-27 13:07:48",
            "cost_time": "11.393707 s"
        },
        "circuit_features": {
            "num_qubits": 2,
            "num_gates": 13,
            "depth": 13,
            "program_communication": 1.0,
            "critical_depth": 1.0,
            "entanglement_ratio": 0.23076923076923078,
            "parallelism": 0.0,
            "liveness": 0.6153846153846154,
            "min_qubit_frequency": 5.1692,
            "max_qubit_frequency": 5.2174,
            "avg_qubit_frequency": 5.1933,
            "min_readout_frequency": null,
            "max_readout_frequency": null,
            "avg_readout_frequency": null,
            "min_readoutError": 1.76,
            "max_readoutError": 2.04,
            "avg_readoutError": 1.9,
            "min_singleQubit_gate_error": 0.11,
            "max_singleQubit_gate_error": 0.48,
            "avg_singleQubit_gate_error": 0.295,
            "min_twoQubits_gate_error": 0.97,
            "max_twoQubits_gate_error": 0.97,
            "avg_twoQubits_gate_error": 0.9700000000000001,
            "min_t1": 24.9775,
            "max_t1": 27.6064,
            "avg_t1": 26.29195,
            "min_t2": 2.0827,
            "max_t2": 2.2101,
            "avg_t2": 2.1464,
            "twoQubits_gate_error_accumulation": 2.91,
            "expected_fidelity": 0.8907198705932641,
            "idel_entropy": 0.320710672056375,
            "idle_rate": 0.5882352941176471,
            "qubit_frequency_dict": {
                "2": 5.2174,
                "9": 5.1692
            },
            "readout_frequency_dict": {
                "2": null,
                "9": null
            },
            "readoutError_dict": {
                "2": 1.76,
                "9": 2.04
            },
            "singleQubit_gate_error_dict": {
                "2": 0.48,
                "9": 0.11
            },
            "twoQubits_gate_error_dict": {
                "0": {
                    "twoQubits": [
                        9,
                        2
                    ],
                    "cz_error": 0.97
                },
                "1": {
                    "twoQubits": [
                        9,
                        2
                    ],
                    "cz_error": 0.97
                },
                "2": {
                    "twoQubits": [
                        9,
                        2
                    ],
                    "cz_error": 0.97
                }
            },
            "t1_dict": {
                "2": 24.9775,
                "9": 27.6064
            },
            "t2_dict": {
                "2": 2.0827,
                "9": 2.2101
            },
            "singleQubit_update_time": "2025-03-21 02:33:29",
            "readout_update_time": "2025-03-27 13:01:17",
            "twoQubitGate_update_time": "2025-03-27 10:55:07",
            "origin_circuit": "CZ Q1 Q0\nY2M Q0\nRZ Q0 -2.060021963934074\nY2P Q0\nCZ Q1 Q0\nRZ Q0 1.570796325\nX2P Q0\nRZ Q0 1.570796325\nX2M Q0\nCZ Q1 Q0\nRZ Q0 3.14159265\nY2P Q0\nRZ Q0 1.570796325\nM Q0\nM Q1",
            "layout": [
                2,
                9
            ],
            "transpiled_circit": "CZ Q9 Q2\nY2M Q2\nRZ Q2 -2.060021963934074\nY2P Q2\nCZ Q9 Q2\nRZ Q2 1.570796325\nX2P Q2\nRZ Q2 1.570796325\nX2M Q2\nCZ Q9 Q2\nRZ Q2 3.14159265\nY2P Q2\nRZ Q2 1.570796325\nM Q2\nM Q9"
        }
    }
}