{
    "transpiled_randomCircuit_2qubit_2": {
        "run_config": {
            "machine_time": "tianyan176-2",
            "repeat": 1,
            "shots": 8000,
            "layout": [
                40,
                35
            ],
            "layout_id": 104,
            "expected_fidelity": 0.7876207526612935,
            "real_fidelity": 0.9921350835149658,
            "begin_time": "2025-03-27 13:28:26",
            "end_time": "2025-03-27 13:28:37",
            "cost_time": "11.435891 s"
        },
        "circuit_features": {
            "num_qubits": 2,
            "num_gates": 13,
            "depth": 13,
            "program_communication": 1.0,
            "critical_depth": 1.0,
            "entanglement_ratio": 0.23076923076923078,
            "parallelism": 0.0,
            "liveness": 0.6153846153846154,
            "min_qubit_frequency": 5.4909,
            "max_qubit_frequency": 5.624,
            "avg_qubit_frequency": 5.557449999999999,
            "min_readout_frequency": null,
            "max_readout_frequency": null,
            "avg_readout_frequency": null,
            "min_readoutError": 2.43,
            "max_readoutError": 8.67,
            "avg_readoutError": 5.55,
            "min_singleQubit_gate_error": 0.15,
            "max_singleQubit_gate_error": 0.22,
            "avg_singleQubit_gate_error": 0.185,
            "min_twoQubits_gate_error": 3.55,
            "max_twoQubits_gate_error": 3.55,
            "avg_twoQubits_gate_error": 3.5499999999999994,
            "min_t1": 6.5598,
            "max_t1": 15.3278,
            "avg_t1": 10.9438,
            "min_t2": 4.1847,
            "max_t2": 4.892,
            "avg_t2": 4.53835,
            "twoQubits_gate_error_accumulation": 10.649999999999999,
            "expected_fidelity": 0.7876207526612935,
            "idel_entropy": 0.320710672056375,
            "idle_rate": 0.5882352941176471,
            "qubit_frequency_dict": {
                "40": 5.4909,
                "35": 5.624
            },
            "readout_frequency_dict": {
                "40": null,
                "35": null
            },
            "readoutError_dict": {
                "40": 2.43,
                "35": 8.67
            },
            "singleQubit_gate_error_dict": {
                "40": 0.15,
                "35": 0.22
            },
            "twoQubits_gate_error_dict": {
                "0": {
                    "twoQubits": [
                        35,
                        40
                    ],
                    "cz_error": 3.55
                },
                "1": {
                    "twoQubits": [
                        35,
                        40
                    ],
                    "cz_error": 3.55
                },
                "2": {
                    "twoQubits": [
                        35,
                        40
                    ],
                    "cz_error": 3.55
                }
            },
            "t1_dict": {
                "40": 15.3278,
                "35": 6.5598
            },
            "t2_dict": {
                "40": 4.892,
                "35": 4.1847
            },
            "singleQubit_update_time": "2025-03-21 02:33:29",
            "readout_update_time": "2025-03-27 13:01:17",
            "twoQubitGate_update_time": "2025-03-27 10:55:07",
            "origin_circuit": "CZ Q1 Q0\nY2M Q0\nRZ Q0 -2.060021963934074\nY2P Q0\nCZ Q1 Q0\nRZ Q0 1.570796325\nX2P Q0\nRZ Q0 1.570796325\nX2M Q0\nCZ Q1 Q0\nRZ Q0 3.14159265\nY2P Q0\nRZ Q0 1.570796325\nM Q0\nM Q1",
            "layout": [
                40,
                35
            ],
            "transpiled_circit": "CZ Q35 Q40\nY2M Q40\nRZ Q40 -2.060021963934074\nY2P Q40\nCZ Q35 Q40\nRZ Q40 1.570796325\nX2P Q40\nRZ Q40 1.570796325\nX2M Q40\nCZ Q35 Q40\nRZ Q40 3.14159265\nY2P Q40\nRZ Q40 1.570796325\nM Q40\nM Q35"
        }
    }
}