{
    "transpiled_randomCircuit_2qubit_2": {
        "run_config": {
            "machine_time": "tianyan176-2",
            "repeat": 1,
            "shots": 8000,
            "layout": [
                58,
                64
            ],
            "layout_id": 174,
            "expected_fidelity": 0.7580677054867462,
            "real_fidelity": 0.7364319691702532,
            "begin_time": "2025-03-27 13:44:09",
            "end_time": "2025-03-27 13:44:21",
            "cost_time": "11.431897 s"
        },
        "circuit_features": {
            "num_qubits": 2,
            "num_gates": 13,
            "depth": 13,
            "program_communication": 1.0,
            "critical_depth": 1.0,
            "entanglement_ratio": 0.23076923076923078,
            "parallelism": 0.0,
            "liveness": 0.6153846153846154,
            "min_qubit_frequency": 5.4556,
            "max_qubit_frequency": 5.5197,
            "avg_qubit_frequency": 5.48765,
            "min_readout_frequency": null,
            "max_readout_frequency": null,
            "avg_readout_frequency": null,
            "min_readoutError": 1.14,
            "max_readoutError": 18.53,
            "avg_readoutError": 9.835,
            "min_singleQubit_gate_error": 0.1,
            "max_singleQubit_gate_error": 0.21,
            "avg_singleQubit_gate_error": 0.155,
            "min_twoQubits_gate_error": 1.31,
            "max_twoQubits_gate_error": 1.31,
            "avg_twoQubits_gate_error": 1.31,
            "min_t1": 12.8438,
            "max_t1": 18.4159,
            "avg_t1": 15.629850000000001,
            "min_t2": 3.5267,
            "max_t2": 4.6743,
            "avg_t2": 4.1005,
            "twoQubits_gate_error_accumulation": 3.93,
            "expected_fidelity": 0.7580677054867462,
            "idel_entropy": 0.320710672056375,
            "idle_rate": 0.5882352941176471,
            "qubit_frequency_dict": {
                "58": 5.4556,
                "64": 5.5197
            },
            "readout_frequency_dict": {
                "58": null,
                "64": null
            },
            "readoutError_dict": {
                "58": 1.14,
                "64": 18.53
            },
            "singleQubit_gate_error_dict": {
                "58": 0.21,
                "64": 0.1
            },
            "twoQubits_gate_error_dict": {
                "0": {
                    "twoQubits": [
                        64,
                        58
                    ],
                    "cz_error": 1.31
                },
                "1": {
                    "twoQubits": [
                        64,
                        58
                    ],
                    "cz_error": 1.31
                },
                "2": {
                    "twoQubits": [
                        64,
                        58
                    ],
                    "cz_error": 1.31
                }
            },
            "t1_dict": {
                "58": 12.8438,
                "64": 18.4159
            },
            "t2_dict": {
                "58": 4.6743,
                "64": 3.5267
            },
            "singleQubit_update_time": "2025-03-21 02:33:29",
            "readout_update_time": "2025-03-27 13:31:17",
            "twoQubitGate_update_time": "2025-03-27 10:55:07",
            "origin_circuit": "CZ Q1 Q0\nY2M Q0\nRZ Q0 -2.060021963934074\nY2P Q0\nCZ Q1 Q0\nRZ Q0 1.570796325\nX2P Q0\nRZ Q0 1.570796325\nX2M Q0\nCZ Q1 Q0\nRZ Q0 3.14159265\nY2P Q0\nRZ Q0 1.570796325\nM Q0\nM Q1",
            "layout": [
                58,
                64
            ],
            "transpiled_circit": "CZ Q64 Q58\nY2M Q58\nRZ Q58 -2.060021963934074\nY2P Q58\nCZ Q64 Q58\nRZ Q58 1.570796325\nX2P Q58\nRZ Q58 1.570796325\nX2M Q58\nCZ Q64 Q58\nRZ Q58 3.14159265\nY2P Q58\nRZ Q58 1.570796325\nM Q58\nM Q64"
        }
    }
}