{
    "transpiled_randomCircuit_2qubit_2": {
        "run_config": {
            "machine_time": "tianyan176-2",
            "repeat": 1,
            "shots": 8000,
            "layout": [
                22,
                27
            ],
            "layout_id": 33,
            "expected_fidelity": 0.8987424629504775,
            "real_fidelity": 0.9912813166735548,
            "begin_time": "2025-03-27 13:13:22",
            "end_time": "2025-03-27 13:13:34",
            "cost_time": "11.36109 s"
        },
        "circuit_features": {
            "num_qubits": 2,
            "num_gates": 13,
            "depth": 13,
            "program_communication": 1.0,
            "critical_depth": 1.0,
            "entanglement_ratio": 0.23076923076923078,
            "parallelism": 0.0,
            "liveness": 0.6153846153846154,
            "min_qubit_frequency": 5.3514,
            "max_qubit_frequency": 5.4211,
            "avg_qubit_frequency": 5.38625,
            "min_readout_frequency": null,
            "max_readout_frequency": null,
            "avg_readout_frequency": null,
            "min_readoutError": 2.69,
            "max_readoutError": 3.74,
            "avg_readoutError": 3.215,
            "min_singleQubit_gate_error": 0.18,
            "max_singleQubit_gate_error": 0.26,
            "avg_singleQubit_gate_error": 0.22,
            "min_twoQubits_gate_error": 0.51,
            "max_twoQubits_gate_error": 0.51,
            "avg_twoQubits_gate_error": 0.51,
            "min_t1": 9.7787,
            "max_t1": 24.4534,
            "avg_t1": 17.11605,
            "min_t2": 1.4092,
            "max_t2": 3.1575,
            "avg_t2": 2.28335,
            "twoQubits_gate_error_accumulation": 1.53,
            "expected_fidelity": 0.8987424629504775,
            "idel_entropy": 0.320710672056375,
            "idle_rate": 0.5882352941176471,
            "qubit_frequency_dict": {
                "22": 5.4211,
                "27": 5.3514
            },
            "readout_frequency_dict": {
                "22": null,
                "27": null
            },
            "readoutError_dict": {
                "22": 3.74,
                "27": 2.69
            },
            "singleQubit_gate_error_dict": {
                "22": 0.26,
                "27": 0.18
            },
            "twoQubits_gate_error_dict": {
                "0": {
                    "twoQubits": [
                        27,
                        22
                    ],
                    "cz_error": 0.51
                },
                "1": {
                    "twoQubits": [
                        27,
                        22
                    ],
                    "cz_error": 0.51
                },
                "2": {
                    "twoQubits": [
                        27,
                        22
                    ],
                    "cz_error": 0.51
                }
            },
            "t1_dict": {
                "22": 9.7787,
                "27": 24.4534
            },
            "t2_dict": {
                "22": 1.4092,
                "27": 3.1575
            },
            "singleQubit_update_time": "2025-03-21 02:33:29",
            "readout_update_time": "2025-03-27 13:01:17",
            "twoQubitGate_update_time": "2025-03-27 10:55:07",
            "origin_circuit": "CZ Q1 Q0\nY2M Q0\nRZ Q0 -2.060021963934074\nY2P Q0\nCZ Q1 Q0\nRZ Q0 1.570796325\nX2P Q0\nRZ Q0 1.570796325\nX2M Q0\nCZ Q1 Q0\nRZ Q0 3.14159265\nY2P Q0\nRZ Q0 1.570796325\nM Q0\nM Q1",
            "layout": [
                22,
                27
            ],
            "transpiled_circit": "CZ Q27 Q22\nY2M Q22\nRZ Q22 -2.060021963934074\nY2P Q22\nCZ Q27 Q22\nRZ Q22 1.570796325\nX2P Q22\nRZ Q22 1.570796325\nX2M Q22\nCZ Q27 Q22\nRZ Q22 3.14159265\nY2P Q22\nRZ Q22 1.570796325\nM Q22\nM Q27"
        }
    }
}