{
    "transpiled_randomCircuit_2qubit_2": {
        "run_config": {
            "machine_time": "tianyan176-2",
            "repeat": 1,
            "shots": 8000,
            "layout": [
                56,
                62
            ],
            "layout_id": 177,
            "expected_fidelity": 0.7657979387769195,
            "real_fidelity": 0.7484019463686464,
            "begin_time": "2025-03-27 13:44:47",
            "end_time": "2025-03-27 13:44:58",
            "cost_time": "11.396478 s"
        },
        "circuit_features": {
            "num_qubits": 2,
            "num_gates": 13,
            "depth": 13,
            "program_communication": 1.0,
            "critical_depth": 1.0,
            "entanglement_ratio": 0.23076923076923078,
            "parallelism": 0.0,
            "liveness": 0.6153846153846154,
            "min_qubit_frequency": 5.1876,
            "max_qubit_frequency": 5.3942,
            "avg_qubit_frequency": 5.2909,
            "min_readout_frequency": null,
            "max_readout_frequency": null,
            "avg_readout_frequency": null,
            "min_readoutError": 1.21,
            "max_readoutError": 19.36,
            "avg_readoutError": 10.285,
            "min_singleQubit_gate_error": 0.19,
            "max_singleQubit_gate_error": 0.24,
            "avg_singleQubit_gate_error": 0.215,
            "min_twoQubits_gate_error": 0.68,
            "max_twoQubits_gate_error": 0.68,
            "avg_twoQubits_gate_error": 0.68,
            "min_t1": 6.7555,
            "max_t1": 28.552,
            "avg_t1": 17.65375,
            "min_t2": 2.0498,
            "max_t2": 6.7878,
            "avg_t2": 4.4188,
            "twoQubits_gate_error_accumulation": 2.04,
            "expected_fidelity": 0.7657979387769195,
            "idel_entropy": 0.320710672056375,
            "idle_rate": 0.5882352941176471,
            "qubit_frequency_dict": {
                "56": 5.3942,
                "62": 5.1876
            },
            "readout_frequency_dict": {
                "56": null,
                "62": null
            },
            "readoutError_dict": {
                "56": 1.21,
                "62": 19.36
            },
            "singleQubit_gate_error_dict": {
                "56": 0.19,
                "62": 0.24
            },
            "twoQubits_gate_error_dict": {
                "0": {
                    "twoQubits": [
                        62,
                        56
                    ],
                    "cz_error": 0.68
                },
                "1": {
                    "twoQubits": [
                        62,
                        56
                    ],
                    "cz_error": 0.68
                },
                "2": {
                    "twoQubits": [
                        62,
                        56
                    ],
                    "cz_error": 0.68
                }
            },
            "t1_dict": {
                "56": 28.552,
                "62": 6.7555
            },
            "t2_dict": {
                "56": 6.7878,
                "62": 2.0498
            },
            "singleQubit_update_time": "2025-03-21 02:33:29",
            "readout_update_time": "2025-03-27 13:31:17",
            "twoQubitGate_update_time": "2025-03-27 10:55:07",
            "origin_circuit": "CZ Q1 Q0\nY2M Q0\nRZ Q0 -2.060021963934074\nY2P Q0\nCZ Q1 Q0\nRZ Q0 1.570796325\nX2P Q0\nRZ Q0 1.570796325\nX2M Q0\nCZ Q1 Q0\nRZ Q0 3.14159265\nY2P Q0\nRZ Q0 1.570796325\nM Q0\nM Q1",
            "layout": [
                56,
                62
            ],
            "transpiled_circit": "CZ Q62 Q56\nY2M Q56\nRZ Q56 -2.060021963934074\nY2P Q56\nCZ Q62 Q56\nRZ Q56 1.570796325\nX2P Q56\nRZ Q56 1.570796325\nX2M Q56\nCZ Q62 Q56\nRZ Q56 3.14159265\nY2P Q56\nRZ Q56 1.570796325\nM Q56\nM Q62"
        }
    }
}