{
    "transpiled_randomCircuit_2qubit_2": {
        "run_config": {
            "machine_time": "tianyan176-2",
            "repeat": 1,
            "shots": 8000,
            "layout": [
                15,
                22
            ],
            "layout_id": 11,
            "expected_fidelity": 0.8841927294818437,
            "real_fidelity": 0.9807225050371507,
            "begin_time": "2025-03-27 13:07:25",
            "end_time": "2025-03-27 13:07:36",
            "cost_time": "11.170789 s"
        },
        "circuit_features": {
            "num_qubits": 2,
            "num_gates": 13,
            "depth": 13,
            "program_communication": 1.0,
            "critical_depth": 1.0,
            "entanglement_ratio": 0.23076923076923078,
            "parallelism": 0.0,
            "liveness": 0.6153846153846154,
            "min_qubit_frequency": 5.4211,
            "max_qubit_frequency": 5.4961,
            "avg_qubit_frequency": 5.458600000000001,
            "min_readout_frequency": null,
            "max_readout_frequency": null,
            "avg_readout_frequency": null,
            "min_readoutError": 0.93,
            "max_readoutError": 3.74,
            "avg_readoutError": 2.335,
            "min_singleQubit_gate_error": 0.15,
            "max_singleQubit_gate_error": 0.26,
            "avg_singleQubit_gate_error": 0.20500000000000002,
            "min_twoQubits_gate_error": 2.0,
            "max_twoQubits_gate_error": 2.0,
            "avg_twoQubits_gate_error": 2.0,
            "min_t1": 9.7787,
            "max_t1": 29.7058,
            "avg_t1": 19.74225,
            "min_t2": 1.4092,
            "max_t2": 5.2412,
            "avg_t2": 3.3252,
            "twoQubits_gate_error_accumulation": 6.0,
            "expected_fidelity": 0.8841927294818437,
            "idel_entropy": 0.320710672056375,
            "idle_rate": 0.5882352941176471,
            "qubit_frequency_dict": {
                "15": 5.4961,
                "22": 5.4211
            },
            "readout_frequency_dict": {
                "15": null,
                "22": null
            },
            "readoutError_dict": {
                "15": 0.93,
                "22": 3.74
            },
            "singleQubit_gate_error_dict": {
                "15": 0.15,
                "22": 0.26
            },
            "twoQubits_gate_error_dict": {
                "0": {
                    "twoQubits": [
                        22,
                        15
                    ],
                    "cz_error": 2.0
                },
                "1": {
                    "twoQubits": [
                        22,
                        15
                    ],
                    "cz_error": 2.0
                },
                "2": {
                    "twoQubits": [
                        22,
                        15
                    ],
                    "cz_error": 2.0
                }
            },
            "t1_dict": {
                "15": 29.7058,
                "22": 9.7787
            },
            "t2_dict": {
                "15": 5.2412,
                "22": 1.4092
            },
            "singleQubit_update_time": "2025-03-21 02:33:29",
            "readout_update_time": "2025-03-27 13:01:17",
            "twoQubitGate_update_time": "2025-03-27 10:55:07",
            "origin_circuit": "CZ Q1 Q0\nY2M Q0\nRZ Q0 -2.060021963934074\nY2P Q0\nCZ Q1 Q0\nRZ Q0 1.570796325\nX2P Q0\nRZ Q0 1.570796325\nX2M Q0\nCZ Q1 Q0\nRZ Q0 3.14159265\nY2P Q0\nRZ Q0 1.570796325\nM Q0\nM Q1",
            "layout": [
                15,
                22
            ],
            "transpiled_circit": "CZ Q22 Q15\nY2M Q15\nRZ Q15 -2.060021963934074\nY2P Q15\nCZ Q22 Q15\nRZ Q15 1.570796325\nX2P Q15\nRZ Q15 1.570796325\nX2M Q15\nCZ Q22 Q15\nRZ Q15 3.14159265\nY2P Q15\nRZ Q15 1.570796325\nM Q15\nM Q22"
        }
    }
}