{
    "transpiled_randomCircuit_2qubit_2": {
        "run_config": {
            "machine_time": "tianyan176-2",
            "repeat": 1,
            "shots": 8000,
            "layout": [
                56,
                50
            ],
            "layout_id": 176,
            "expected_fidelity": 0.9136020936866065,
            "real_fidelity": 0.9887022121817729,
            "begin_time": "2025-03-27 13:44:35",
            "end_time": "2025-03-27 13:44:47",
            "cost_time": "11.31251 s"
        },
        "circuit_features": {
            "num_qubits": 2,
            "num_gates": 13,
            "depth": 13,
            "program_communication": 1.0,
            "critical_depth": 1.0,
            "entanglement_ratio": 0.23076923076923078,
            "parallelism": 0.0,
            "liveness": 0.6153846153846154,
            "min_qubit_frequency": 5.3942,
            "max_qubit_frequency": 5.5512,
            "avg_qubit_frequency": 5.4727,
            "min_readout_frequency": null,
            "max_readout_frequency": null,
            "avg_readout_frequency": null,
            "min_readoutError": 0.77,
            "max_readoutError": 1.21,
            "avg_readoutError": 0.99,
            "min_singleQubit_gate_error": 0.1,
            "max_singleQubit_gate_error": 0.19,
            "avg_singleQubit_gate_error": 0.14500000000000002,
            "min_twoQubits_gate_error": 1.7,
            "max_twoQubits_gate_error": 1.7,
            "avg_twoQubits_gate_error": 1.7,
            "min_t1": 19.2536,
            "max_t1": 28.552,
            "avg_t1": 23.9028,
            "min_t2": 5.403,
            "max_t2": 6.7878,
            "avg_t2": 6.0954,
            "twoQubits_gate_error_accumulation": 5.1,
            "expected_fidelity": 0.9136020936866065,
            "idel_entropy": 0.320710672056375,
            "idle_rate": 0.5882352941176471,
            "qubit_frequency_dict": {
                "56": 5.3942,
                "50": 5.5512
            },
            "readout_frequency_dict": {
                "56": null,
                "50": null
            },
            "readoutError_dict": {
                "56": 1.21,
                "50": 0.77
            },
            "singleQubit_gate_error_dict": {
                "56": 0.19,
                "50": 0.1
            },
            "twoQubits_gate_error_dict": {
                "0": {
                    "twoQubits": [
                        50,
                        56
                    ],
                    "cz_error": 1.7
                },
                "1": {
                    "twoQubits": [
                        50,
                        56
                    ],
                    "cz_error": 1.7
                },
                "2": {
                    "twoQubits": [
                        50,
                        56
                    ],
                    "cz_error": 1.7
                }
            },
            "t1_dict": {
                "56": 28.552,
                "50": 19.2536
            },
            "t2_dict": {
                "56": 6.7878,
                "50": 5.403
            },
            "singleQubit_update_time": "2025-03-21 02:33:29",
            "readout_update_time": "2025-03-27 13:31:17",
            "twoQubitGate_update_time": "2025-03-27 10:55:07",
            "origin_circuit": "CZ Q1 Q0\nY2M Q0\nRZ Q0 -2.060021963934074\nY2P Q0\nCZ Q1 Q0\nRZ Q0 1.570796325\nX2P Q0\nRZ Q0 1.570796325\nX2M Q0\nCZ Q1 Q0\nRZ Q0 3.14159265\nY2P Q0\nRZ Q0 1.570796325\nM Q0\nM Q1",
            "layout": [
                56,
                50
            ],
            "transpiled_circit": "CZ Q50 Q56\nY2M Q56\nRZ Q56 -2.060021963934074\nY2P Q56\nCZ Q50 Q56\nRZ Q56 1.570796325\nX2P Q56\nRZ Q56 1.570796325\nX2M Q56\nCZ Q50 Q56\nRZ Q56 3.14159265\nY2P Q56\nRZ Q56 1.570796325\nM Q56\nM Q50"
        }
    }
}