{
    "transpiled_randomCircuit_2qubit_1": {
        "run_config": {
            "machine_time": "tianyan176-2",
            "repeat": 1,
            "shots": 8000,
            "layout": [
                31,
                25
            ],
            "layout_id": 78,
            "expected_fidelity": 0.8625317739434256,
            "real_fidelity": 0.9604411728606228,
            "begin_time": "2025-03-26 10:38:50",
            "end_time": "2025-03-26 10:39:01",
            "cost_time": "11.317987 s"
        },
        "circuit_features": {
            "num_qubits": 2,
            "num_gates": 21,
            "depth": 14,
            "program_communication": 1.0,
            "critical_depth": 1.0,
            "entanglement_ratio": 0.09523809523809523,
            "parallelism": 0.5,
            "liveness": 0.8214285714285714,
            "min_qubit_frequency": 5.5121,
            "max_qubit_frequency": 5.5602,
            "avg_qubit_frequency": 5.53615,
            "min_readout_frequency": null,
            "max_readout_frequency": null,
            "avg_readout_frequency": null,
            "min_readoutError": 2.33,
            "max_readoutError": 3.26,
            "avg_readoutError": 2.795,
            "min_singleQubit_gate_error": 0.16,
            "max_singleQubit_gate_error": 0.29,
            "avg_singleQubit_gate_error": 0.22499999999999998,
            "min_twoQubits_gate_error": 2.23,
            "max_twoQubits_gate_error": 2.23,
            "avg_twoQubits_gate_error": 2.23,
            "min_t1": 8.7069,
            "max_t1": 13.5396,
            "avg_t1": 11.123249999999999,
            "min_t2": 4.0429,
            "max_t2": 5.3881,
            "avg_t2": 4.7155000000000005,
            "twoQubits_gate_error_accumulation": 4.46,
            "expected_fidelity": 0.8625317739434256,
            "idel_entropy": 0.529275348759811,
            "idle_rate": 0.2054794520547945,
            "qubit_frequency_dict": {
                "31": 5.5121,
                "25": 5.5602
            },
            "readout_frequency_dict": {
                "31": null,
                "25": null
            },
            "readoutError_dict": {
                "31": 3.26,
                "25": 2.33
            },
            "singleQubit_gate_error_dict": {
                "31": 0.16,
                "25": 0.29
            },
            "twoQubits_gate_error_dict": {
                "0": {
                    "twoQubits": [
                        31,
                        25
                    ],
                    "cz_error": 2.23
                },
                "1": {
                    "twoQubits": [
                        31,
                        25
                    ],
                    "cz_error": 2.23
                }
            },
            "t1_dict": {
                "31": 13.5396,
                "25": 8.7069
            },
            "t2_dict": {
                "31": 5.3881,
                "25": 4.0429
            },
            "singleQubit_update_time": "2025-03-21 02:33:29",
            "readout_update_time": "2025-03-26 10:32:03",
            "twoQubitGate_update_time": "2025-03-26 08:28:51",
            "origin_circuit": "RZ Q1 -1.570796325\nX2P Q1\nRZ Q1 1.570796325\nX2M Q1\nCZ Q0 Q1\nX2P Q0\nRZ Q0 3.14159265\nX2M Q0\nRZ Q1 1.570796325\nX2P Q1\nRZ Q1 0.7853981625\nX2M Q1\nCZ Q0 Q1\nRZ Q0 2.7712183476226278\nX2P Q0\nRZ Q0 -2.4596526718808813\nX2M Q0\nRZ Q1 -1.570796325\nX2P Q1\nRZ Q1 1.570796325\nX2M Q1\nM Q1\nM Q0",
            "layout": [
                31,
                25
            ],
            "transpiled_circit": "RZ Q25 -1.570796325\nX2P Q25\nRZ Q25 1.570796325\nX2M Q25\nCZ Q31 Q25\nX2P Q31\nRZ Q31 3.14159265\nX2M Q31\nRZ Q25 1.570796325\nX2P Q25\nRZ Q25 0.7853981625\nX2M Q25\nCZ Q31 Q25\nRZ Q31 2.7712183476226278\nX2P Q31\nRZ Q31 -2.4596526718808813\nX2M Q31\nRZ Q25 -1.570796325\nX2P Q25\nRZ Q25 1.570796325\nX2M Q25\nM Q25\nM Q31"
        }
    }
}