{
    "transpiled_randomCircuit_2qubit_1": {
        "run_config": {
            "machine_time": "tianyan176-2",
            "repeat": 1,
            "shots": 8000,
            "layout": [
                15,
                22
            ],
            "layout_id": 11,
            "expected_fidelity": 0.8783653748819221,
            "real_fidelity": 0.9577161158909357,
            "begin_time": "2025-03-26 10:21:58",
            "end_time": "2025-03-26 10:22:10",
            "cost_time": "11.64463 s"
        },
        "circuit_features": {
            "num_qubits": 2,
            "num_gates": 21,
            "depth": 14,
            "program_communication": 1.0,
            "critical_depth": 1.0,
            "entanglement_ratio": 0.09523809523809523,
            "parallelism": 0.5,
            "liveness": 0.8214285714285714,
            "min_qubit_frequency": 5.4211,
            "max_qubit_frequency": 5.4961,
            "avg_qubit_frequency": 5.458600000000001,
            "min_readout_frequency": null,
            "max_readout_frequency": null,
            "avg_readout_frequency": null,
            "min_readoutError": 1.1,
            "max_readoutError": 3.7,
            "avg_readoutError": 2.4000000000000004,
            "min_singleQubit_gate_error": 0.15,
            "max_singleQubit_gate_error": 0.26,
            "avg_singleQubit_gate_error": 0.20500000000000002,
            "min_twoQubits_gate_error": 1.94,
            "max_twoQubits_gate_error": 1.94,
            "avg_twoQubits_gate_error": 1.94,
            "min_t1": 9.7787,
            "max_t1": 29.7058,
            "avg_t1": 19.74225,
            "min_t2": 1.4092,
            "max_t2": 5.2412,
            "avg_t2": 3.3252,
            "twoQubits_gate_error_accumulation": 3.88,
            "expected_fidelity": 0.8783653748819221,
            "idel_entropy": 0.529275348759811,
            "idle_rate": 0.2054794520547945,
            "qubit_frequency_dict": {
                "15": 5.4961,
                "22": 5.4211
            },
            "readout_frequency_dict": {
                "15": null,
                "22": null
            },
            "readoutError_dict": {
                "15": 1.1,
                "22": 3.7
            },
            "singleQubit_gate_error_dict": {
                "15": 0.15,
                "22": 0.26
            },
            "twoQubits_gate_error_dict": {
                "0": {
                    "twoQubits": [
                        15,
                        22
                    ],
                    "cz_error": 1.94
                },
                "1": {
                    "twoQubits": [
                        15,
                        22
                    ],
                    "cz_error": 1.94
                }
            },
            "t1_dict": {
                "15": 29.7058,
                "22": 9.7787
            },
            "t2_dict": {
                "15": 5.2412,
                "22": 1.4092
            },
            "singleQubit_update_time": "2025-03-21 02:33:29",
            "readout_update_time": "2025-03-26 10:01:21",
            "twoQubitGate_update_time": "2025-03-26 08:28:51",
            "origin_circuit": "RZ Q1 -1.570796325\nX2P Q1\nRZ Q1 1.570796325\nX2M Q1\nCZ Q0 Q1\nX2P Q0\nRZ Q0 3.14159265\nX2M Q0\nRZ Q1 1.570796325\nX2P Q1\nRZ Q1 0.7853981625\nX2M Q1\nCZ Q0 Q1\nRZ Q0 2.7712183476226278\nX2P Q0\nRZ Q0 -2.4596526718808813\nX2M Q0\nRZ Q1 -1.570796325\nX2P Q1\nRZ Q1 1.570796325\nX2M Q1\nM Q1\nM Q0",
            "layout": [
                15,
                22
            ],
            "transpiled_circit": "RZ Q22 -1.570796325\nX2P Q22\nRZ Q22 1.570796325\nX2M Q22\nCZ Q15 Q22\nX2P Q15\nRZ Q15 3.14159265\nX2M Q15\nRZ Q22 1.570796325\nX2P Q22\nRZ Q22 0.7853981625\nX2M Q22\nCZ Q15 Q22\nRZ Q15 2.7712183476226278\nX2P Q15\nRZ Q15 -2.4596526718808813\nX2M Q15\nRZ Q22 -1.570796325\nX2P Q22\nRZ Q22 1.570796325\nX2M Q22\nM Q22\nM Q15"
        }
    }
}