{
    "transpiled_randomCircuit_2qubit_1": {
        "run_config": {
            "machine_time": "tianyan176-2",
            "repeat": 1,
            "shots": 8000,
            "layout": [
                21,
                15
            ],
            "layout_id": 21,
            "expected_fidelity": 0.9116951446769194,
            "real_fidelity": 0.9618297040979401,
            "begin_time": "2025-03-26 10:24:42",
            "end_time": "2025-03-26 10:24:53",
            "cost_time": "11.291884 s"
        },
        "circuit_features": {
            "num_qubits": 2,
            "num_gates": 21,
            "depth": 14,
            "program_communication": 1.0,
            "critical_depth": 1.0,
            "entanglement_ratio": 0.09523809523809523,
            "parallelism": 0.5,
            "liveness": 0.8214285714285714,
            "min_qubit_frequency": 5.1414,
            "max_qubit_frequency": 5.4961,
            "avg_qubit_frequency": 5.31875,
            "min_readout_frequency": null,
            "max_readout_frequency": null,
            "avg_readout_frequency": null,
            "min_readoutError": 1.1,
            "max_readoutError": 2.42,
            "avg_readoutError": 1.76,
            "min_singleQubit_gate_error": 0.08,
            "max_singleQubit_gate_error": 0.15,
            "avg_singleQubit_gate_error": 0.11499999999999999,
            "min_twoQubits_gate_error": 1.65,
            "max_twoQubits_gate_error": 1.65,
            "avg_twoQubits_gate_error": 1.65,
            "min_t1": 29.7058,
            "max_t1": 42.5285,
            "avg_t1": 36.11715,
            "min_t2": 2.5943,
            "max_t2": 5.2412,
            "avg_t2": 3.91775,
            "twoQubits_gate_error_accumulation": 3.3,
            "expected_fidelity": 0.9116951446769194,
            "idel_entropy": 0.529275348759811,
            "idle_rate": 0.2054794520547945,
            "qubit_frequency_dict": {
                "21": 5.1414,
                "15": 5.4961
            },
            "readout_frequency_dict": {
                "21": null,
                "15": null
            },
            "readoutError_dict": {
                "21": 2.42,
                "15": 1.1
            },
            "singleQubit_gate_error_dict": {
                "21": 0.08,
                "15": 0.15
            },
            "twoQubits_gate_error_dict": {
                "0": {
                    "twoQubits": [
                        21,
                        15
                    ],
                    "cz_error": 1.65
                },
                "1": {
                    "twoQubits": [
                        21,
                        15
                    ],
                    "cz_error": 1.65
                }
            },
            "t1_dict": {
                "21": 42.5285,
                "15": 29.7058
            },
            "t2_dict": {
                "21": 2.5943,
                "15": 5.2412
            },
            "singleQubit_update_time": "2025-03-21 02:33:29",
            "readout_update_time": "2025-03-26 10:01:21",
            "twoQubitGate_update_time": "2025-03-26 08:28:51",
            "origin_circuit": "RZ Q1 -1.570796325\nX2P Q1\nRZ Q1 1.570796325\nX2M Q1\nCZ Q0 Q1\nX2P Q0\nRZ Q0 3.14159265\nX2M Q0\nRZ Q1 1.570796325\nX2P Q1\nRZ Q1 0.7853981625\nX2M Q1\nCZ Q0 Q1\nRZ Q0 2.7712183476226278\nX2P Q0\nRZ Q0 -2.4596526718808813\nX2M Q0\nRZ Q1 -1.570796325\nX2P Q1\nRZ Q1 1.570796325\nX2M Q1\nM Q1\nM Q0",
            "layout": [
                21,
                15
            ],
            "transpiled_circit": "RZ Q15 -1.570796325\nX2P Q15\nRZ Q15 1.570796325\nX2M Q15\nCZ Q21 Q15\nX2P Q21\nRZ Q21 3.14159265\nX2M Q21\nRZ Q15 1.570796325\nX2P Q15\nRZ Q15 0.7853981625\nX2M Q15\nCZ Q21 Q15\nRZ Q21 2.7712183476226278\nX2P Q21\nRZ Q21 -2.4596526718808813\nX2M Q21\nRZ Q15 -1.570796325\nX2P Q15\nRZ Q15 1.570796325\nX2M Q15\nM Q15\nM Q21"
        }
    }
}