{
    "transpiled_randomCircuit_2qubit_1": {
        "run_config": {
            "machine_time": "tianyan176-2",
            "repeat": 1,
            "shots": 8000,
            "layout": [
                0,
                7
            ],
            "layout_id": 121,
            "expected_fidelity": 0.8929864978784151,
            "real_fidelity": 0.9028198545738088,
            "begin_time": "2025-03-26 10:47:37",
            "end_time": "2025-03-26 10:47:54",
            "cost_time": "16.493201 s"
        },
        "circuit_features": {
            "num_qubits": 2,
            "num_gates": 21,
            "depth": 14,
            "program_communication": 1.0,
            "critical_depth": 1.0,
            "entanglement_ratio": 0.09523809523809523,
            "parallelism": 0.5,
            "liveness": 0.8214285714285714,
            "min_qubit_frequency": 5.2499,
            "max_qubit_frequency": 5.4014,
            "avg_qubit_frequency": 5.3256499999999996,
            "min_readout_frequency": null,
            "max_readout_frequency": null,
            "avg_readout_frequency": null,
            "min_readoutError": 2.44,
            "max_readoutError": 3.11,
            "avg_readoutError": 2.775,
            "min_singleQubit_gate_error": 0.14,
            "max_singleQubit_gate_error": 0.21,
            "avg_singleQubit_gate_error": 0.175,
            "min_twoQubits_gate_error": 1.26,
            "max_twoQubits_gate_error": 1.26,
            "avg_twoQubits_gate_error": 1.26,
            "min_t1": 5.9124,
            "max_t1": 24.8103,
            "avg_t1": 15.361350000000002,
            "min_t2": 2.4795,
            "max_t2": 2.6129,
            "avg_t2": 2.5462,
            "twoQubits_gate_error_accumulation": 2.52,
            "expected_fidelity": 0.8929864978784151,
            "idel_entropy": 0.529275348759811,
            "idle_rate": 0.2054794520547945,
            "qubit_frequency_dict": {
                "0": 5.4014,
                "7": 5.2499
            },
            "readout_frequency_dict": {
                "0": null,
                "7": null
            },
            "readoutError_dict": {
                "0": 3.11,
                "7": 2.44
            },
            "singleQubit_gate_error_dict": {
                "0": 0.21,
                "7": 0.14
            },
            "twoQubits_gate_error_dict": {
                "0": {
                    "twoQubits": [
                        0,
                        7
                    ],
                    "cz_error": 1.26
                },
                "1": {
                    "twoQubits": [
                        0,
                        7
                    ],
                    "cz_error": 1.26
                }
            },
            "t1_dict": {
                "0": 5.9124,
                "7": 24.8103
            },
            "t2_dict": {
                "0": 2.4795,
                "7": 2.6129
            },
            "singleQubit_update_time": "2025-03-21 02:33:29",
            "readout_update_time": "2025-03-26 10:32:03",
            "twoQubitGate_update_time": "2025-03-26 08:28:51",
            "origin_circuit": "RZ Q1 -1.570796325\nX2P Q1\nRZ Q1 1.570796325\nX2M Q1\nCZ Q0 Q1\nX2P Q0\nRZ Q0 3.14159265\nX2M Q0\nRZ Q1 1.570796325\nX2P Q1\nRZ Q1 0.7853981625\nX2M Q1\nCZ Q0 Q1\nRZ Q0 2.7712183476226278\nX2P Q0\nRZ Q0 -2.4596526718808813\nX2M Q0\nRZ Q1 -1.570796325\nX2P Q1\nRZ Q1 1.570796325\nX2M Q1\nM Q1\nM Q0",
            "layout": [
                0,
                7
            ],
            "transpiled_circit": "RZ Q7 -1.570796325\nX2P Q7\nRZ Q7 1.570796325\nX2M Q7\nCZ Q0 Q7\nX2P Q0\nRZ Q0 3.14159265\nX2M Q0\nRZ Q7 1.570796325\nX2P Q7\nRZ Q7 0.7853981625\nX2M Q7\nCZ Q0 Q7\nRZ Q0 2.7712183476226278\nX2P Q0\nRZ Q0 -2.4596526718808813\nX2M Q0\nRZ Q7 -1.570796325\nX2P Q7\nRZ Q7 1.570796325\nX2M Q7\nM Q7\nM Q0"
        }
    }
}