{
    "transpiled_randomCircuit_2qubit_1": {
        "run_config": {
            "machine_time": "tianyan176-2",
            "repeat": 1,
            "shots": 8000,
            "layout": [
                57,
                62
            ],
            "layout_id": 169,
            "expected_fidelity": 0.6917027349714593,
            "real_fidelity": 0.8063034664804876,
            "begin_time": "2025-03-26 10:57:53",
            "end_time": "2025-03-26 10:58:04",
            "cost_time": "11.453359 s"
        },
        "circuit_features": {
            "num_qubits": 2,
            "num_gates": 21,
            "depth": 14,
            "program_communication": 1.0,
            "critical_depth": 1.0,
            "entanglement_ratio": 0.09523809523809523,
            "parallelism": 0.5,
            "liveness": 0.8214285714285714,
            "min_qubit_frequency": 5.1876,
            "max_qubit_frequency": 5.2959,
            "avg_qubit_frequency": 5.24175,
            "min_readout_frequency": null,
            "max_readout_frequency": null,
            "avg_readout_frequency": null,
            "min_readoutError": 3.28,
            "max_readoutError": 15.35,
            "avg_readoutError": 9.315,
            "min_singleQubit_gate_error": 0.18,
            "max_singleQubit_gate_error": 0.24,
            "avg_singleQubit_gate_error": 0.21,
            "min_twoQubits_gate_error": 6.16,
            "max_twoQubits_gate_error": 6.16,
            "avg_twoQubits_gate_error": 6.16,
            "min_t1": 6.7555,
            "max_t1": 23.273,
            "avg_t1": 15.01425,
            "min_t2": 2.0498,
            "max_t2": 2.9094,
            "avg_t2": 2.4796,
            "twoQubits_gate_error_accumulation": 12.32,
            "expected_fidelity": 0.6917027349714593,
            "idel_entropy": 0.529275348759811,
            "idle_rate": 0.2054794520547945,
            "qubit_frequency_dict": {
                "57": 5.2959,
                "62": 5.1876
            },
            "readout_frequency_dict": {
                "57": null,
                "62": null
            },
            "readoutError_dict": {
                "57": 3.28,
                "62": 15.35
            },
            "singleQubit_gate_error_dict": {
                "57": 0.18,
                "62": 0.24
            },
            "twoQubits_gate_error_dict": {
                "0": {
                    "twoQubits": [
                        57,
                        62
                    ],
                    "cz_error": 6.16
                },
                "1": {
                    "twoQubits": [
                        57,
                        62
                    ],
                    "cz_error": 6.16
                }
            },
            "t1_dict": {
                "57": 23.273,
                "62": 6.7555
            },
            "t2_dict": {
                "57": 2.9094,
                "62": 2.0498
            },
            "singleQubit_update_time": "2025-03-21 02:33:29",
            "readout_update_time": "2025-03-26 10:32:03",
            "twoQubitGate_update_time": "2025-03-26 08:28:51",
            "origin_circuit": "RZ Q1 -1.570796325\nX2P Q1\nRZ Q1 1.570796325\nX2M Q1\nCZ Q0 Q1\nX2P Q0\nRZ Q0 3.14159265\nX2M Q0\nRZ Q1 1.570796325\nX2P Q1\nRZ Q1 0.7853981625\nX2M Q1\nCZ Q0 Q1\nRZ Q0 2.7712183476226278\nX2P Q0\nRZ Q0 -2.4596526718808813\nX2M Q0\nRZ Q1 -1.570796325\nX2P Q1\nRZ Q1 1.570796325\nX2M Q1\nM Q1\nM Q0",
            "layout": [
                57,
                62
            ],
            "transpiled_circit": "RZ Q62 -1.570796325\nX2P Q62\nRZ Q62 1.570796325\nX2M Q62\nCZ Q57 Q62\nX2P Q57\nRZ Q57 3.14159265\nX2M Q57\nRZ Q62 1.570796325\nX2P Q62\nRZ Q62 0.7853981625\nX2M Q62\nCZ Q57 Q62\nRZ Q57 2.7712183476226278\nX2P Q57\nRZ Q57 -2.4596526718808813\nX2M Q57\nRZ Q62 -1.570796325\nX2P Q62\nRZ Q62 1.570796325\nX2M Q62\nM Q62\nM Q57"
        }
    }
}