{
    "transpiled_randomCircuit_2qubit_1": {
        "run_config": {
            "machine_time": "tianyan176-2",
            "repeat": 1,
            "shots": 8000,
            "layout": [
                9,
                14
            ],
            "layout_id": 0,
            "expected_fidelity": 0.5856072054365281,
            "real_fidelity": 0.7764817392843494,
            "begin_time": "2025-03-26 10:19:39",
            "end_time": "2025-03-26 10:19:53",
            "cost_time": "13.415552 s"
        },
        "circuit_features": {
            "num_qubits": 2,
            "num_gates": 21,
            "depth": 14,
            "program_communication": 1.0,
            "critical_depth": 1.0,
            "entanglement_ratio": 0.09523809523809523,
            "parallelism": 0.5,
            "liveness": 0.8214285714285714,
            "min_qubit_frequency": 5.1692,
            "max_qubit_frequency": 5.4505,
            "avg_qubit_frequency": 5.30985,
            "min_readout_frequency": null,
            "max_readout_frequency": null,
            "avg_readout_frequency": null,
            "min_readoutError": 8.37,
            "max_readoutError": 10.95,
            "avg_readoutError": 9.66,
            "min_singleQubit_gate_error": 0.11,
            "max_singleQubit_gate_error": 0.98,
            "avg_singleQubit_gate_error": 0.545,
            "min_twoQubits_gate_error": 9.78,
            "max_twoQubits_gate_error": 9.78,
            "avg_twoQubits_gate_error": 9.78,
            "min_t1": 24.4302,
            "max_t1": 27.6064,
            "avg_t1": 26.0183,
            "min_t2": 2.2101,
            "max_t2": 3.6913,
            "avg_t2": 2.9507000000000003,
            "twoQubits_gate_error_accumulation": 19.56,
            "expected_fidelity": 0.5856072054365281,
            "idel_entropy": 0.529275348759811,
            "idle_rate": 0.2054794520547945,
            "qubit_frequency_dict": {
                "9": 5.1692,
                "14": 5.4505
            },
            "readout_frequency_dict": {
                "9": null,
                "14": null
            },
            "readoutError_dict": {
                "9": 10.95,
                "14": 8.37
            },
            "singleQubit_gate_error_dict": {
                "9": 0.11,
                "14": 0.98
            },
            "twoQubits_gate_error_dict": {
                "0": {
                    "twoQubits": [
                        9,
                        14
                    ],
                    "cz_error": 9.78
                },
                "1": {
                    "twoQubits": [
                        9,
                        14
                    ],
                    "cz_error": 9.78
                }
            },
            "t1_dict": {
                "9": 27.6064,
                "14": 24.4302
            },
            "t2_dict": {
                "9": 2.2101,
                "14": 3.6913
            },
            "singleQubit_update_time": "2025-03-21 02:33:29",
            "readout_update_time": "2025-03-26 10:01:21",
            "twoQubitGate_update_time": "2025-03-26 08:28:51",
            "origin_circuit": "RZ Q1 -1.570796325\nX2P Q1\nRZ Q1 1.570796325\nX2M Q1\nCZ Q0 Q1\nX2P Q0\nRZ Q0 3.14159265\nX2M Q0\nRZ Q1 1.570796325\nX2P Q1\nRZ Q1 0.7853981625\nX2M Q1\nCZ Q0 Q1\nRZ Q0 2.7712183476226278\nX2P Q0\nRZ Q0 -2.4596526718808813\nX2M Q0\nRZ Q1 -1.570796325\nX2P Q1\nRZ Q1 1.570796325\nX2M Q1\nM Q1\nM Q0",
            "layout": [
                9,
                14
            ],
            "transpiled_circit": "RZ Q14 -1.570796325\nX2P Q14\nRZ Q14 1.570796325\nX2M Q14\nCZ Q9 Q14\nX2P Q9\nRZ Q9 3.14159265\nX2M Q9\nRZ Q14 1.570796325\nX2P Q14\nRZ Q14 0.7853981625\nX2M Q14\nCZ Q9 Q14\nRZ Q9 2.7712183476226278\nX2P Q9\nRZ Q9 -2.4596526718808813\nX2M Q9\nRZ Q14 -1.570796325\nX2P Q14\nRZ Q14 1.570796325\nX2M Q14\nM Q14\nM Q9"
        }
    }
}