{
    "transpiled_randomCircuit_2qubit_1": {
        "run_config": {
            "machine_time": "tianyan176-2",
            "repeat": 1,
            "shots": 8000,
            "layout": [
                30,
                24
            ],
            "layout_id": 144,
            "expected_fidelity": 0.753429362971416,
            "real_fidelity": 0.9165250772576167,
            "begin_time": "2025-03-26 10:52:36",
            "end_time": "2025-03-26 10:52:47",
            "cost_time": "11.451678 s"
        },
        "circuit_features": {
            "num_qubits": 2,
            "num_gates": 21,
            "depth": 14,
            "program_communication": 1.0,
            "critical_depth": 1.0,
            "entanglement_ratio": 0.09523809523809523,
            "parallelism": 0.5,
            "liveness": 0.8214285714285714,
            "min_qubit_frequency": 5.1355,
            "max_qubit_frequency": 5.3136,
            "avg_qubit_frequency": 5.224550000000001,
            "min_readout_frequency": null,
            "max_readout_frequency": null,
            "avg_readout_frequency": null,
            "min_readoutError": 4.81,
            "max_readoutError": 17.59,
            "avg_readoutError": 11.2,
            "min_singleQubit_gate_error": 0.11,
            "max_singleQubit_gate_error": 0.21,
            "avg_singleQubit_gate_error": 0.16,
            "min_twoQubits_gate_error": 0.62,
            "max_twoQubits_gate_error": 0.62,
            "avg_twoQubits_gate_error": 0.62,
            "min_t1": 20.8094,
            "max_t1": 29.3702,
            "avg_t1": 25.0898,
            "min_t2": 2.0051,
            "max_t2": 2.9482,
            "avg_t2": 2.4766500000000002,
            "twoQubits_gate_error_accumulation": 1.24,
            "expected_fidelity": 0.753429362971416,
            "idel_entropy": 0.529275348759811,
            "idle_rate": 0.2054794520547945,
            "qubit_frequency_dict": {
                "30": 5.3136,
                "24": 5.1355
            },
            "readout_frequency_dict": {
                "30": null,
                "24": null
            },
            "readoutError_dict": {
                "30": 17.59,
                "24": 4.81
            },
            "singleQubit_gate_error_dict": {
                "30": 0.21,
                "24": 0.11
            },
            "twoQubits_gate_error_dict": {
                "0": {
                    "twoQubits": [
                        30,
                        24
                    ],
                    "cz_error": 0.62
                },
                "1": {
                    "twoQubits": [
                        30,
                        24
                    ],
                    "cz_error": 0.62
                }
            },
            "t1_dict": {
                "30": 29.3702,
                "24": 20.8094
            },
            "t2_dict": {
                "30": 2.9482,
                "24": 2.0051
            },
            "singleQubit_update_time": "2025-03-21 02:33:29",
            "readout_update_time": "2025-03-26 10:32:03",
            "twoQubitGate_update_time": "2025-03-26 08:28:51",
            "origin_circuit": "RZ Q1 -1.570796325\nX2P Q1\nRZ Q1 1.570796325\nX2M Q1\nCZ Q0 Q1\nX2P Q0\nRZ Q0 3.14159265\nX2M Q0\nRZ Q1 1.570796325\nX2P Q1\nRZ Q1 0.7853981625\nX2M Q1\nCZ Q0 Q1\nRZ Q0 2.7712183476226278\nX2P Q0\nRZ Q0 -2.4596526718808813\nX2M Q0\nRZ Q1 -1.570796325\nX2P Q1\nRZ Q1 1.570796325\nX2M Q1\nM Q1\nM Q0",
            "layout": [
                30,
                24
            ],
            "transpiled_circit": "RZ Q24 -1.570796325\nX2P Q24\nRZ Q24 1.570796325\nX2M Q24\nCZ Q30 Q24\nX2P Q30\nRZ Q30 3.14159265\nX2M Q30\nRZ Q24 1.570796325\nX2P Q24\nRZ Q24 0.7853981625\nX2M Q24\nCZ Q30 Q24\nRZ Q30 2.7712183476226278\nX2P Q30\nRZ Q30 -2.4596526718808813\nX2M Q30\nRZ Q24 -1.570796325\nX2P Q24\nRZ Q24 1.570796325\nX2M Q24\nM Q24\nM Q30"
        }
    }
}