{
    "transpiled_randomCircuit_2qubit_1": {
        "run_config": {
            "machine_time": "tianyan176-2",
            "repeat": 1,
            "shots": 8000,
            "layout": [
                55,
                49
            ],
            "layout_id": 179,
            "expected_fidelity": 0.8991864956325447,
            "real_fidelity": 0.9565593426672092,
            "begin_time": "2025-03-26 11:00:02",
            "end_time": "2025-03-26 11:01:46",
            "cost_time": "104.249664 s"
        },
        "circuit_features": {
            "num_qubits": 2,
            "num_gates": 21,
            "depth": 14,
            "program_communication": 1.0,
            "critical_depth": 1.0,
            "entanglement_ratio": 0.09523809523809523,
            "parallelism": 0.5,
            "liveness": 0.8214285714285714,
            "min_qubit_frequency": 5.4472,
            "max_qubit_frequency": 5.74,
            "avg_qubit_frequency": 5.5936,
            "min_readout_frequency": null,
            "max_readout_frequency": null,
            "avg_readout_frequency": null,
            "min_readoutError": 1.7,
            "max_readoutError": 1.95,
            "avg_readoutError": 1.825,
            "min_singleQubit_gate_error": 0.26,
            "max_singleQubit_gate_error": 0.37,
            "avg_singleQubit_gate_error": 0.315,
            "min_twoQubits_gate_error": 0.61,
            "max_twoQubits_gate_error": 0.61,
            "avg_twoQubits_gate_error": 0.61,
            "min_t1": 6.0438,
            "max_t1": 33.0192,
            "avg_t1": 19.531499999999998,
            "min_t2": 3.5214,
            "max_t2": 4.6667,
            "avg_t2": 4.094049999999999,
            "twoQubits_gate_error_accumulation": 1.22,
            "expected_fidelity": 0.8991864956325447,
            "idel_entropy": 0.529275348759811,
            "idle_rate": 0.2054794520547945,
            "qubit_frequency_dict": {
                "55": 5.4472,
                "49": 5.74
            },
            "readout_frequency_dict": {
                "55": null,
                "49": null
            },
            "readoutError_dict": {
                "55": 1.7,
                "49": 1.95
            },
            "singleQubit_gate_error_dict": {
                "55": 0.37,
                "49": 0.26
            },
            "twoQubits_gate_error_dict": {
                "0": {
                    "twoQubits": [
                        55,
                        49
                    ],
                    "cz_error": 0.61
                },
                "1": {
                    "twoQubits": [
                        55,
                        49
                    ],
                    "cz_error": 0.61
                }
            },
            "t1_dict": {
                "55": 33.0192,
                "49": 6.0438
            },
            "t2_dict": {
                "55": 4.6667,
                "49": 3.5214
            },
            "singleQubit_update_time": "2025-03-21 02:33:29",
            "readout_update_time": "2025-03-26 10:32:03",
            "twoQubitGate_update_time": "2025-03-26 08:28:51",
            "origin_circuit": "RZ Q1 -1.570796325\nX2P Q1\nRZ Q1 1.570796325\nX2M Q1\nCZ Q0 Q1\nX2P Q0\nRZ Q0 3.14159265\nX2M Q0\nRZ Q1 1.570796325\nX2P Q1\nRZ Q1 0.7853981625\nX2M Q1\nCZ Q0 Q1\nRZ Q0 2.7712183476226278\nX2P Q0\nRZ Q0 -2.4596526718808813\nX2M Q0\nRZ Q1 -1.570796325\nX2P Q1\nRZ Q1 1.570796325\nX2M Q1\nM Q1\nM Q0",
            "layout": [
                55,
                49
            ],
            "transpiled_circit": "RZ Q49 -1.570796325\nX2P Q49\nRZ Q49 1.570796325\nX2M Q49\nCZ Q55 Q49\nX2P Q55\nRZ Q55 3.14159265\nX2M Q55\nRZ Q49 1.570796325\nX2P Q49\nRZ Q49 0.7853981625\nX2M Q49\nCZ Q55 Q49\nRZ Q55 2.7712183476226278\nX2P Q55\nRZ Q55 -2.4596526718808813\nX2M Q55\nRZ Q49 -1.570796325\nX2P Q49\nRZ Q49 1.570796325\nX2M Q49\nM Q49\nM Q55"
        }
    }
}