{
    "transpiled_randomCircuit_2qubit_1": {
        "run_config": {
            "machine_time": "tianyan176-2",
            "repeat": 1,
            "shots": 8000,
            "layout": [
                25,
                19
            ],
            "layout_id": 52,
            "expected_fidelity": 0.8676712071254272,
            "real_fidelity": 0.8779533655107427,
            "begin_time": "2025-03-26 10:33:21",
            "end_time": "2025-03-26 10:33:34",
            "cost_time": "13.500205 s"
        },
        "circuit_features": {
            "num_qubits": 2,
            "num_gates": 21,
            "depth": 14,
            "program_communication": 1.0,
            "critical_depth": 1.0,
            "entanglement_ratio": 0.09523809523809523,
            "parallelism": 0.5,
            "liveness": 0.8214285714285714,
            "min_qubit_frequency": 5.4547,
            "max_qubit_frequency": 5.5602,
            "avg_qubit_frequency": 5.50745,
            "min_readout_frequency": null,
            "max_readout_frequency": null,
            "avg_readout_frequency": null,
            "min_readoutError": 1.29,
            "max_readoutError": 2.33,
            "avg_readoutError": 1.81,
            "min_singleQubit_gate_error": 0.29,
            "max_singleQubit_gate_error": 0.39,
            "avg_singleQubit_gate_error": 0.33999999999999997,
            "min_twoQubits_gate_error": 1.89,
            "max_twoQubits_gate_error": 1.89,
            "avg_twoQubits_gate_error": 1.89,
            "min_t1": 8.7069,
            "max_t1": 33.3492,
            "avg_t1": 21.02805,
            "min_t2": 3.4857,
            "max_t2": 4.0429,
            "avg_t2": 3.7643000000000004,
            "twoQubits_gate_error_accumulation": 3.78,
            "expected_fidelity": 0.8676712071254272,
            "idel_entropy": 0.529275348759811,
            "idle_rate": 0.2054794520547945,
            "qubit_frequency_dict": {
                "25": 5.5602,
                "19": 5.4547
            },
            "readout_frequency_dict": {
                "25": null,
                "19": null
            },
            "readoutError_dict": {
                "25": 2.33,
                "19": 1.29
            },
            "singleQubit_gate_error_dict": {
                "25": 0.29,
                "19": 0.39
            },
            "twoQubits_gate_error_dict": {
                "0": {
                    "twoQubits": [
                        25,
                        19
                    ],
                    "cz_error": 1.89
                },
                "1": {
                    "twoQubits": [
                        25,
                        19
                    ],
                    "cz_error": 1.89
                }
            },
            "t1_dict": {
                "25": 8.7069,
                "19": 33.3492
            },
            "t2_dict": {
                "25": 4.0429,
                "19": 3.4857
            },
            "singleQubit_update_time": "2025-03-21 02:33:29",
            "readout_update_time": "2025-03-26 10:32:03",
            "twoQubitGate_update_time": "2025-03-26 08:28:51",
            "origin_circuit": "RZ Q1 -1.570796325\nX2P Q1\nRZ Q1 1.570796325\nX2M Q1\nCZ Q0 Q1\nX2P Q0\nRZ Q0 3.14159265\nX2M Q0\nRZ Q1 1.570796325\nX2P Q1\nRZ Q1 0.7853981625\nX2M Q1\nCZ Q0 Q1\nRZ Q0 2.7712183476226278\nX2P Q0\nRZ Q0 -2.4596526718808813\nX2M Q0\nRZ Q1 -1.570796325\nX2P Q1\nRZ Q1 1.570796325\nX2M Q1\nM Q1\nM Q0",
            "layout": [
                25,
                19
            ],
            "transpiled_circit": "RZ Q19 -1.570796325\nX2P Q19\nRZ Q19 1.570796325\nX2M Q19\nCZ Q25 Q19\nX2P Q25\nRZ Q25 3.14159265\nX2M Q25\nRZ Q19 1.570796325\nX2P Q19\nRZ Q19 0.7853981625\nX2M Q19\nCZ Q25 Q19\nRZ Q25 2.7712183476226278\nX2P Q25\nRZ Q25 -2.4596526718808813\nX2M Q25\nRZ Q19 -1.570796325\nX2P Q19\nRZ Q19 1.570796325\nX2M Q19\nM Q19\nM Q25"
        }
    }
}