{
    "transpiled_randomCircuit_2qubit_1": {
        "run_config": {
            "machine_time": "tianyan176-2",
            "repeat": 1,
            "shots": 8000,
            "layout": [
                36,
                43
            ],
            "layout_id": 113,
            "expected_fidelity": 0.8765529092816343,
            "real_fidelity": 0.8694931990106535,
            "begin_time": "2025-03-26 10:45:59",
            "end_time": "2025-03-26 10:46:10",
            "cost_time": "11.32092 s"
        },
        "circuit_features": {
            "num_qubits": 2,
            "num_gates": 21,
            "depth": 14,
            "program_communication": 1.0,
            "critical_depth": 1.0,
            "entanglement_ratio": 0.09523809523809523,
            "parallelism": 0.5,
            "liveness": 0.8214285714285714,
            "min_qubit_frequency": 5.4413,
            "max_qubit_frequency": 5.4707,
            "avg_qubit_frequency": 5.4559999999999995,
            "min_readout_frequency": null,
            "max_readout_frequency": null,
            "avg_readout_frequency": null,
            "min_readoutError": 1.58,
            "max_readoutError": 2.04,
            "avg_readoutError": 1.81,
            "min_singleQubit_gate_error": 0.13,
            "max_singleQubit_gate_error": 0.34,
            "avg_singleQubit_gate_error": 0.23500000000000001,
            "min_twoQubits_gate_error": 2.75,
            "max_twoQubits_gate_error": 2.75,
            "avg_twoQubits_gate_error": 2.75,
            "min_t1": 15.0164,
            "max_t1": 32.6303,
            "avg_t1": 23.823349999999998,
            "min_t2": 2.4432,
            "max_t2": 3.1699,
            "avg_t2": 2.80655,
            "twoQubits_gate_error_accumulation": 5.5,
            "expected_fidelity": 0.8765529092816343,
            "idel_entropy": 0.529275348759811,
            "idle_rate": 0.2054794520547945,
            "qubit_frequency_dict": {
                "36": 5.4707,
                "43": 5.4413
            },
            "readout_frequency_dict": {
                "36": null,
                "43": null
            },
            "readoutError_dict": {
                "36": 2.04,
                "43": 1.58
            },
            "singleQubit_gate_error_dict": {
                "36": 0.34,
                "43": 0.13
            },
            "twoQubits_gate_error_dict": {
                "0": {
                    "twoQubits": [
                        36,
                        43
                    ],
                    "cz_error": 2.75
                },
                "1": {
                    "twoQubits": [
                        36,
                        43
                    ],
                    "cz_error": 2.75
                }
            },
            "t1_dict": {
                "36": 15.0164,
                "43": 32.6303
            },
            "t2_dict": {
                "36": 3.1699,
                "43": 2.4432
            },
            "singleQubit_update_time": "2025-03-21 02:33:29",
            "readout_update_time": "2025-03-26 10:32:03",
            "twoQubitGate_update_time": "2025-03-26 08:28:51",
            "origin_circuit": "RZ Q1 -1.570796325\nX2P Q1\nRZ Q1 1.570796325\nX2M Q1\nCZ Q0 Q1\nX2P Q0\nRZ Q0 3.14159265\nX2M Q0\nRZ Q1 1.570796325\nX2P Q1\nRZ Q1 0.7853981625\nX2M Q1\nCZ Q0 Q1\nRZ Q0 2.7712183476226278\nX2P Q0\nRZ Q0 -2.4596526718808813\nX2M Q0\nRZ Q1 -1.570796325\nX2P Q1\nRZ Q1 1.570796325\nX2M Q1\nM Q1\nM Q0",
            "layout": [
                36,
                43
            ],
            "transpiled_circit": "RZ Q43 -1.570796325\nX2P Q43\nRZ Q43 1.570796325\nX2M Q43\nCZ Q36 Q43\nX2P Q36\nRZ Q36 3.14159265\nX2M Q36\nRZ Q43 1.570796325\nX2P Q43\nRZ Q43 0.7853981625\nX2M Q43\nCZ Q36 Q43\nRZ Q36 2.7712183476226278\nX2P Q36\nRZ Q36 -2.4596526718808813\nX2M Q36\nRZ Q43 -1.570796325\nX2P Q43\nRZ Q43 1.570796325\nX2M Q43\nM Q43\nM Q36"
        }
    }
}