{
    "transpiled_randomCircuit_2qubit_1": {
        "run_config": {
            "machine_time": "tianyan176-2",
            "repeat": 1,
            "shots": 8000,
            "layout": [
                14,
                21
            ],
            "layout_id": 5,
            "expected_fidelity": 0.8142337305843628,
            "real_fidelity": 0.9181444870741876,
            "begin_time": "2025-03-26 10:20:47",
            "end_time": "2025-03-26 10:20:59",
            "cost_time": "11.400388 s"
        },
        "circuit_features": {
            "num_qubits": 2,
            "num_gates": 21,
            "depth": 14,
            "program_communication": 1.0,
            "critical_depth": 1.0,
            "entanglement_ratio": 0.09523809523809523,
            "parallelism": 0.5,
            "liveness": 0.8214285714285714,
            "min_qubit_frequency": 5.1414,
            "max_qubit_frequency": 5.4505,
            "avg_qubit_frequency": 5.2959499999999995,
            "min_readout_frequency": null,
            "max_readout_frequency": null,
            "avg_readout_frequency": null,
            "min_readoutError": 2.42,
            "max_readoutError": 8.37,
            "avg_readoutError": 5.395,
            "min_singleQubit_gate_error": 0.08,
            "max_singleQubit_gate_error": 0.98,
            "avg_singleQubit_gate_error": 0.53,
            "min_twoQubits_gate_error": 0.75,
            "max_twoQubits_gate_error": 0.75,
            "avg_twoQubits_gate_error": 0.75,
            "min_t1": 24.4302,
            "max_t1": 42.5285,
            "avg_t1": 33.47935,
            "min_t2": 2.5943,
            "max_t2": 3.6913,
            "avg_t2": 3.1428000000000003,
            "twoQubits_gate_error_accumulation": 1.5,
            "expected_fidelity": 0.8142337305843628,
            "idel_entropy": 0.529275348759811,
            "idle_rate": 0.2054794520547945,
            "qubit_frequency_dict": {
                "14": 5.4505,
                "21": 5.1414
            },
            "readout_frequency_dict": {
                "14": null,
                "21": null
            },
            "readoutError_dict": {
                "14": 8.37,
                "21": 2.42
            },
            "singleQubit_gate_error_dict": {
                "14": 0.98,
                "21": 0.08
            },
            "twoQubits_gate_error_dict": {
                "0": {
                    "twoQubits": [
                        14,
                        21
                    ],
                    "cz_error": 0.75
                },
                "1": {
                    "twoQubits": [
                        14,
                        21
                    ],
                    "cz_error": 0.75
                }
            },
            "t1_dict": {
                "14": 24.4302,
                "21": 42.5285
            },
            "t2_dict": {
                "14": 3.6913,
                "21": 2.5943
            },
            "singleQubit_update_time": "2025-03-21 02:33:29",
            "readout_update_time": "2025-03-26 10:01:21",
            "twoQubitGate_update_time": "2025-03-26 08:28:51",
            "origin_circuit": "RZ Q1 -1.570796325\nX2P Q1\nRZ Q1 1.570796325\nX2M Q1\nCZ Q0 Q1\nX2P Q0\nRZ Q0 3.14159265\nX2M Q0\nRZ Q1 1.570796325\nX2P Q1\nRZ Q1 0.7853981625\nX2M Q1\nCZ Q0 Q1\nRZ Q0 2.7712183476226278\nX2P Q0\nRZ Q0 -2.4596526718808813\nX2M Q0\nRZ Q1 -1.570796325\nX2P Q1\nRZ Q1 1.570796325\nX2M Q1\nM Q1\nM Q0",
            "layout": [
                14,
                21
            ],
            "transpiled_circit": "RZ Q21 -1.570796325\nX2P Q21\nRZ Q21 1.570796325\nX2M Q21\nCZ Q14 Q21\nX2P Q14\nRZ Q14 3.14159265\nX2M Q14\nRZ Q21 1.570796325\nX2P Q21\nRZ Q21 0.7853981625\nX2M Q21\nCZ Q14 Q21\nRZ Q14 2.7712183476226278\nX2P Q14\nRZ Q14 -2.4596526718808813\nX2M Q14\nRZ Q21 -1.570796325\nX2P Q21\nRZ Q21 1.570796325\nX2M Q21\nM Q21\nM Q14"
        }
    }
}