{
    "transpiled_randomCircuit_2qubit_1": {
        "run_config": {
            "machine_time": "tianyan176-2",
            "repeat": 1,
            "shots": 8000,
            "layout": [
                14,
                20
            ],
            "layout_id": 7,
            "expected_fidelity": 0.7685853001584627,
            "real_fidelity": 0.9368094388130864,
            "begin_time": "2025-03-26 10:21:11",
            "end_time": "2025-03-26 10:21:22",
            "cost_time": "11.317174 s"
        },
        "circuit_features": {
            "num_qubits": 2,
            "num_gates": 21,
            "depth": 14,
            "program_communication": 1.0,
            "critical_depth": 1.0,
            "entanglement_ratio": 0.09523809523809523,
            "parallelism": 0.5,
            "liveness": 0.8214285714285714,
            "min_qubit_frequency": 5.3375,
            "max_qubit_frequency": 5.4505,
            "avg_qubit_frequency": 5.394,
            "min_readout_frequency": null,
            "max_readout_frequency": null,
            "avg_readout_frequency": null,
            "min_readoutError": 1.15,
            "max_readoutError": 8.37,
            "avg_readoutError": 4.76,
            "min_singleQubit_gate_error": 0.15,
            "max_singleQubit_gate_error": 0.98,
            "avg_singleQubit_gate_error": 0.565,
            "min_twoQubits_gate_error": 3.79,
            "max_twoQubits_gate_error": 3.79,
            "avg_twoQubits_gate_error": 3.79,
            "min_t1": 24.4302,
            "max_t1": 25.2821,
            "avg_t1": 24.85615,
            "min_t2": 3.3763,
            "max_t2": 3.6913,
            "avg_t2": 3.5338000000000003,
            "twoQubits_gate_error_accumulation": 7.58,
            "expected_fidelity": 0.7685853001584627,
            "idel_entropy": 0.529275348759811,
            "idle_rate": 0.2054794520547945,
            "qubit_frequency_dict": {
                "14": 5.4505,
                "20": 5.3375
            },
            "readout_frequency_dict": {
                "14": null,
                "20": null
            },
            "readoutError_dict": {
                "14": 8.37,
                "20": 1.15
            },
            "singleQubit_gate_error_dict": {
                "14": 0.98,
                "20": 0.15
            },
            "twoQubits_gate_error_dict": {
                "0": {
                    "twoQubits": [
                        14,
                        20
                    ],
                    "cz_error": 3.79
                },
                "1": {
                    "twoQubits": [
                        14,
                        20
                    ],
                    "cz_error": 3.79
                }
            },
            "t1_dict": {
                "14": 24.4302,
                "20": 25.2821
            },
            "t2_dict": {
                "14": 3.6913,
                "20": 3.3763
            },
            "singleQubit_update_time": "2025-03-21 02:33:29",
            "readout_update_time": "2025-03-26 10:01:21",
            "twoQubitGate_update_time": "2025-03-26 08:28:51",
            "origin_circuit": "RZ Q1 -1.570796325\nX2P Q1\nRZ Q1 1.570796325\nX2M Q1\nCZ Q0 Q1\nX2P Q0\nRZ Q0 3.14159265\nX2M Q0\nRZ Q1 1.570796325\nX2P Q1\nRZ Q1 0.7853981625\nX2M Q1\nCZ Q0 Q1\nRZ Q0 2.7712183476226278\nX2P Q0\nRZ Q0 -2.4596526718808813\nX2M Q0\nRZ Q1 -1.570796325\nX2P Q1\nRZ Q1 1.570796325\nX2M Q1\nM Q1\nM Q0",
            "layout": [
                14,
                20
            ],
            "transpiled_circit": "RZ Q20 -1.570796325\nX2P Q20\nRZ Q20 1.570796325\nX2M Q20\nCZ Q14 Q20\nX2P Q14\nRZ Q14 3.14159265\nX2M Q14\nRZ Q20 1.570796325\nX2P Q20\nRZ Q20 0.7853981625\nX2M Q20\nCZ Q14 Q20\nRZ Q14 2.7712183476226278\nX2P Q14\nRZ Q14 -2.4596526718808813\nX2M Q14\nRZ Q20 -1.570796325\nX2P Q20\nRZ Q20 1.570796325\nX2M Q20\nM Q20\nM Q14"
        }
    }
}