{
    "transpiled_randomCircuit_2qubit_1": {
        "run_config": {
            "machine_time": "tianyan176-2",
            "repeat": 1,
            "shots": 8000,
            "layout": [
                24,
                18
            ],
            "layout_id": 93,
            "expected_fidelity": 0.7937167467126129,
            "real_fidelity": 0.8435011839373154,
            "begin_time": "2025-03-26 10:41:54",
            "end_time": "2025-03-26 10:42:07",
            "cost_time": "13.566476 s"
        },
        "circuit_features": {
            "num_qubits": 2,
            "num_gates": 21,
            "depth": 14,
            "program_communication": 1.0,
            "critical_depth": 1.0,
            "entanglement_ratio": 0.09523809523809523,
            "parallelism": 0.5,
            "liveness": 0.8214285714285714,
            "min_qubit_frequency": 5.1355,
            "max_qubit_frequency": 5.2753,
            "avg_qubit_frequency": 5.2054,
            "min_readout_frequency": null,
            "max_readout_frequency": null,
            "avg_readout_frequency": null,
            "min_readoutError": 3.11,
            "max_readoutError": 4.81,
            "avg_readoutError": 3.96,
            "min_singleQubit_gate_error": 0.11,
            "max_singleQubit_gate_error": 0.6,
            "avg_singleQubit_gate_error": 0.355,
            "min_twoQubits_gate_error": 3.45,
            "max_twoQubits_gate_error": 3.45,
            "avg_twoQubits_gate_error": 3.45,
            "min_t1": 20.8094,
            "max_t1": 34.8112,
            "avg_t1": 27.810299999999998,
            "min_t2": 1.3775,
            "max_t2": 2.0051,
            "avg_t2": 1.6913,
            "twoQubits_gate_error_accumulation": 6.9,
            "expected_fidelity": 0.7937167467126129,
            "idel_entropy": 0.529275348759811,
            "idle_rate": 0.2054794520547945,
            "qubit_frequency_dict": {
                "24": 5.1355,
                "18": 5.2753
            },
            "readout_frequency_dict": {
                "24": null,
                "18": null
            },
            "readoutError_dict": {
                "24": 4.81,
                "18": 3.11
            },
            "singleQubit_gate_error_dict": {
                "24": 0.11,
                "18": 0.6
            },
            "twoQubits_gate_error_dict": {
                "0": {
                    "twoQubits": [
                        24,
                        18
                    ],
                    "cz_error": 3.45
                },
                "1": {
                    "twoQubits": [
                        24,
                        18
                    ],
                    "cz_error": 3.45
                }
            },
            "t1_dict": {
                "24": 20.8094,
                "18": 34.8112
            },
            "t2_dict": {
                "24": 2.0051,
                "18": 1.3775
            },
            "singleQubit_update_time": "2025-03-21 02:33:29",
            "readout_update_time": "2025-03-26 10:32:03",
            "twoQubitGate_update_time": "2025-03-26 08:28:51",
            "origin_circuit": "RZ Q1 -1.570796325\nX2P Q1\nRZ Q1 1.570796325\nX2M Q1\nCZ Q0 Q1\nX2P Q0\nRZ Q0 3.14159265\nX2M Q0\nRZ Q1 1.570796325\nX2P Q1\nRZ Q1 0.7853981625\nX2M Q1\nCZ Q0 Q1\nRZ Q0 2.7712183476226278\nX2P Q0\nRZ Q0 -2.4596526718808813\nX2M Q0\nRZ Q1 -1.570796325\nX2P Q1\nRZ Q1 1.570796325\nX2M Q1\nM Q1\nM Q0",
            "layout": [
                24,
                18
            ],
            "transpiled_circit": "RZ Q18 -1.570796325\nX2P Q18\nRZ Q18 1.570796325\nX2M Q18\nCZ Q24 Q18\nX2P Q24\nRZ Q24 3.14159265\nX2M Q24\nRZ Q18 1.570796325\nX2P Q18\nRZ Q18 0.7853981625\nX2M Q18\nCZ Q24 Q18\nRZ Q24 2.7712183476226278\nX2P Q24\nRZ Q24 -2.4596526718808813\nX2M Q24\nRZ Q18 -1.570796325\nX2P Q18\nRZ Q18 1.570796325\nX2M Q18\nM Q18\nM Q24"
        }
    }
}