{
    "transpiled_randomCircuit_2qubit_1": {
        "run_config": {
            "machine_time": "tianyan176-2",
            "repeat": 1,
            "shots": 8000,
            "layout": [
                22,
                28
            ],
            "layout_id": 34,
            "expected_fidelity": 0.7547477267819506,
            "real_fidelity": 0.8322437355167516,
            "begin_time": "2025-03-26 10:27:24",
            "end_time": "2025-03-26 10:27:36",
            "cost_time": "11.675614 s"
        },
        "circuit_features": {
            "num_qubits": 2,
            "num_gates": 21,
            "depth": 14,
            "program_communication": 1.0,
            "critical_depth": 1.0,
            "entanglement_ratio": 0.09523809523809523,
            "parallelism": 0.5,
            "liveness": 0.8214285714285714,
            "min_qubit_frequency": 5.2429,
            "max_qubit_frequency": 5.4211,
            "avg_qubit_frequency": 5.332,
            "min_readout_frequency": null,
            "max_readout_frequency": null,
            "avg_readout_frequency": null,
            "min_readoutError": 3.7,
            "max_readoutError": 11.53,
            "avg_readoutError": 7.615,
            "min_singleQubit_gate_error": 0.12,
            "max_singleQubit_gate_error": 0.26,
            "avg_singleQubit_gate_error": 0.19,
            "min_twoQubits_gate_error": 4.33,
            "max_twoQubits_gate_error": 4.33,
            "avg_twoQubits_gate_error": 4.33,
            "min_t1": 9.7787,
            "max_t1": 39.9207,
            "avg_t1": 24.8497,
            "min_t2": 1.4092,
            "max_t2": 2.2739,
            "avg_t2": 1.8415499999999998,
            "twoQubits_gate_error_accumulation": 8.66,
            "expected_fidelity": 0.7547477267819506,
            "idel_entropy": 0.529275348759811,
            "idle_rate": 0.2054794520547945,
            "qubit_frequency_dict": {
                "22": 5.4211,
                "28": 5.2429
            },
            "readout_frequency_dict": {
                "22": null,
                "28": null
            },
            "readoutError_dict": {
                "22": 3.7,
                "28": 11.53
            },
            "singleQubit_gate_error_dict": {
                "22": 0.26,
                "28": 0.12
            },
            "twoQubits_gate_error_dict": {
                "0": {
                    "twoQubits": [
                        22,
                        28
                    ],
                    "cz_error": 4.33
                },
                "1": {
                    "twoQubits": [
                        22,
                        28
                    ],
                    "cz_error": 4.33
                }
            },
            "t1_dict": {
                "22": 9.7787,
                "28": 39.9207
            },
            "t2_dict": {
                "22": 1.4092,
                "28": 2.2739
            },
            "singleQubit_update_time": "2025-03-21 02:33:29",
            "readout_update_time": "2025-03-26 10:01:21",
            "twoQubitGate_update_time": "2025-03-26 08:28:51",
            "origin_circuit": "RZ Q1 -1.570796325\nX2P Q1\nRZ Q1 1.570796325\nX2M Q1\nCZ Q0 Q1\nX2P Q0\nRZ Q0 3.14159265\nX2M Q0\nRZ Q1 1.570796325\nX2P Q1\nRZ Q1 0.7853981625\nX2M Q1\nCZ Q0 Q1\nRZ Q0 2.7712183476226278\nX2P Q0\nRZ Q0 -2.4596526718808813\nX2M Q0\nRZ Q1 -1.570796325\nX2P Q1\nRZ Q1 1.570796325\nX2M Q1\nM Q1\nM Q0",
            "layout": [
                22,
                28
            ],
            "transpiled_circit": "RZ Q28 -1.570796325\nX2P Q28\nRZ Q28 1.570796325\nX2M Q28\nCZ Q22 Q28\nX2P Q22\nRZ Q22 3.14159265\nX2M Q22\nRZ Q28 1.570796325\nX2P Q28\nRZ Q28 0.7853981625\nX2M Q28\nCZ Q22 Q28\nRZ Q22 2.7712183476226278\nX2P Q22\nRZ Q22 -2.4596526718808813\nX2M Q22\nRZ Q28 -1.570796325\nX2P Q28\nRZ Q28 1.570796325\nX2M Q28\nM Q28\nM Q22"
        }
    }
}