{
    "transpiled_randomCircuit_2qubit_1": {
        "run_config": {
            "machine_time": "tianyan176-2",
            "repeat": 1,
            "shots": 8000,
            "layout": [
                23,
                16
            ],
            "layout_id": 89,
            "expected_fidelity": 0.9033128413276552,
            "real_fidelity": 0.9578734224069997,
            "begin_time": "2025-03-26 10:41:07",
            "end_time": "2025-03-26 10:41:18",
            "cost_time": "11.490491 s"
        },
        "circuit_features": {
            "num_qubits": 2,
            "num_gates": 21,
            "depth": 14,
            "program_communication": 1.0,
            "critical_depth": 1.0,
            "entanglement_ratio": 0.09523809523809523,
            "parallelism": 0.5,
            "liveness": 0.8214285714285714,
            "min_qubit_frequency": 5.1519,
            "max_qubit_frequency": 5.1999,
            "avg_qubit_frequency": 5.1759,
            "min_readout_frequency": null,
            "max_readout_frequency": null,
            "avg_readout_frequency": null,
            "min_readoutError": 2.18,
            "max_readoutError": 2.68,
            "avg_readoutError": 2.43,
            "min_singleQubit_gate_error": 0.13,
            "max_singleQubit_gate_error": 0.15,
            "avg_singleQubit_gate_error": 0.14,
            "min_twoQubits_gate_error": 1.26,
            "max_twoQubits_gate_error": 1.26,
            "avg_twoQubits_gate_error": 1.26,
            "min_t1": 21.0104,
            "max_t1": 24.5721,
            "avg_t1": 22.791249999999998,
            "min_t2": 1.9735,
            "max_t2": 2.0608,
            "avg_t2": 2.01715,
            "twoQubits_gate_error_accumulation": 2.52,
            "expected_fidelity": 0.9033128413276552,
            "idel_entropy": 0.529275348759811,
            "idle_rate": 0.2054794520547945,
            "qubit_frequency_dict": {
                "23": 5.1999,
                "16": 5.1519
            },
            "readout_frequency_dict": {
                "23": null,
                "16": null
            },
            "readoutError_dict": {
                "23": 2.18,
                "16": 2.68
            },
            "singleQubit_gate_error_dict": {
                "23": 0.13,
                "16": 0.15
            },
            "twoQubits_gate_error_dict": {
                "0": {
                    "twoQubits": [
                        23,
                        16
                    ],
                    "cz_error": 1.26
                },
                "1": {
                    "twoQubits": [
                        23,
                        16
                    ],
                    "cz_error": 1.26
                }
            },
            "t1_dict": {
                "23": 24.5721,
                "16": 21.0104
            },
            "t2_dict": {
                "23": 2.0608,
                "16": 1.9735
            },
            "singleQubit_update_time": "2025-03-21 02:33:29",
            "readout_update_time": "2025-03-26 10:32:03",
            "twoQubitGate_update_time": "2025-03-26 08:28:51",
            "origin_circuit": "RZ Q1 -1.570796325\nX2P Q1\nRZ Q1 1.570796325\nX2M Q1\nCZ Q0 Q1\nX2P Q0\nRZ Q0 3.14159265\nX2M Q0\nRZ Q1 1.570796325\nX2P Q1\nRZ Q1 0.7853981625\nX2M Q1\nCZ Q0 Q1\nRZ Q0 2.7712183476226278\nX2P Q0\nRZ Q0 -2.4596526718808813\nX2M Q0\nRZ Q1 -1.570796325\nX2P Q1\nRZ Q1 1.570796325\nX2M Q1\nM Q1\nM Q0",
            "layout": [
                23,
                16
            ],
            "transpiled_circit": "RZ Q16 -1.570796325\nX2P Q16\nRZ Q16 1.570796325\nX2M Q16\nCZ Q23 Q16\nX2P Q23\nRZ Q23 3.14159265\nX2M Q23\nRZ Q16 1.570796325\nX2P Q16\nRZ Q16 0.7853981625\nX2M Q16\nCZ Q23 Q16\nRZ Q23 2.7712183476226278\nX2P Q23\nRZ Q23 -2.4596526718808813\nX2M Q23\nRZ Q16 -1.570796325\nX2P Q16\nRZ Q16 1.570796325\nX2M Q16\nM Q16\nM Q23"
        }
    }
}