{
    "transpiled_randomCircuit_2qubit_1": {
        "run_config": {
            "machine_time": "tianyan176-2",
            "repeat": 1,
            "shots": 8000,
            "layout": [
                51,
                57
            ],
            "layout_id": 162,
            "expected_fidelity": 0.9121152167428331,
            "real_fidelity": 0.9381855370597848,
            "begin_time": "2025-03-26 10:56:20",
            "end_time": "2025-03-26 10:56:33",
            "cost_time": "13.445859 s"
        },
        "circuit_features": {
            "num_qubits": 2,
            "num_gates": 21,
            "depth": 14,
            "program_communication": 1.0,
            "critical_depth": 1.0,
            "entanglement_ratio": 0.09523809523809523,
            "parallelism": 0.5,
            "liveness": 0.8214285714285714,
            "min_qubit_frequency": 5.2959,
            "max_qubit_frequency": 5.3877,
            "avg_qubit_frequency": 5.341799999999999,
            "min_readout_frequency": null,
            "max_readout_frequency": null,
            "avg_readout_frequency": null,
            "min_readoutError": 1.08,
            "max_readoutError": 3.28,
            "avg_readoutError": 2.1799999999999997,
            "min_singleQubit_gate_error": 0.17,
            "max_singleQubit_gate_error": 0.18,
            "avg_singleQubit_gate_error": 0.175,
            "min_twoQubits_gate_error": 0.71,
            "max_twoQubits_gate_error": 0.71,
            "avg_twoQubits_gate_error": 0.71,
            "min_t1": 23.273,
            "max_t1": 28.9975,
            "avg_t1": 26.13525,
            "min_t2": 2.9094,
            "max_t2": 3.7232,
            "avg_t2": 3.3163,
            "twoQubits_gate_error_accumulation": 1.42,
            "expected_fidelity": 0.9121152167428331,
            "idel_entropy": 0.529275348759811,
            "idle_rate": 0.2054794520547945,
            "qubit_frequency_dict": {
                "51": 5.3877,
                "57": 5.2959
            },
            "readout_frequency_dict": {
                "51": null,
                "57": null
            },
            "readoutError_dict": {
                "51": 1.08,
                "57": 3.28
            },
            "singleQubit_gate_error_dict": {
                "51": 0.17,
                "57": 0.18
            },
            "twoQubits_gate_error_dict": {
                "0": {
                    "twoQubits": [
                        51,
                        57
                    ],
                    "cz_error": 0.71
                },
                "1": {
                    "twoQubits": [
                        51,
                        57
                    ],
                    "cz_error": 0.71
                }
            },
            "t1_dict": {
                "51": 28.9975,
                "57": 23.273
            },
            "t2_dict": {
                "51": 3.7232,
                "57": 2.9094
            },
            "singleQubit_update_time": "2025-03-21 02:33:29",
            "readout_update_time": "2025-03-26 10:32:03",
            "twoQubitGate_update_time": "2025-03-26 08:28:51",
            "origin_circuit": "RZ Q1 -1.570796325\nX2P Q1\nRZ Q1 1.570796325\nX2M Q1\nCZ Q0 Q1\nX2P Q0\nRZ Q0 3.14159265\nX2M Q0\nRZ Q1 1.570796325\nX2P Q1\nRZ Q1 0.7853981625\nX2M Q1\nCZ Q0 Q1\nRZ Q0 2.7712183476226278\nX2P Q0\nRZ Q0 -2.4596526718808813\nX2M Q0\nRZ Q1 -1.570796325\nX2P Q1\nRZ Q1 1.570796325\nX2M Q1\nM Q1\nM Q0",
            "layout": [
                51,
                57
            ],
            "transpiled_circit": "RZ Q57 -1.570796325\nX2P Q57\nRZ Q57 1.570796325\nX2M Q57\nCZ Q51 Q57\nX2P Q51\nRZ Q51 3.14159265\nX2M Q51\nRZ Q57 1.570796325\nX2P Q57\nRZ Q57 0.7853981625\nX2M Q57\nCZ Q51 Q57\nRZ Q51 2.7712183476226278\nX2P Q51\nRZ Q51 -2.4596526718808813\nX2M Q51\nRZ Q57 -1.570796325\nX2P Q57\nRZ Q57 1.570796325\nX2M Q57\nM Q57\nM Q51"
        }
    }
}