{
    "transpiled_randomCircuit_2qubit_1": {
        "run_config": {
            "machine_time": "tianyan176-2",
            "repeat": 1,
            "shots": 8000,
            "layout": [
                10,
                15
            ],
            "layout_id": 16,
            "expected_fidelity": 0.90485033152506,
            "real_fidelity": 0.9648240586590519,
            "begin_time": "2025-03-26 10:23:02",
            "end_time": "2025-03-26 10:23:54",
            "cost_time": "52.195299 s"
        },
        "circuit_features": {
            "num_qubits": 2,
            "num_gates": 21,
            "depth": 14,
            "program_communication": 1.0,
            "critical_depth": 1.0,
            "entanglement_ratio": 0.09523809523809523,
            "parallelism": 0.5,
            "liveness": 0.8214285714285714,
            "min_qubit_frequency": 5.4411,
            "max_qubit_frequency": 5.4961,
            "avg_qubit_frequency": 5.4686,
            "min_readout_frequency": null,
            "max_readout_frequency": null,
            "avg_readout_frequency": null,
            "min_readoutError": 1.1,
            "max_readoutError": 3.76,
            "avg_readoutError": 2.4299999999999997,
            "min_singleQubit_gate_error": 0.15,
            "max_singleQubit_gate_error": 0.23,
            "avg_singleQubit_gate_error": 0.19,
            "min_twoQubits_gate_error": 0.82,
            "max_twoQubits_gate_error": 0.82,
            "avg_twoQubits_gate_error": 0.82,
            "min_t1": 13.582,
            "max_t1": 29.7058,
            "avg_t1": 21.643900000000002,
            "min_t2": 5.0056,
            "max_t2": 5.2412,
            "avg_t2": 5.1234,
            "twoQubits_gate_error_accumulation": 1.64,
            "expected_fidelity": 0.90485033152506,
            "idel_entropy": 0.529275348759811,
            "idle_rate": 0.2054794520547945,
            "qubit_frequency_dict": {
                "10": 5.4411,
                "15": 5.4961
            },
            "readout_frequency_dict": {
                "10": null,
                "15": null
            },
            "readoutError_dict": {
                "10": 3.76,
                "15": 1.1
            },
            "singleQubit_gate_error_dict": {
                "10": 0.23,
                "15": 0.15
            },
            "twoQubits_gate_error_dict": {
                "0": {
                    "twoQubits": [
                        10,
                        15
                    ],
                    "cz_error": 0.82
                },
                "1": {
                    "twoQubits": [
                        10,
                        15
                    ],
                    "cz_error": 0.82
                }
            },
            "t1_dict": {
                "10": 13.582,
                "15": 29.7058
            },
            "t2_dict": {
                "10": 5.0056,
                "15": 5.2412
            },
            "singleQubit_update_time": "2025-03-21 02:33:29",
            "readout_update_time": "2025-03-26 10:01:21",
            "twoQubitGate_update_time": "2025-03-26 08:28:51",
            "origin_circuit": "RZ Q1 -1.570796325\nX2P Q1\nRZ Q1 1.570796325\nX2M Q1\nCZ Q0 Q1\nX2P Q0\nRZ Q0 3.14159265\nX2M Q0\nRZ Q1 1.570796325\nX2P Q1\nRZ Q1 0.7853981625\nX2M Q1\nCZ Q0 Q1\nRZ Q0 2.7712183476226278\nX2P Q0\nRZ Q0 -2.4596526718808813\nX2M Q0\nRZ Q1 -1.570796325\nX2P Q1\nRZ Q1 1.570796325\nX2M Q1\nM Q1\nM Q0",
            "layout": [
                10,
                15
            ],
            "transpiled_circit": "RZ Q15 -1.570796325\nX2P Q15\nRZ Q15 1.570796325\nX2M Q15\nCZ Q10 Q15\nX2P Q10\nRZ Q10 3.14159265\nX2M Q10\nRZ Q15 1.570796325\nX2P Q15\nRZ Q15 0.7853981625\nX2M Q15\nCZ Q10 Q15\nRZ Q10 2.7712183476226278\nX2P Q10\nRZ Q10 -2.4596526718808813\nX2M Q10\nRZ Q15 -1.570796325\nX2P Q15\nRZ Q15 1.570796325\nX2M Q15\nM Q15\nM Q10"
        }
    }
}