{
    "transpiled_randomCircuit_2qubit_1": {
        "run_config": {
            "machine_time": "tianyan176-2",
            "repeat": 1,
            "shots": 8000,
            "layout": [
                4,
                10
            ],
            "layout_id": 58,
            "expected_fidelity": 0.8845376747467849,
            "real_fidelity": 0.9590522538313365,
            "begin_time": "2025-03-26 10:34:41",
            "end_time": "2025-03-26 10:34:52",
            "cost_time": "11.478202 s"
        },
        "circuit_features": {
            "num_qubits": 2,
            "num_gates": 21,
            "depth": 14,
            "program_communication": 1.0,
            "critical_depth": 1.0,
            "entanglement_ratio": 0.09523809523809523,
            "parallelism": 0.5,
            "liveness": 0.8214285714285714,
            "min_qubit_frequency": 5.4411,
            "max_qubit_frequency": 5.5939,
            "avg_qubit_frequency": 5.5175,
            "min_readout_frequency": null,
            "max_readout_frequency": null,
            "avg_readout_frequency": null,
            "min_readoutError": 2.23,
            "max_readoutError": 3.8,
            "avg_readoutError": 3.0149999999999997,
            "min_singleQubit_gate_error": 0.12,
            "max_singleQubit_gate_error": 0.23,
            "avg_singleQubit_gate_error": 0.175,
            "min_twoQubits_gate_error": 1.26,
            "max_twoQubits_gate_error": 1.26,
            "avg_twoQubits_gate_error": 1.26,
            "min_t1": 13.582,
            "max_t1": 37.0857,
            "avg_t1": 25.33385,
            "min_t2": 4.3793,
            "max_t2": 5.0056,
            "avg_t2": 4.69245,
            "twoQubits_gate_error_accumulation": 2.52,
            "expected_fidelity": 0.8845376747467849,
            "idel_entropy": 0.529275348759811,
            "idle_rate": 0.2054794520547945,
            "qubit_frequency_dict": {
                "4": 5.5939,
                "10": 5.4411
            },
            "readout_frequency_dict": {
                "4": null,
                "10": null
            },
            "readoutError_dict": {
                "4": 2.23,
                "10": 3.8
            },
            "singleQubit_gate_error_dict": {
                "4": 0.12,
                "10": 0.23
            },
            "twoQubits_gate_error_dict": {
                "0": {
                    "twoQubits": [
                        4,
                        10
                    ],
                    "cz_error": 1.26
                },
                "1": {
                    "twoQubits": [
                        4,
                        10
                    ],
                    "cz_error": 1.26
                }
            },
            "t1_dict": {
                "4": 37.0857,
                "10": 13.582
            },
            "t2_dict": {
                "4": 4.3793,
                "10": 5.0056
            },
            "singleQubit_update_time": "2025-03-21 02:33:29",
            "readout_update_time": "2025-03-26 10:32:03",
            "twoQubitGate_update_time": "2025-03-26 08:28:51",
            "origin_circuit": "RZ Q1 -1.570796325\nX2P Q1\nRZ Q1 1.570796325\nX2M Q1\nCZ Q0 Q1\nX2P Q0\nRZ Q0 3.14159265\nX2M Q0\nRZ Q1 1.570796325\nX2P Q1\nRZ Q1 0.7853981625\nX2M Q1\nCZ Q0 Q1\nRZ Q0 2.7712183476226278\nX2P Q0\nRZ Q0 -2.4596526718808813\nX2M Q0\nRZ Q1 -1.570796325\nX2P Q1\nRZ Q1 1.570796325\nX2M Q1\nM Q1\nM Q0",
            "layout": [
                4,
                10
            ],
            "transpiled_circit": "RZ Q10 -1.570796325\nX2P Q10\nRZ Q10 1.570796325\nX2M Q10\nCZ Q4 Q10\nX2P Q4\nRZ Q4 3.14159265\nX2M Q4\nRZ Q10 1.570796325\nX2P Q10\nRZ Q10 0.7853981625\nX2M Q10\nCZ Q4 Q10\nRZ Q4 2.7712183476226278\nX2P Q4\nRZ Q4 -2.4596526718808813\nX2M Q4\nRZ Q10 -1.570796325\nX2P Q10\nRZ Q10 1.570796325\nX2M Q10\nM Q10\nM Q4"
        }
    }
}