{
    "transpiled_randomCircuit_2qubit_1": {
        "run_config": {
            "machine_time": "tianyan176-2",
            "repeat": 1,
            "shots": 8000,
            "layout": [
                26,
                33
            ],
            "layout_id": 46,
            "expected_fidelity": 0.810837816938026,
            "real_fidelity": 0.8130735248207979,
            "begin_time": "2025-03-26 10:29:53",
            "end_time": "2025-03-26 10:30:05",
            "cost_time": "12.426572 s"
        },
        "circuit_features": {
            "num_qubits": 2,
            "num_gates": 21,
            "depth": 14,
            "program_communication": 1.0,
            "critical_depth": 1.0,
            "entanglement_ratio": 0.09523809523809523,
            "parallelism": 0.5,
            "liveness": 0.8214285714285714,
            "min_qubit_frequency": 4.9919,
            "max_qubit_frequency": 5.2574,
            "avg_qubit_frequency": 5.12465,
            "min_readout_frequency": null,
            "max_readout_frequency": null,
            "avg_readout_frequency": null,
            "min_readoutError": 1.43,
            "max_readoutError": 10.82,
            "avg_readoutError": 6.125,
            "min_singleQubit_gate_error": 0.09,
            "max_singleQubit_gate_error": 0.13,
            "avg_singleQubit_gate_error": 0.11,
            "min_twoQubits_gate_error": 2.9,
            "max_twoQubits_gate_error": 2.9,
            "avg_twoQubits_gate_error": 2.9,
            "min_t1": 20.6299,
            "max_t1": 22.856,
            "avg_t1": 21.74295,
            "min_t2": 1.6169,
            "max_t2": 2.3345,
            "avg_t2": 1.9756999999999998,
            "twoQubits_gate_error_accumulation": 5.8,
            "expected_fidelity": 0.810837816938026,
            "idel_entropy": 0.529275348759811,
            "idle_rate": 0.2054794520547945,
            "qubit_frequency_dict": {
                "26": 5.2574,
                "33": 4.9919
            },
            "readout_frequency_dict": {
                "26": null,
                "33": null
            },
            "readoutError_dict": {
                "26": 1.43,
                "33": 10.82
            },
            "singleQubit_gate_error_dict": {
                "26": 0.09,
                "33": 0.13
            },
            "twoQubits_gate_error_dict": {
                "0": {
                    "twoQubits": [
                        26,
                        33
                    ],
                    "cz_error": 2.9
                },
                "1": {
                    "twoQubits": [
                        26,
                        33
                    ],
                    "cz_error": 2.9
                }
            },
            "t1_dict": {
                "26": 22.856,
                "33": 20.6299
            },
            "t2_dict": {
                "26": 2.3345,
                "33": 1.6169
            },
            "singleQubit_update_time": "2025-03-21 02:33:29",
            "readout_update_time": "2025-03-26 10:01:21",
            "twoQubitGate_update_time": "2025-03-26 08:28:51",
            "origin_circuit": "RZ Q1 -1.570796325\nX2P Q1\nRZ Q1 1.570796325\nX2M Q1\nCZ Q0 Q1\nX2P Q0\nRZ Q0 3.14159265\nX2M Q0\nRZ Q1 1.570796325\nX2P Q1\nRZ Q1 0.7853981625\nX2M Q1\nCZ Q0 Q1\nRZ Q0 2.7712183476226278\nX2P Q0\nRZ Q0 -2.4596526718808813\nX2M Q0\nRZ Q1 -1.570796325\nX2P Q1\nRZ Q1 1.570796325\nX2M Q1\nM Q1\nM Q0",
            "layout": [
                26,
                33
            ],
            "transpiled_circit": "RZ Q33 -1.570796325\nX2P Q33\nRZ Q33 1.570796325\nX2M Q33\nCZ Q26 Q33\nX2P Q26\nRZ Q26 3.14159265\nX2M Q26\nRZ Q33 1.570796325\nX2P Q33\nRZ Q33 0.7853981625\nX2M Q33\nCZ Q26 Q33\nRZ Q26 2.7712183476226278\nX2P Q26\nRZ Q26 -2.4596526718808813\nX2M Q26\nRZ Q33 -1.570796325\nX2P Q33\nRZ Q33 1.570796325\nX2M Q33\nM Q33\nM Q26"
        }
    }
}