{
    "transpiled_randomCircuit_2qubit_1": {
        "run_config": {
            "machine_time": "tianyan176-2",
            "repeat": 1,
            "shots": 8000,
            "layout": [
                10,
                4
            ],
            "layout_id": 19,
            "expected_fidelity": 0.8907045238773031,
            "real_fidelity": 0.9387859594713318,
            "begin_time": "2025-03-26 10:24:18",
            "end_time": "2025-03-26 10:24:29",
            "cost_time": "11.343733 s"
        },
        "circuit_features": {
            "num_qubits": 2,
            "num_gates": 21,
            "depth": 14,
            "program_communication": 1.0,
            "critical_depth": 1.0,
            "entanglement_ratio": 0.09523809523809523,
            "parallelism": 0.5,
            "liveness": 0.8214285714285714,
            "min_qubit_frequency": 5.4411,
            "max_qubit_frequency": 5.5939,
            "avg_qubit_frequency": 5.5175,
            "min_readout_frequency": null,
            "max_readout_frequency": null,
            "avg_readout_frequency": null,
            "min_readoutError": 2.13,
            "max_readoutError": 3.76,
            "avg_readoutError": 2.945,
            "min_singleQubit_gate_error": 0.12,
            "max_singleQubit_gate_error": 0.23,
            "avg_singleQubit_gate_error": 0.175,
            "min_twoQubits_gate_error": 1.26,
            "max_twoQubits_gate_error": 1.26,
            "avg_twoQubits_gate_error": 1.26,
            "min_t1": 13.582,
            "max_t1": 37.0857,
            "avg_t1": 25.33385,
            "min_t2": 4.3793,
            "max_t2": 5.0056,
            "avg_t2": 4.69245,
            "twoQubits_gate_error_accumulation": 2.52,
            "expected_fidelity": 0.8907045238773031,
            "idel_entropy": 0.529275348759811,
            "idle_rate": 0.2054794520547945,
            "qubit_frequency_dict": {
                "10": 5.4411,
                "4": 5.5939
            },
            "readout_frequency_dict": {
                "10": null,
                "4": null
            },
            "readoutError_dict": {
                "10": 3.76,
                "4": 2.13
            },
            "singleQubit_gate_error_dict": {
                "10": 0.23,
                "4": 0.12
            },
            "twoQubits_gate_error_dict": {
                "0": {
                    "twoQubits": [
                        10,
                        4
                    ],
                    "cz_error": 1.26
                },
                "1": {
                    "twoQubits": [
                        10,
                        4
                    ],
                    "cz_error": 1.26
                }
            },
            "t1_dict": {
                "10": 13.582,
                "4": 37.0857
            },
            "t2_dict": {
                "10": 5.0056,
                "4": 4.3793
            },
            "singleQubit_update_time": "2025-03-21 02:33:29",
            "readout_update_time": "2025-03-26 10:01:21",
            "twoQubitGate_update_time": "2025-03-26 08:28:51",
            "origin_circuit": "RZ Q1 -1.570796325\nX2P Q1\nRZ Q1 1.570796325\nX2M Q1\nCZ Q0 Q1\nX2P Q0\nRZ Q0 3.14159265\nX2M Q0\nRZ Q1 1.570796325\nX2P Q1\nRZ Q1 0.7853981625\nX2M Q1\nCZ Q0 Q1\nRZ Q0 2.7712183476226278\nX2P Q0\nRZ Q0 -2.4596526718808813\nX2M Q0\nRZ Q1 -1.570796325\nX2P Q1\nRZ Q1 1.570796325\nX2M Q1\nM Q1\nM Q0",
            "layout": [
                10,
                4
            ],
            "transpiled_circit": "RZ Q4 -1.570796325\nX2P Q4\nRZ Q4 1.570796325\nX2M Q4\nCZ Q10 Q4\nX2P Q10\nRZ Q10 3.14159265\nX2M Q10\nRZ Q4 1.570796325\nX2P Q4\nRZ Q4 0.7853981625\nX2M Q4\nCZ Q10 Q4\nRZ Q10 2.7712183476226278\nX2P Q10\nRZ Q10 -2.4596526718808813\nX2M Q10\nRZ Q4 -1.570796325\nX2P Q4\nRZ Q4 1.570796325\nX2M Q4\nM Q4\nM Q10"
        }
    }
}