{
    "transpiled_randomCircuit_2qubit_1": {
        "run_config": {
            "machine_time": "tianyan176-2",
            "repeat": 1,
            "shots": 8000,
            "layout": [
                11,
                4
            ],
            "layout_id": 73,
            "expected_fidelity": 0.9169636458436813,
            "real_fidelity": 0.9678009868865359,
            "begin_time": "2025-03-26 10:37:46",
            "end_time": "2025-03-26 10:38:00",
            "cost_time": "13.502136 s"
        },
        "circuit_features": {
            "num_qubits": 2,
            "num_gates": 21,
            "depth": 14,
            "program_communication": 1.0,
            "critical_depth": 1.0,
            "entanglement_ratio": 0.09523809523809523,
            "parallelism": 0.5,
            "liveness": 0.8214285714285714,
            "min_qubit_frequency": 5.5364,
            "max_qubit_frequency": 5.5939,
            "avg_qubit_frequency": 5.56515,
            "min_readout_frequency": null,
            "max_readout_frequency": null,
            "avg_readout_frequency": null,
            "min_readoutError": 2.23,
            "max_readoutError": 2.24,
            "avg_readoutError": 2.2350000000000003,
            "min_singleQubit_gate_error": 0.12,
            "max_singleQubit_gate_error": 0.16,
            "avg_singleQubit_gate_error": 0.14,
            "min_twoQubits_gate_error": 0.79,
            "max_twoQubits_gate_error": 0.79,
            "avg_twoQubits_gate_error": 0.79,
            "min_t1": 14.1199,
            "max_t1": 37.0857,
            "avg_t1": 25.602800000000002,
            "min_t2": 4.3793,
            "max_t2": 6.1576,
            "avg_t2": 5.26845,
            "twoQubits_gate_error_accumulation": 1.58,
            "expected_fidelity": 0.9169636458436813,
            "idel_entropy": 0.529275348759811,
            "idle_rate": 0.2054794520547945,
            "qubit_frequency_dict": {
                "11": 5.5364,
                "4": 5.5939
            },
            "readout_frequency_dict": {
                "11": null,
                "4": null
            },
            "readoutError_dict": {
                "11": 2.24,
                "4": 2.23
            },
            "singleQubit_gate_error_dict": {
                "11": 0.16,
                "4": 0.12
            },
            "twoQubits_gate_error_dict": {
                "0": {
                    "twoQubits": [
                        11,
                        4
                    ],
                    "cz_error": 0.79
                },
                "1": {
                    "twoQubits": [
                        11,
                        4
                    ],
                    "cz_error": 0.79
                }
            },
            "t1_dict": {
                "11": 14.1199,
                "4": 37.0857
            },
            "t2_dict": {
                "11": 6.1576,
                "4": 4.3793
            },
            "singleQubit_update_time": "2025-03-21 02:33:29",
            "readout_update_time": "2025-03-26 10:32:03",
            "twoQubitGate_update_time": "2025-03-26 08:28:51",
            "origin_circuit": "RZ Q1 -1.570796325\nX2P Q1\nRZ Q1 1.570796325\nX2M Q1\nCZ Q0 Q1\nX2P Q0\nRZ Q0 3.14159265\nX2M Q0\nRZ Q1 1.570796325\nX2P Q1\nRZ Q1 0.7853981625\nX2M Q1\nCZ Q0 Q1\nRZ Q0 2.7712183476226278\nX2P Q0\nRZ Q0 -2.4596526718808813\nX2M Q0\nRZ Q1 -1.570796325\nX2P Q1\nRZ Q1 1.570796325\nX2M Q1\nM Q1\nM Q0",
            "layout": [
                11,
                4
            ],
            "transpiled_circit": "RZ Q4 -1.570796325\nX2P Q4\nRZ Q4 1.570796325\nX2M Q4\nCZ Q11 Q4\nX2P Q11\nRZ Q11 3.14159265\nX2M Q11\nRZ Q4 1.570796325\nX2P Q4\nRZ Q4 0.7853981625\nX2M Q4\nCZ Q11 Q4\nRZ Q11 2.7712183476226278\nX2P Q11\nRZ Q11 -2.4596526718808813\nX2M Q11\nRZ Q4 -1.570796325\nX2P Q4\nRZ Q4 1.570796325\nX2M Q4\nM Q4\nM Q11"
        }
    }
}