{
    "transpiled_randomCircuit_2qubit_1": {
        "run_config": {
            "machine_time": "tianyan176-2",
            "repeat": 1,
            "shots": 8000,
            "layout": [
                33,
                38
            ],
            "layout_id": 70,
            "expected_fidelity": 0.8184471207200013,
            "real_fidelity": 0.8590462849099587,
            "begin_time": "2025-03-26 10:37:11",
            "end_time": "2025-03-26 10:37:22",
            "cost_time": "11.606101 s"
        },
        "circuit_features": {
            "num_qubits": 2,
            "num_gates": 21,
            "depth": 14,
            "program_communication": 1.0,
            "critical_depth": 1.0,
            "entanglement_ratio": 0.09523809523809523,
            "parallelism": 0.5,
            "liveness": 0.8214285714285714,
            "min_qubit_frequency": 4.9919,
            "max_qubit_frequency": 5.1769,
            "avg_qubit_frequency": 5.0844000000000005,
            "min_readout_frequency": null,
            "max_readout_frequency": null,
            "avg_readout_frequency": null,
            "min_readoutError": 3.07,
            "max_readoutError": 10.49,
            "avg_readoutError": 6.78,
            "min_singleQubit_gate_error": 0.13,
            "max_singleQubit_gate_error": 0.16,
            "avg_singleQubit_gate_error": 0.14500000000000002,
            "min_twoQubits_gate_error": 1.49,
            "max_twoQubits_gate_error": 1.49,
            "avg_twoQubits_gate_error": 1.49,
            "min_t1": 20.6299,
            "max_t1": 42.5819,
            "avg_t1": 31.6059,
            "min_t2": 1.6169,
            "max_t2": 1.8213,
            "avg_t2": 1.7191,
            "twoQubits_gate_error_accumulation": 2.98,
            "expected_fidelity": 0.8184471207200013,
            "idel_entropy": 0.529275348759811,
            "idle_rate": 0.2054794520547945,
            "qubit_frequency_dict": {
                "33": 4.9919,
                "38": 5.1769
            },
            "readout_frequency_dict": {
                "33": null,
                "38": null
            },
            "readoutError_dict": {
                "33": 10.49,
                "38": 3.07
            },
            "singleQubit_gate_error_dict": {
                "33": 0.13,
                "38": 0.16
            },
            "twoQubits_gate_error_dict": {
                "0": {
                    "twoQubits": [
                        33,
                        38
                    ],
                    "cz_error": 1.49
                },
                "1": {
                    "twoQubits": [
                        33,
                        38
                    ],
                    "cz_error": 1.49
                }
            },
            "t1_dict": {
                "33": 20.6299,
                "38": 42.5819
            },
            "t2_dict": {
                "33": 1.6169,
                "38": 1.8213
            },
            "singleQubit_update_time": "2025-03-21 02:33:29",
            "readout_update_time": "2025-03-26 10:32:03",
            "twoQubitGate_update_time": "2025-03-26 08:28:51",
            "origin_circuit": "RZ Q1 -1.570796325\nX2P Q1\nRZ Q1 1.570796325\nX2M Q1\nCZ Q0 Q1\nX2P Q0\nRZ Q0 3.14159265\nX2M Q0\nRZ Q1 1.570796325\nX2P Q1\nRZ Q1 0.7853981625\nX2M Q1\nCZ Q0 Q1\nRZ Q0 2.7712183476226278\nX2P Q0\nRZ Q0 -2.4596526718808813\nX2M Q0\nRZ Q1 -1.570796325\nX2P Q1\nRZ Q1 1.570796325\nX2M Q1\nM Q1\nM Q0",
            "layout": [
                33,
                38
            ],
            "transpiled_circit": "RZ Q38 -1.570796325\nX2P Q38\nRZ Q38 1.570796325\nX2M Q38\nCZ Q33 Q38\nX2P Q33\nRZ Q33 3.14159265\nX2M Q33\nRZ Q38 1.570796325\nX2P Q38\nRZ Q38 0.7853981625\nX2M Q38\nCZ Q33 Q38\nRZ Q33 2.7712183476226278\nX2P Q33\nRZ Q33 -2.4596526718808813\nX2M Q33\nRZ Q38 -1.570796325\nX2P Q38\nRZ Q38 1.570796325\nX2M Q38\nM Q38\nM Q33"
        }
    }
}