{
    "transpiled_randomCircuit_2qubit_1": {
        "run_config": {
            "machine_time": "tianyan176-2",
            "repeat": 1,
            "shots": 8000,
            "layout": [
                51,
                58
            ],
            "layout_id": 163,
            "expected_fidelity": 0.9200729225561993,
            "real_fidelity": 0.9408000296878882,
            "begin_time": "2025-03-26 10:56:33",
            "end_time": "2025-03-26 10:56:45",
            "cost_time": "11.369285 s"
        },
        "circuit_features": {
            "num_qubits": 2,
            "num_gates": 21,
            "depth": 14,
            "program_communication": 1.0,
            "critical_depth": 1.0,
            "entanglement_ratio": 0.09523809523809523,
            "parallelism": 0.5,
            "liveness": 0.8214285714285714,
            "min_qubit_frequency": 5.3877,
            "max_qubit_frequency": 5.4556,
            "avg_qubit_frequency": 5.42165,
            "min_readout_frequency": null,
            "max_readout_frequency": null,
            "avg_readout_frequency": null,
            "min_readoutError": 1.08,
            "max_readoutError": 1.19,
            "avg_readoutError": 1.135,
            "min_singleQubit_gate_error": 0.17,
            "max_singleQubit_gate_error": 0.21,
            "avg_singleQubit_gate_error": 0.19,
            "min_twoQubits_gate_error": 1.16,
            "max_twoQubits_gate_error": 1.16,
            "avg_twoQubits_gate_error": 1.16,
            "min_t1": 12.8438,
            "max_t1": 28.9975,
            "avg_t1": 20.92065,
            "min_t2": 3.7232,
            "max_t2": 4.6743,
            "avg_t2": 4.1987499999999995,
            "twoQubits_gate_error_accumulation": 2.32,
            "expected_fidelity": 0.9200729225561993,
            "idel_entropy": 0.529275348759811,
            "idle_rate": 0.2054794520547945,
            "qubit_frequency_dict": {
                "51": 5.3877,
                "58": 5.4556
            },
            "readout_frequency_dict": {
                "51": null,
                "58": null
            },
            "readoutError_dict": {
                "51": 1.08,
                "58": 1.19
            },
            "singleQubit_gate_error_dict": {
                "51": 0.17,
                "58": 0.21
            },
            "twoQubits_gate_error_dict": {
                "0": {
                    "twoQubits": [
                        51,
                        58
                    ],
                    "cz_error": 1.16
                },
                "1": {
                    "twoQubits": [
                        51,
                        58
                    ],
                    "cz_error": 1.16
                }
            },
            "t1_dict": {
                "51": 28.9975,
                "58": 12.8438
            },
            "t2_dict": {
                "51": 3.7232,
                "58": 4.6743
            },
            "singleQubit_update_time": "2025-03-21 02:33:29",
            "readout_update_time": "2025-03-26 10:32:03",
            "twoQubitGate_update_time": "2025-03-26 08:28:51",
            "origin_circuit": "RZ Q1 -1.570796325\nX2P Q1\nRZ Q1 1.570796325\nX2M Q1\nCZ Q0 Q1\nX2P Q0\nRZ Q0 3.14159265\nX2M Q0\nRZ Q1 1.570796325\nX2P Q1\nRZ Q1 0.7853981625\nX2M Q1\nCZ Q0 Q1\nRZ Q0 2.7712183476226278\nX2P Q0\nRZ Q0 -2.4596526718808813\nX2M Q0\nRZ Q1 -1.570796325\nX2P Q1\nRZ Q1 1.570796325\nX2M Q1\nM Q1\nM Q0",
            "layout": [
                51,
                58
            ],
            "transpiled_circit": "RZ Q58 -1.570796325\nX2P Q58\nRZ Q58 1.570796325\nX2M Q58\nCZ Q51 Q58\nX2P Q51\nRZ Q51 3.14159265\nX2M Q51\nRZ Q58 1.570796325\nX2P Q58\nRZ Q58 0.7853981625\nX2M Q58\nCZ Q51 Q58\nRZ Q51 2.7712183476226278\nX2P Q51\nRZ Q51 -2.4596526718808813\nX2M Q51\nRZ Q58 -1.570796325\nX2P Q58\nRZ Q58 1.570796325\nX2M Q58\nM Q58\nM Q51"
        }
    }
}