{
    "transpiled_randomCircuit_2qubit_1": {
        "run_config": {
            "machine_time": "tianyan176-2",
            "repeat": 1,
            "shots": 8000,
            "layout": [
                30,
                36
            ],
            "layout_id": 145,
            "expected_fidelity": 0.7161401197346073,
            "real_fidelity": 0.9119169001567753,
            "begin_time": "2025-03-26 10:52:48",
            "end_time": "2025-03-26 10:52:59",
            "cost_time": "11.350321 s"
        },
        "circuit_features": {
            "num_qubits": 2,
            "num_gates": 21,
            "depth": 14,
            "program_communication": 1.0,
            "critical_depth": 1.0,
            "entanglement_ratio": 0.09523809523809523,
            "parallelism": 0.5,
            "liveness": 0.8214285714285714,
            "min_qubit_frequency": 5.3136,
            "max_qubit_frequency": 5.4707,
            "avg_qubit_frequency": 5.39215,
            "min_readout_frequency": null,
            "max_readout_frequency": null,
            "avg_readout_frequency": null,
            "min_readoutError": 2.04,
            "max_readoutError": 17.59,
            "avg_readoutError": 9.815,
            "min_singleQubit_gate_error": 0.21,
            "max_singleQubit_gate_error": 0.34,
            "avg_singleQubit_gate_error": 0.275,
            "min_twoQubits_gate_error": 3.16,
            "max_twoQubits_gate_error": 3.16,
            "avg_twoQubits_gate_error": 3.16,
            "min_t1": 15.0164,
            "max_t1": 29.3702,
            "avg_t1": 22.1933,
            "min_t2": 2.9482,
            "max_t2": 3.1699,
            "avg_t2": 3.05905,
            "twoQubits_gate_error_accumulation": 6.32,
            "expected_fidelity": 0.7161401197346073,
            "idel_entropy": 0.529275348759811,
            "idle_rate": 0.2054794520547945,
            "qubit_frequency_dict": {
                "30": 5.3136,
                "36": 5.4707
            },
            "readout_frequency_dict": {
                "30": null,
                "36": null
            },
            "readoutError_dict": {
                "30": 17.59,
                "36": 2.04
            },
            "singleQubit_gate_error_dict": {
                "30": 0.21,
                "36": 0.34
            },
            "twoQubits_gate_error_dict": {
                "0": {
                    "twoQubits": [
                        30,
                        36
                    ],
                    "cz_error": 3.16
                },
                "1": {
                    "twoQubits": [
                        30,
                        36
                    ],
                    "cz_error": 3.16
                }
            },
            "t1_dict": {
                "30": 29.3702,
                "36": 15.0164
            },
            "t2_dict": {
                "30": 2.9482,
                "36": 3.1699
            },
            "singleQubit_update_time": "2025-03-21 02:33:29",
            "readout_update_time": "2025-03-26 10:32:03",
            "twoQubitGate_update_time": "2025-03-26 08:28:51",
            "origin_circuit": "RZ Q1 -1.570796325\nX2P Q1\nRZ Q1 1.570796325\nX2M Q1\nCZ Q0 Q1\nX2P Q0\nRZ Q0 3.14159265\nX2M Q0\nRZ Q1 1.570796325\nX2P Q1\nRZ Q1 0.7853981625\nX2M Q1\nCZ Q0 Q1\nRZ Q0 2.7712183476226278\nX2P Q0\nRZ Q0 -2.4596526718808813\nX2M Q0\nRZ Q1 -1.570796325\nX2P Q1\nRZ Q1 1.570796325\nX2M Q1\nM Q1\nM Q0",
            "layout": [
                30,
                36
            ],
            "transpiled_circit": "RZ Q36 -1.570796325\nX2P Q36\nRZ Q36 1.570796325\nX2M Q36\nCZ Q30 Q36\nX2P Q30\nRZ Q30 3.14159265\nX2M Q30\nRZ Q36 1.570796325\nX2P Q36\nRZ Q36 0.7853981625\nX2M Q36\nCZ Q30 Q36\nRZ Q30 2.7712183476226278\nX2P Q30\nRZ Q30 -2.4596526718808813\nX2M Q30\nRZ Q36 -1.570796325\nX2P Q36\nRZ Q36 1.570796325\nX2M Q36\nM Q36\nM Q30"
        }
    }
}