{
    "transpiled_randomCircuit_2qubit_1": {
        "run_config": {
            "machine_time": "tianyan176-2",
            "repeat": 1,
            "shots": 8000,
            "layout": [
                13,
                19
            ],
            "layout_id": 37,
            "expected_fidelity": 0.8760226831527188,
            "real_fidelity": 0.9608314172595607,
            "begin_time": "2025-03-26 10:28:02",
            "end_time": "2025-03-26 10:28:16",
            "cost_time": "13.673993 s"
        },
        "circuit_features": {
            "num_qubits": 2,
            "num_gates": 21,
            "depth": 14,
            "program_communication": 1.0,
            "critical_depth": 1.0,
            "entanglement_ratio": 0.09523809523809523,
            "parallelism": 0.5,
            "liveness": 0.8214285714285714,
            "min_qubit_frequency": 5.1915,
            "max_qubit_frequency": 5.4547,
            "avg_qubit_frequency": 5.3231,
            "min_readout_frequency": null,
            "max_readout_frequency": null,
            "avg_readout_frequency": null,
            "min_readoutError": 1.24,
            "max_readoutError": 3.73,
            "avg_readoutError": 2.485,
            "min_singleQubit_gate_error": 0.12,
            "max_singleQubit_gate_error": 0.39,
            "avg_singleQubit_gate_error": 0.255,
            "min_twoQubits_gate_error": 1.32,
            "max_twoQubits_gate_error": 1.32,
            "avg_twoQubits_gate_error": 1.32,
            "min_t1": 22.2184,
            "max_t1": 33.3492,
            "avg_t1": 27.7838,
            "min_t2": 2.2364,
            "max_t2": 3.4857,
            "avg_t2": 2.86105,
            "twoQubits_gate_error_accumulation": 2.64,
            "expected_fidelity": 0.8760226831527188,
            "idel_entropy": 0.529275348759811,
            "idle_rate": 0.2054794520547945,
            "qubit_frequency_dict": {
                "13": 5.1915,
                "19": 5.4547
            },
            "readout_frequency_dict": {
                "13": null,
                "19": null
            },
            "readoutError_dict": {
                "13": 3.73,
                "19": 1.24
            },
            "singleQubit_gate_error_dict": {
                "13": 0.12,
                "19": 0.39
            },
            "twoQubits_gate_error_dict": {
                "0": {
                    "twoQubits": [
                        13,
                        19
                    ],
                    "cz_error": 1.32
                },
                "1": {
                    "twoQubits": [
                        13,
                        19
                    ],
                    "cz_error": 1.32
                }
            },
            "t1_dict": {
                "13": 22.2184,
                "19": 33.3492
            },
            "t2_dict": {
                "13": 2.2364,
                "19": 3.4857
            },
            "singleQubit_update_time": "2025-03-21 02:33:29",
            "readout_update_time": "2025-03-26 10:01:21",
            "twoQubitGate_update_time": "2025-03-26 08:28:51",
            "origin_circuit": "RZ Q1 -1.570796325\nX2P Q1\nRZ Q1 1.570796325\nX2M Q1\nCZ Q0 Q1\nX2P Q0\nRZ Q0 3.14159265\nX2M Q0\nRZ Q1 1.570796325\nX2P Q1\nRZ Q1 0.7853981625\nX2M Q1\nCZ Q0 Q1\nRZ Q0 2.7712183476226278\nX2P Q0\nRZ Q0 -2.4596526718808813\nX2M Q0\nRZ Q1 -1.570796325\nX2P Q1\nRZ Q1 1.570796325\nX2M Q1\nM Q1\nM Q0",
            "layout": [
                13,
                19
            ],
            "transpiled_circit": "RZ Q19 -1.570796325\nX2P Q19\nRZ Q19 1.570796325\nX2M Q19\nCZ Q13 Q19\nX2P Q13\nRZ Q13 3.14159265\nX2M Q13\nRZ Q19 1.570796325\nX2P Q19\nRZ Q19 0.7853981625\nX2M Q19\nCZ Q13 Q19\nRZ Q13 2.7712183476226278\nX2P Q13\nRZ Q13 -2.4596526718808813\nX2M Q13\nRZ Q19 -1.570796325\nX2P Q19\nRZ Q19 1.570796325\nX2M Q19\nM Q19\nM Q13"
        }
    }
}