{
    "transpiled_randomCircuit_2qubit_1": {
        "run_config": {
            "machine_time": "tianyan176-2",
            "repeat": 1,
            "shots": 8000,
            "layout": [
                12,
                7
            ],
            "layout_id": 108,
            "expected_fidelity": 0.8851167735315635,
            "real_fidelity": 0.965318227844832,
            "begin_time": "2025-03-26 10:44:56",
            "end_time": "2025-03-26 10:45:09",
            "cost_time": "13.368138 s"
        },
        "circuit_features": {
            "num_qubits": 2,
            "num_gates": 21,
            "depth": 14,
            "program_communication": 1.0,
            "critical_depth": 1.0,
            "entanglement_ratio": 0.09523809523809523,
            "parallelism": 0.5,
            "liveness": 0.8214285714285714,
            "min_qubit_frequency": 5.2499,
            "max_qubit_frequency": 5.5417,
            "avg_qubit_frequency": 5.3957999999999995,
            "min_readout_frequency": null,
            "max_readout_frequency": null,
            "avg_readout_frequency": null,
            "min_readoutError": 2.44,
            "max_readoutError": 2.61,
            "avg_readoutError": 2.525,
            "min_singleQubit_gate_error": 0.14,
            "max_singleQubit_gate_error": 0.51,
            "avg_singleQubit_gate_error": 0.325,
            "min_twoQubits_gate_error": 0.91,
            "max_twoQubits_gate_error": 0.91,
            "avg_twoQubits_gate_error": 0.91,
            "min_t1": 13.3829,
            "max_t1": 24.8103,
            "avg_t1": 19.096600000000002,
            "min_t2": 2.6129,
            "max_t2": 3.2493,
            "avg_t2": 2.9311,
            "twoQubits_gate_error_accumulation": 1.82,
            "expected_fidelity": 0.8851167735315635,
            "idel_entropy": 0.529275348759811,
            "idle_rate": 0.2054794520547945,
            "qubit_frequency_dict": {
                "12": 5.5417,
                "7": 5.2499
            },
            "readout_frequency_dict": {
                "12": null,
                "7": null
            },
            "readoutError_dict": {
                "12": 2.61,
                "7": 2.44
            },
            "singleQubit_gate_error_dict": {
                "12": 0.51,
                "7": 0.14
            },
            "twoQubits_gate_error_dict": {
                "0": {
                    "twoQubits": [
                        12,
                        7
                    ],
                    "cz_error": 0.91
                },
                "1": {
                    "twoQubits": [
                        12,
                        7
                    ],
                    "cz_error": 0.91
                }
            },
            "t1_dict": {
                "12": 13.3829,
                "7": 24.8103
            },
            "t2_dict": {
                "12": 3.2493,
                "7": 2.6129
            },
            "singleQubit_update_time": "2025-03-21 02:33:29",
            "readout_update_time": "2025-03-26 10:32:03",
            "twoQubitGate_update_time": "2025-03-26 08:28:51",
            "origin_circuit": "RZ Q1 -1.570796325\nX2P Q1\nRZ Q1 1.570796325\nX2M Q1\nCZ Q0 Q1\nX2P Q0\nRZ Q0 3.14159265\nX2M Q0\nRZ Q1 1.570796325\nX2P Q1\nRZ Q1 0.7853981625\nX2M Q1\nCZ Q0 Q1\nRZ Q0 2.7712183476226278\nX2P Q0\nRZ Q0 -2.4596526718808813\nX2M Q0\nRZ Q1 -1.570796325\nX2P Q1\nRZ Q1 1.570796325\nX2M Q1\nM Q1\nM Q0",
            "layout": [
                12,
                7
            ],
            "transpiled_circit": "RZ Q7 -1.570796325\nX2P Q7\nRZ Q7 1.570796325\nX2M Q7\nCZ Q12 Q7\nX2P Q12\nRZ Q12 3.14159265\nX2M Q12\nRZ Q7 1.570796325\nX2P Q7\nRZ Q7 0.7853981625\nX2M Q7\nCZ Q12 Q7\nRZ Q12 2.7712183476226278\nX2P Q12\nRZ Q12 -2.4596526718808813\nX2M Q12\nRZ Q7 -1.570796325\nX2P Q7\nRZ Q7 1.570796325\nX2M Q7\nM Q7\nM Q12"
        }
    }
}