{
    "transpiled_randomCircuit_2qubit_1": {
        "run_config": {
            "machine_time": "tianyan176-2",
            "repeat": 1,
            "shots": 8000,
            "layout": [
                37,
                32
            ],
            "layout_id": 95,
            "expected_fidelity": 0.8796475960738139,
            "real_fidelity": 0.9668185140043805,
            "begin_time": "2025-03-26 10:42:22",
            "end_time": "2025-03-26 10:42:33",
            "cost_time": "11.530807 s"
        },
        "circuit_features": {
            "num_qubits": 2,
            "num_gates": 21,
            "depth": 14,
            "program_communication": 1.0,
            "critical_depth": 1.0,
            "entanglement_ratio": 0.09523809523809523,
            "parallelism": 0.5,
            "liveness": 0.8214285714285714,
            "min_qubit_frequency": 5.1539,
            "max_qubit_frequency": 5.316,
            "avg_qubit_frequency": 5.2349499999999995,
            "min_readout_frequency": null,
            "max_readout_frequency": null,
            "avg_readout_frequency": null,
            "min_readoutError": 2.08,
            "max_readoutError": 3.05,
            "avg_readoutError": 2.565,
            "min_singleQubit_gate_error": 0.17,
            "max_singleQubit_gate_error": 0.22,
            "avg_singleQubit_gate_error": 0.195,
            "min_twoQubits_gate_error": 2.0,
            "max_twoQubits_gate_error": 2.0,
            "avg_twoQubits_gate_error": 2.0,
            "min_t1": 28.0461,
            "max_t1": 30.0228,
            "avg_t1": 29.03445,
            "min_t2": 1.8098,
            "max_t2": 2.815,
            "avg_t2": 2.3124000000000002,
            "twoQubits_gate_error_accumulation": 4.0,
            "expected_fidelity": 0.8796475960738139,
            "idel_entropy": 0.529275348759811,
            "idle_rate": 0.2054794520547945,
            "qubit_frequency_dict": {
                "37": 5.1539,
                "32": 5.316
            },
            "readout_frequency_dict": {
                "37": null,
                "32": null
            },
            "readoutError_dict": {
                "37": 2.08,
                "32": 3.05
            },
            "singleQubit_gate_error_dict": {
                "37": 0.22,
                "32": 0.17
            },
            "twoQubits_gate_error_dict": {
                "0": {
                    "twoQubits": [
                        37,
                        32
                    ],
                    "cz_error": 2.0
                },
                "1": {
                    "twoQubits": [
                        37,
                        32
                    ],
                    "cz_error": 2.0
                }
            },
            "t1_dict": {
                "37": 28.0461,
                "32": 30.0228
            },
            "t2_dict": {
                "37": 1.8098,
                "32": 2.815
            },
            "singleQubit_update_time": "2025-03-21 02:33:29",
            "readout_update_time": "2025-03-26 10:32:03",
            "twoQubitGate_update_time": "2025-03-26 08:28:51",
            "origin_circuit": "RZ Q1 -1.570796325\nX2P Q1\nRZ Q1 1.570796325\nX2M Q1\nCZ Q0 Q1\nX2P Q0\nRZ Q0 3.14159265\nX2M Q0\nRZ Q1 1.570796325\nX2P Q1\nRZ Q1 0.7853981625\nX2M Q1\nCZ Q0 Q1\nRZ Q0 2.7712183476226278\nX2P Q0\nRZ Q0 -2.4596526718808813\nX2M Q0\nRZ Q1 -1.570796325\nX2P Q1\nRZ Q1 1.570796325\nX2M Q1\nM Q1\nM Q0",
            "layout": [
                37,
                32
            ],
            "transpiled_circit": "RZ Q32 -1.570796325\nX2P Q32\nRZ Q32 1.570796325\nX2M Q32\nCZ Q37 Q32\nX2P Q37\nRZ Q37 3.14159265\nX2M Q37\nRZ Q32 1.570796325\nX2P Q32\nRZ Q32 0.7853981625\nX2M Q32\nCZ Q37 Q32\nRZ Q37 2.7712183476226278\nX2P Q37\nRZ Q37 -2.4596526718808813\nX2M Q37\nRZ Q32 -1.570796325\nX2P Q32\nRZ Q32 1.570796325\nX2M Q32\nM Q32\nM Q37"
        }
    }
}