{
    "transpiled_randomCircuit_2qubit_1": {
        "run_config": {
            "machine_time": "tianyan176-2",
            "repeat": 1,
            "shots": 8000,
            "layout": [
                32,
                26
            ],
            "layout_id": 64,
            "expected_fidelity": 0.7614875719728388,
            "real_fidelity": 0.8438463121305962,
            "begin_time": "2025-03-26 10:35:55",
            "end_time": "2025-03-26 10:36:07",
            "cost_time": "11.558458 s"
        },
        "circuit_features": {
            "num_qubits": 2,
            "num_gates": 21,
            "depth": 14,
            "program_communication": 1.0,
            "critical_depth": 1.0,
            "entanglement_ratio": 0.09523809523809523,
            "parallelism": 0.5,
            "liveness": 0.8214285714285714,
            "min_qubit_frequency": 5.2574,
            "max_qubit_frequency": 5.316,
            "avg_qubit_frequency": 5.2867,
            "min_readout_frequency": null,
            "max_readout_frequency": null,
            "avg_readout_frequency": null,
            "min_readoutError": 1.44,
            "max_readoutError": 3.05,
            "avg_readoutError": 2.245,
            "min_singleQubit_gate_error": 0.09,
            "max_singleQubit_gate_error": 0.17,
            "avg_singleQubit_gate_error": 0.13,
            "min_twoQubits_gate_error": 9.71,
            "max_twoQubits_gate_error": 9.71,
            "avg_twoQubits_gate_error": 9.71,
            "min_t1": 22.856,
            "max_t1": 30.0228,
            "avg_t1": 26.4394,
            "min_t2": 2.3345,
            "max_t2": 2.815,
            "avg_t2": 2.57475,
            "twoQubits_gate_error_accumulation": 19.42,
            "expected_fidelity": 0.7614875719728388,
            "idel_entropy": 0.529275348759811,
            "idle_rate": 0.2054794520547945,
            "qubit_frequency_dict": {
                "32": 5.316,
                "26": 5.2574
            },
            "readout_frequency_dict": {
                "32": null,
                "26": null
            },
            "readoutError_dict": {
                "32": 3.05,
                "26": 1.44
            },
            "singleQubit_gate_error_dict": {
                "32": 0.17,
                "26": 0.09
            },
            "twoQubits_gate_error_dict": {
                "0": {
                    "twoQubits": [
                        32,
                        26
                    ],
                    "cz_error": 9.71
                },
                "1": {
                    "twoQubits": [
                        32,
                        26
                    ],
                    "cz_error": 9.71
                }
            },
            "t1_dict": {
                "32": 30.0228,
                "26": 22.856
            },
            "t2_dict": {
                "32": 2.815,
                "26": 2.3345
            },
            "singleQubit_update_time": "2025-03-21 02:33:29",
            "readout_update_time": "2025-03-26 10:32:03",
            "twoQubitGate_update_time": "2025-03-26 08:28:51",
            "origin_circuit": "RZ Q1 -1.570796325\nX2P Q1\nRZ Q1 1.570796325\nX2M Q1\nCZ Q0 Q1\nX2P Q0\nRZ Q0 3.14159265\nX2M Q0\nRZ Q1 1.570796325\nX2P Q1\nRZ Q1 0.7853981625\nX2M Q1\nCZ Q0 Q1\nRZ Q0 2.7712183476226278\nX2P Q0\nRZ Q0 -2.4596526718808813\nX2M Q0\nRZ Q1 -1.570796325\nX2P Q1\nRZ Q1 1.570796325\nX2M Q1\nM Q1\nM Q0",
            "layout": [
                32,
                26
            ],
            "transpiled_circit": "RZ Q26 -1.570796325\nX2P Q26\nRZ Q26 1.570796325\nX2M Q26\nCZ Q32 Q26\nX2P Q32\nRZ Q32 3.14159265\nX2M Q32\nRZ Q26 1.570796325\nX2P Q26\nRZ Q26 0.7853981625\nX2M Q26\nCZ Q32 Q26\nRZ Q32 2.7712183476226278\nX2P Q32\nRZ Q32 -2.4596526718808813\nX2M Q32\nRZ Q26 -1.570796325\nX2P Q26\nRZ Q26 1.570796325\nX2M Q26\nM Q26\nM Q32"
        }
    }
}