{
    "transpiled_randomCircuit_2qubit_1": {
        "run_config": {
            "machine_time": "tianyan176-2",
            "repeat": 1,
            "shots": 8000,
            "layout": [
                12,
                18
            ],
            "layout_id": 109,
            "expected_fidelity": 0.8116384402181487,
            "real_fidelity": 0.8649267590154105,
            "begin_time": "2025-03-26 10:45:09",
            "end_time": "2025-03-26 10:45:21",
            "cost_time": "11.408477 s"
        },
        "circuit_features": {
            "num_qubits": 2,
            "num_gates": 21,
            "depth": 14,
            "program_communication": 1.0,
            "critical_depth": 1.0,
            "entanglement_ratio": 0.09523809523809523,
            "parallelism": 0.5,
            "liveness": 0.8214285714285714,
            "min_qubit_frequency": 5.2753,
            "max_qubit_frequency": 5.5417,
            "avg_qubit_frequency": 5.4085,
            "min_readout_frequency": null,
            "max_readout_frequency": null,
            "avg_readout_frequency": null,
            "min_readoutError": 2.61,
            "max_readoutError": 3.11,
            "avg_readoutError": 2.86,
            "min_singleQubit_gate_error": 0.51,
            "max_singleQubit_gate_error": 0.6,
            "avg_singleQubit_gate_error": 0.5549999999999999,
            "min_twoQubits_gate_error": 2.11,
            "max_twoQubits_gate_error": 2.11,
            "avg_twoQubits_gate_error": 2.11,
            "min_t1": 13.3829,
            "max_t1": 34.8112,
            "avg_t1": 24.09705,
            "min_t2": 1.3775,
            "max_t2": 3.2493,
            "avg_t2": 2.3133999999999997,
            "twoQubits_gate_error_accumulation": 4.22,
            "expected_fidelity": 0.8116384402181487,
            "idel_entropy": 0.529275348759811,
            "idle_rate": 0.2054794520547945,
            "qubit_frequency_dict": {
                "12": 5.5417,
                "18": 5.2753
            },
            "readout_frequency_dict": {
                "12": null,
                "18": null
            },
            "readoutError_dict": {
                "12": 2.61,
                "18": 3.11
            },
            "singleQubit_gate_error_dict": {
                "12": 0.51,
                "18": 0.6
            },
            "twoQubits_gate_error_dict": {
                "0": {
                    "twoQubits": [
                        12,
                        18
                    ],
                    "cz_error": 2.11
                },
                "1": {
                    "twoQubits": [
                        12,
                        18
                    ],
                    "cz_error": 2.11
                }
            },
            "t1_dict": {
                "12": 13.3829,
                "18": 34.8112
            },
            "t2_dict": {
                "12": 3.2493,
                "18": 1.3775
            },
            "singleQubit_update_time": "2025-03-21 02:33:29",
            "readout_update_time": "2025-03-26 10:32:03",
            "twoQubitGate_update_time": "2025-03-26 08:28:51",
            "origin_circuit": "RZ Q1 -1.570796325\nX2P Q1\nRZ Q1 1.570796325\nX2M Q1\nCZ Q0 Q1\nX2P Q0\nRZ Q0 3.14159265\nX2M Q0\nRZ Q1 1.570796325\nX2P Q1\nRZ Q1 0.7853981625\nX2M Q1\nCZ Q0 Q1\nRZ Q0 2.7712183476226278\nX2P Q0\nRZ Q0 -2.4596526718808813\nX2M Q0\nRZ Q1 -1.570796325\nX2P Q1\nRZ Q1 1.570796325\nX2M Q1\nM Q1\nM Q0",
            "layout": [
                12,
                18
            ],
            "transpiled_circit": "RZ Q18 -1.570796325\nX2P Q18\nRZ Q18 1.570796325\nX2M Q18\nCZ Q12 Q18\nX2P Q12\nRZ Q12 3.14159265\nX2M Q12\nRZ Q18 1.570796325\nX2P Q18\nRZ Q18 0.7853981625\nX2M Q18\nCZ Q12 Q18\nRZ Q12 2.7712183476226278\nX2P Q12\nRZ Q12 -2.4596526718808813\nX2M Q12\nRZ Q18 -1.570796325\nX2P Q18\nRZ Q18 1.570796325\nX2M Q18\nM Q18\nM Q12"
        }
    }
}