{
    "transpiled_randomCircuit_2qubit_1": {
        "run_config": {
            "machine_time": "tianyan176-2",
            "repeat": 1,
            "shots": 8000,
            "layout": [
                27,
                22
            ],
            "layout_id": 48,
            "expected_fidelity": 0.8756480653113259,
            "real_fidelity": 0.954262206554489,
            "begin_time": "2025-03-26 10:32:32",
            "end_time": "2025-03-26 10:32:43",
            "cost_time": "11.516735 s"
        },
        "circuit_features": {
            "num_qubits": 2,
            "num_gates": 21,
            "depth": 14,
            "program_communication": 1.0,
            "critical_depth": 1.0,
            "entanglement_ratio": 0.09523809523809523,
            "parallelism": 0.5,
            "liveness": 0.8214285714285714,
            "min_qubit_frequency": 5.3514,
            "max_qubit_frequency": 5.4211,
            "avg_qubit_frequency": 5.38625,
            "min_readout_frequency": null,
            "max_readout_frequency": null,
            "avg_readout_frequency": null,
            "min_readoutError": 2.7,
            "max_readoutError": 3.79,
            "avg_readoutError": 3.245,
            "min_singleQubit_gate_error": 0.18,
            "max_singleQubit_gate_error": 0.26,
            "avg_singleQubit_gate_error": 0.22,
            "min_twoQubits_gate_error": 1.14,
            "max_twoQubits_gate_error": 1.14,
            "avg_twoQubits_gate_error": 1.14,
            "min_t1": 9.7787,
            "max_t1": 24.4534,
            "avg_t1": 17.11605,
            "min_t2": 1.4092,
            "max_t2": 3.1575,
            "avg_t2": 2.28335,
            "twoQubits_gate_error_accumulation": 2.28,
            "expected_fidelity": 0.8756480653113259,
            "idel_entropy": 0.529275348759811,
            "idle_rate": 0.2054794520547945,
            "qubit_frequency_dict": {
                "27": 5.3514,
                "22": 5.4211
            },
            "readout_frequency_dict": {
                "27": null,
                "22": null
            },
            "readoutError_dict": {
                "27": 2.7,
                "22": 3.79
            },
            "singleQubit_gate_error_dict": {
                "27": 0.18,
                "22": 0.26
            },
            "twoQubits_gate_error_dict": {
                "0": {
                    "twoQubits": [
                        27,
                        22
                    ],
                    "cz_error": 1.14
                },
                "1": {
                    "twoQubits": [
                        27,
                        22
                    ],
                    "cz_error": 1.14
                }
            },
            "t1_dict": {
                "27": 24.4534,
                "22": 9.7787
            },
            "t2_dict": {
                "27": 3.1575,
                "22": 1.4092
            },
            "singleQubit_update_time": "2025-03-21 02:33:29",
            "readout_update_time": "2025-03-26 10:32:03",
            "twoQubitGate_update_time": "2025-03-26 08:28:51",
            "origin_circuit": "RZ Q1 -1.570796325\nX2P Q1\nRZ Q1 1.570796325\nX2M Q1\nCZ Q0 Q1\nX2P Q0\nRZ Q0 3.14159265\nX2M Q0\nRZ Q1 1.570796325\nX2P Q1\nRZ Q1 0.7853981625\nX2M Q1\nCZ Q0 Q1\nRZ Q0 2.7712183476226278\nX2P Q0\nRZ Q0 -2.4596526718808813\nX2M Q0\nRZ Q1 -1.570796325\nX2P Q1\nRZ Q1 1.570796325\nX2M Q1\nM Q1\nM Q0",
            "layout": [
                27,
                22
            ],
            "transpiled_circit": "RZ Q22 -1.570796325\nX2P Q22\nRZ Q22 1.570796325\nX2M Q22\nCZ Q27 Q22\nX2P Q27\nRZ Q27 3.14159265\nX2M Q27\nRZ Q22 1.570796325\nX2P Q22\nRZ Q22 0.7853981625\nX2M Q22\nCZ Q27 Q22\nRZ Q27 2.7712183476226278\nX2P Q27\nRZ Q27 -2.4596526718808813\nX2M Q27\nRZ Q22 -1.570796325\nX2P Q22\nRZ Q22 1.570796325\nX2M Q22\nM Q22\nM Q27"
        }
    }
}