{
    "transpiled_randomCircuit_2qubit_1": {
        "run_config": {
            "machine_time": "tianyan176-2",
            "repeat": 1,
            "shots": 8000,
            "layout": [
                46,
                52
            ],
            "layout_id": 138,
            "expected_fidelity": 0.8811955976359036,
            "real_fidelity": 0.9771631226470422,
            "begin_time": "2025-03-26 10:51:23",
            "end_time": "2025-03-26 10:51:37",
            "cost_time": "13.690817 s"
        },
        "circuit_features": {
            "num_qubits": 2,
            "num_gates": 21,
            "depth": 14,
            "program_communication": 1.0,
            "critical_depth": 1.0,
            "entanglement_ratio": 0.09523809523809523,
            "parallelism": 0.5,
            "liveness": 0.8214285714285714,
            "min_qubit_frequency": 5.0382,
            "max_qubit_frequency": 5.3182,
            "avg_qubit_frequency": 5.1782,
            "min_readout_frequency": null,
            "max_readout_frequency": null,
            "avg_readout_frequency": null,
            "min_readoutError": 1.91,
            "max_readoutError": 7.35,
            "avg_readoutError": 4.63,
            "min_singleQubit_gate_error": 0.07,
            "max_singleQubit_gate_error": 0.14,
            "avg_singleQubit_gate_error": 0.10500000000000001,
            "min_twoQubits_gate_error": 0.63,
            "max_twoQubits_gate_error": 0.63,
            "avg_twoQubits_gate_error": 0.63,
            "min_t1": 22.2597,
            "max_t1": 33.7964,
            "avg_t1": 28.02805,
            "min_t2": 1.9999,
            "max_t2": 3.432,
            "avg_t2": 2.71595,
            "twoQubits_gate_error_accumulation": 1.26,
            "expected_fidelity": 0.8811955976359036,
            "idel_entropy": 0.529275348759811,
            "idle_rate": 0.2054794520547945,
            "qubit_frequency_dict": {
                "46": 5.0382,
                "52": 5.3182
            },
            "readout_frequency_dict": {
                "46": null,
                "52": null
            },
            "readoutError_dict": {
                "46": 7.35,
                "52": 1.91
            },
            "singleQubit_gate_error_dict": {
                "46": 0.14,
                "52": 0.07
            },
            "twoQubits_gate_error_dict": {
                "0": {
                    "twoQubits": [
                        46,
                        52
                    ],
                    "cz_error": 0.63
                },
                "1": {
                    "twoQubits": [
                        46,
                        52
                    ],
                    "cz_error": 0.63
                }
            },
            "t1_dict": {
                "46": 22.2597,
                "52": 33.7964
            },
            "t2_dict": {
                "46": 1.9999,
                "52": 3.432
            },
            "singleQubit_update_time": "2025-03-21 02:33:29",
            "readout_update_time": "2025-03-26 10:32:03",
            "twoQubitGate_update_time": "2025-03-26 08:28:51",
            "origin_circuit": "RZ Q1 -1.570796325\nX2P Q1\nRZ Q1 1.570796325\nX2M Q1\nCZ Q0 Q1\nX2P Q0\nRZ Q0 3.14159265\nX2M Q0\nRZ Q1 1.570796325\nX2P Q1\nRZ Q1 0.7853981625\nX2M Q1\nCZ Q0 Q1\nRZ Q0 2.7712183476226278\nX2P Q0\nRZ Q0 -2.4596526718808813\nX2M Q0\nRZ Q1 -1.570796325\nX2P Q1\nRZ Q1 1.570796325\nX2M Q1\nM Q1\nM Q0",
            "layout": [
                46,
                52
            ],
            "transpiled_circit": "RZ Q52 -1.570796325\nX2P Q52\nRZ Q52 1.570796325\nX2M Q52\nCZ Q46 Q52\nX2P Q46\nRZ Q46 3.14159265\nX2M Q46\nRZ Q52 1.570796325\nX2P Q52\nRZ Q52 0.7853981625\nX2M Q52\nCZ Q46 Q52\nRZ Q46 2.7712183476226278\nX2P Q46\nRZ Q46 -2.4596526718808813\nX2M Q46\nRZ Q52 -1.570796325\nX2P Q52\nRZ Q52 1.570796325\nX2M Q52\nM Q52\nM Q46"
        }
    }
}