{
    "transpiled_randomCircuit_2qubit_1": {
        "run_config": {
            "machine_time": "tianyan176-2",
            "repeat": 1,
            "shots": 8000,
            "layout": [
                54,
                48
            ],
            "layout_id": 180,
            "expected_fidelity": 0.8827026331236971,
            "real_fidelity": 0.9622362510777706,
            "begin_time": "2025-03-26 11:01:47",
            "end_time": "2025-03-26 11:02:01",
            "cost_time": "13.785068 s"
        },
        "circuit_features": {
            "num_qubits": 2,
            "num_gates": 21,
            "depth": 14,
            "program_communication": 1.0,
            "critical_depth": 1.0,
            "entanglement_ratio": 0.09523809523809523,
            "parallelism": 0.5,
            "liveness": 0.8214285714285714,
            "min_qubit_frequency": 5.1376,
            "max_qubit_frequency": 5.3503,
            "avg_qubit_frequency": 5.24395,
            "min_readout_frequency": null,
            "max_readout_frequency": null,
            "avg_readout_frequency": null,
            "min_readoutError": 2.63,
            "max_readoutError": 4.13,
            "avg_readoutError": 3.38,
            "min_singleQubit_gate_error": 0.18,
            "max_singleQubit_gate_error": 0.19,
            "avg_singleQubit_gate_error": 0.185,
            "min_twoQubits_gate_error": 1.02,
            "max_twoQubits_gate_error": 1.02,
            "avg_twoQubits_gate_error": 1.02,
            "min_t1": 21.3374,
            "max_t1": 28.7803,
            "avg_t1": 25.05885,
            "min_t2": 2.0195,
            "max_t2": 4.3417,
            "avg_t2": 3.1806,
            "twoQubits_gate_error_accumulation": 2.04,
            "expected_fidelity": 0.8827026331236971,
            "idel_entropy": 0.529275348759811,
            "idle_rate": 0.2054794520547945,
            "qubit_frequency_dict": {
                "54": 5.3503,
                "48": 5.1376
            },
            "readout_frequency_dict": {
                "54": null,
                "48": null
            },
            "readoutError_dict": {
                "54": 2.63,
                "48": 4.13
            },
            "singleQubit_gate_error_dict": {
                "54": 0.18,
                "48": 0.19
            },
            "twoQubits_gate_error_dict": {
                "0": {
                    "twoQubits": [
                        54,
                        48
                    ],
                    "cz_error": 1.02
                },
                "1": {
                    "twoQubits": [
                        54,
                        48
                    ],
                    "cz_error": 1.02
                }
            },
            "t1_dict": {
                "54": 28.7803,
                "48": 21.3374
            },
            "t2_dict": {
                "54": 4.3417,
                "48": 2.0195
            },
            "singleQubit_update_time": "2025-03-21 02:33:29",
            "readout_update_time": "2025-03-26 11:01:19",
            "twoQubitGate_update_time": "2025-03-26 08:28:51",
            "origin_circuit": "RZ Q1 -1.570796325\nX2P Q1\nRZ Q1 1.570796325\nX2M Q1\nCZ Q0 Q1\nX2P Q0\nRZ Q0 3.14159265\nX2M Q0\nRZ Q1 1.570796325\nX2P Q1\nRZ Q1 0.7853981625\nX2M Q1\nCZ Q0 Q1\nRZ Q0 2.7712183476226278\nX2P Q0\nRZ Q0 -2.4596526718808813\nX2M Q0\nRZ Q1 -1.570796325\nX2P Q1\nRZ Q1 1.570796325\nX2M Q1\nM Q1\nM Q0",
            "layout": [
                54,
                48
            ],
            "transpiled_circit": "RZ Q48 -1.570796325\nX2P Q48\nRZ Q48 1.570796325\nX2M Q48\nCZ Q54 Q48\nX2P Q54\nRZ Q54 3.14159265\nX2M Q54\nRZ Q48 1.570796325\nX2P Q48\nRZ Q48 0.7853981625\nX2M Q48\nCZ Q54 Q48\nRZ Q54 2.7712183476226278\nX2P Q54\nRZ Q54 -2.4596526718808813\nX2M Q54\nRZ Q48 -1.570796325\nX2P Q48\nRZ Q48 1.570796325\nX2M Q48\nM Q48\nM Q54"
        }
    }
}