{
    "transpiled_randomCircuit_2qubit_1": {
        "run_config": {
            "machine_time": "tianyan176-2",
            "repeat": 1,
            "shots": 8000,
            "layout": [
                35,
                28
            ],
            "layout_id": 82,
            "expected_fidelity": 0.7534783976542522,
            "real_fidelity": 0.8370205093487957,
            "begin_time": "2025-03-26 10:39:39",
            "end_time": "2025-03-26 10:39:53",
            "cost_time": "13.646649 s"
        },
        "circuit_features": {
            "num_qubits": 2,
            "num_gates": 21,
            "depth": 14,
            "program_communication": 1.0,
            "critical_depth": 1.0,
            "entanglement_ratio": 0.09523809523809523,
            "parallelism": 0.5,
            "liveness": 0.8214285714285714,
            "min_qubit_frequency": 5.2429,
            "max_qubit_frequency": 5.624,
            "avg_qubit_frequency": 5.43345,
            "min_readout_frequency": null,
            "max_readout_frequency": null,
            "avg_readout_frequency": null,
            "min_readoutError": 6.41,
            "max_readoutError": 12.08,
            "avg_readoutError": 9.245000000000001,
            "min_singleQubit_gate_error": 0.12,
            "max_singleQubit_gate_error": 0.22,
            "avg_singleQubit_gate_error": 0.16999999999999998,
            "min_twoQubits_gate_error": 2.87,
            "max_twoQubits_gate_error": 2.87,
            "avg_twoQubits_gate_error": 2.87,
            "min_t1": 6.5598,
            "max_t1": 39.9207,
            "avg_t1": 23.24025,
            "min_t2": 2.2739,
            "max_t2": 4.1847,
            "avg_t2": 3.2293000000000003,
            "twoQubits_gate_error_accumulation": 5.74,
            "expected_fidelity": 0.7534783976542522,
            "idel_entropy": 0.529275348759811,
            "idle_rate": 0.2054794520547945,
            "qubit_frequency_dict": {
                "35": 5.624,
                "28": 5.2429
            },
            "readout_frequency_dict": {
                "35": null,
                "28": null
            },
            "readoutError_dict": {
                "35": 6.41,
                "28": 12.08
            },
            "singleQubit_gate_error_dict": {
                "35": 0.22,
                "28": 0.12
            },
            "twoQubits_gate_error_dict": {
                "0": {
                    "twoQubits": [
                        35,
                        28
                    ],
                    "cz_error": 2.87
                },
                "1": {
                    "twoQubits": [
                        35,
                        28
                    ],
                    "cz_error": 2.87
                }
            },
            "t1_dict": {
                "35": 6.5598,
                "28": 39.9207
            },
            "t2_dict": {
                "35": 4.1847,
                "28": 2.2739
            },
            "singleQubit_update_time": "2025-03-21 02:33:29",
            "readout_update_time": "2025-03-26 10:32:03",
            "twoQubitGate_update_time": "2025-03-26 08:28:51",
            "origin_circuit": "RZ Q1 -1.570796325\nX2P Q1\nRZ Q1 1.570796325\nX2M Q1\nCZ Q0 Q1\nX2P Q0\nRZ Q0 3.14159265\nX2M Q0\nRZ Q1 1.570796325\nX2P Q1\nRZ Q1 0.7853981625\nX2M Q1\nCZ Q0 Q1\nRZ Q0 2.7712183476226278\nX2P Q0\nRZ Q0 -2.4596526718808813\nX2M Q0\nRZ Q1 -1.570796325\nX2P Q1\nRZ Q1 1.570796325\nX2M Q1\nM Q1\nM Q0",
            "layout": [
                35,
                28
            ],
            "transpiled_circit": "RZ Q28 -1.570796325\nX2P Q28\nRZ Q28 1.570796325\nX2M Q28\nCZ Q35 Q28\nX2P Q35\nRZ Q35 3.14159265\nX2M Q35\nRZ Q28 1.570796325\nX2P Q28\nRZ Q28 0.7853981625\nX2M Q28\nCZ Q35 Q28\nRZ Q35 2.7712183476226278\nX2P Q35\nRZ Q35 -2.4596526718808813\nX2M Q35\nRZ Q28 -1.570796325\nX2P Q28\nRZ Q28 1.570796325\nX2M Q28\nM Q28\nM Q35"
        }
    }
}