{
    "transpiled_randomCircuit_2qubit_1": {
        "run_config": {
            "machine_time": "tianyan176-2",
            "repeat": 1,
            "shots": 8000,
            "layout": [
                16,
                11
            ],
            "layout_id": 41,
            "expected_fidelity": 0.9114753503588745,
            "real_fidelity": 0.9756971333307368,
            "begin_time": "2025-03-26 10:28:51",
            "end_time": "2025-03-26 10:29:03",
            "cost_time": "11.371605 s"
        },
        "circuit_features": {
            "num_qubits": 2,
            "num_gates": 21,
            "depth": 14,
            "program_communication": 1.0,
            "critical_depth": 1.0,
            "entanglement_ratio": 0.09523809523809523,
            "parallelism": 0.5,
            "liveness": 0.8214285714285714,
            "min_qubit_frequency": 5.1519,
            "max_qubit_frequency": 5.5364,
            "avg_qubit_frequency": 5.344150000000001,
            "min_readout_frequency": null,
            "max_readout_frequency": null,
            "avg_readout_frequency": null,
            "min_readoutError": 1.85,
            "max_readoutError": 3.33,
            "avg_readoutError": 2.59,
            "min_singleQubit_gate_error": 0.15,
            "max_singleQubit_gate_error": 0.16,
            "avg_singleQubit_gate_error": 0.155,
            "min_twoQubits_gate_error": 0.52,
            "max_twoQubits_gate_error": 0.52,
            "avg_twoQubits_gate_error": 0.52,
            "min_t1": 14.1199,
            "max_t1": 21.0104,
            "avg_t1": 17.56515,
            "min_t2": 1.9735,
            "max_t2": 6.1576,
            "avg_t2": 4.06555,
            "twoQubits_gate_error_accumulation": 1.04,
            "expected_fidelity": 0.9114753503588745,
            "idel_entropy": 0.529275348759811,
            "idle_rate": 0.2054794520547945,
            "qubit_frequency_dict": {
                "16": 5.1519,
                "11": 5.5364
            },
            "readout_frequency_dict": {
                "16": null,
                "11": null
            },
            "readoutError_dict": {
                "16": 3.33,
                "11": 1.85
            },
            "singleQubit_gate_error_dict": {
                "16": 0.15,
                "11": 0.16
            },
            "twoQubits_gate_error_dict": {
                "0": {
                    "twoQubits": [
                        16,
                        11
                    ],
                    "cz_error": 0.52
                },
                "1": {
                    "twoQubits": [
                        16,
                        11
                    ],
                    "cz_error": 0.52
                }
            },
            "t1_dict": {
                "16": 21.0104,
                "11": 14.1199
            },
            "t2_dict": {
                "16": 1.9735,
                "11": 6.1576
            },
            "singleQubit_update_time": "2025-03-21 02:33:29",
            "readout_update_time": "2025-03-26 10:01:21",
            "twoQubitGate_update_time": "2025-03-26 08:28:51",
            "origin_circuit": "RZ Q1 -1.570796325\nX2P Q1\nRZ Q1 1.570796325\nX2M Q1\nCZ Q0 Q1\nX2P Q0\nRZ Q0 3.14159265\nX2M Q0\nRZ Q1 1.570796325\nX2P Q1\nRZ Q1 0.7853981625\nX2M Q1\nCZ Q0 Q1\nRZ Q0 2.7712183476226278\nX2P Q0\nRZ Q0 -2.4596526718808813\nX2M Q0\nRZ Q1 -1.570796325\nX2P Q1\nRZ Q1 1.570796325\nX2M Q1\nM Q1\nM Q0",
            "layout": [
                16,
                11
            ],
            "transpiled_circit": "RZ Q11 -1.570796325\nX2P Q11\nRZ Q11 1.570796325\nX2M Q11\nCZ Q16 Q11\nX2P Q16\nRZ Q16 3.14159265\nX2M Q16\nRZ Q11 1.570796325\nX2P Q11\nRZ Q11 0.7853981625\nX2M Q11\nCZ Q16 Q11\nRZ Q16 2.7712183476226278\nX2P Q16\nRZ Q16 -2.4596526718808813\nX2M Q16\nRZ Q11 -1.570796325\nX2P Q11\nRZ Q11 1.570796325\nX2M Q11\nM Q11\nM Q16"
        }
    }
}