{
    "transpiled_randomCircuit_2qubit_1": {
        "run_config": {
            "machine_time": "tianyan176-2",
            "repeat": 1,
            "shots": 8000,
            "layout": [
                47,
                41
            ],
            "layout_id": 140,
            "expected_fidelity": 0.8525427386512183,
            "real_fidelity": 0.9083615287234832,
            "begin_time": "2025-03-26 10:51:49",
            "end_time": "2025-03-26 10:52:00",
            "cost_time": "11.370378 s"
        },
        "circuit_features": {
            "num_qubits": 2,
            "num_gates": 21,
            "depth": 14,
            "program_communication": 1.0,
            "critical_depth": 1.0,
            "entanglement_ratio": 0.09523809523809523,
            "parallelism": 0.5,
            "liveness": 0.8214285714285714,
            "min_qubit_frequency": 5.3315,
            "max_qubit_frequency": 5.4419,
            "avg_qubit_frequency": 5.3867,
            "min_readout_frequency": null,
            "max_readout_frequency": null,
            "avg_readout_frequency": null,
            "min_readoutError": 2.98,
            "max_readoutError": 5.01,
            "avg_readoutError": 3.995,
            "min_singleQubit_gate_error": 0.08,
            "max_singleQubit_gate_error": 0.24,
            "avg_singleQubit_gate_error": 0.16,
            "min_twoQubits_gate_error": 2.54,
            "max_twoQubits_gate_error": 2.54,
            "avg_twoQubits_gate_error": 2.54,
            "min_t1": 12.1295,
            "max_t1": 43.9429,
            "avg_t1": 28.0362,
            "min_t2": 4.6886,
            "max_t2": 6.2453,
            "avg_t2": 5.466950000000001,
            "twoQubits_gate_error_accumulation": 5.08,
            "expected_fidelity": 0.8525427386512183,
            "idel_entropy": 0.529275348759811,
            "idle_rate": 0.2054794520547945,
            "qubit_frequency_dict": {
                "47": 5.4419,
                "41": 5.3315
            },
            "readout_frequency_dict": {
                "47": null,
                "41": null
            },
            "readoutError_dict": {
                "47": 2.98,
                "41": 5.01
            },
            "singleQubit_gate_error_dict": {
                "47": 0.24,
                "41": 0.08
            },
            "twoQubits_gate_error_dict": {
                "0": {
                    "twoQubits": [
                        47,
                        41
                    ],
                    "cz_error": 2.54
                },
                "1": {
                    "twoQubits": [
                        47,
                        41
                    ],
                    "cz_error": 2.54
                }
            },
            "t1_dict": {
                "47": 12.1295,
                "41": 43.9429
            },
            "t2_dict": {
                "47": 6.2453,
                "41": 4.6886
            },
            "singleQubit_update_time": "2025-03-21 02:33:29",
            "readout_update_time": "2025-03-26 10:32:03",
            "twoQubitGate_update_time": "2025-03-26 08:28:51",
            "origin_circuit": "RZ Q1 -1.570796325\nX2P Q1\nRZ Q1 1.570796325\nX2M Q1\nCZ Q0 Q1\nX2P Q0\nRZ Q0 3.14159265\nX2M Q0\nRZ Q1 1.570796325\nX2P Q1\nRZ Q1 0.7853981625\nX2M Q1\nCZ Q0 Q1\nRZ Q0 2.7712183476226278\nX2P Q0\nRZ Q0 -2.4596526718808813\nX2M Q0\nRZ Q1 -1.570796325\nX2P Q1\nRZ Q1 1.570796325\nX2M Q1\nM Q1\nM Q0",
            "layout": [
                47,
                41
            ],
            "transpiled_circit": "RZ Q41 -1.570796325\nX2P Q41\nRZ Q41 1.570796325\nX2M Q41\nCZ Q47 Q41\nX2P Q47\nRZ Q47 3.14159265\nX2M Q47\nRZ Q41 1.570796325\nX2P Q41\nRZ Q41 0.7853981625\nX2M Q41\nCZ Q47 Q41\nRZ Q47 2.7712183476226278\nX2P Q47\nRZ Q47 -2.4596526718808813\nX2M Q47\nRZ Q41 -1.570796325\nX2P Q41\nRZ Q41 1.570796325\nX2M Q41\nM Q41\nM Q47"
        }
    }
}