{
    "transpiled_randomCircuit_2qubit_1": {
        "run_config": {
            "machine_time": "tianyan176-2",
            "repeat": 1,
            "shots": 8000,
            "layout": [
                39,
                46
            ],
            "layout_id": 118,
            "expected_fidelity": 0.8314725044655362,
            "real_fidelity": 0.9392651657791946,
            "begin_time": "2025-03-26 10:47:00",
            "end_time": "2025-03-26 10:47:11",
            "cost_time": "11.408396 s"
        },
        "circuit_features": {
            "num_qubits": 2,
            "num_gates": 21,
            "depth": 14,
            "program_communication": 1.0,
            "critical_depth": 1.0,
            "entanglement_ratio": 0.09523809523809523,
            "parallelism": 0.5,
            "liveness": 0.8214285714285714,
            "min_qubit_frequency": 5.0382,
            "max_qubit_frequency": 5.4583,
            "avg_qubit_frequency": 5.2482500000000005,
            "min_readout_frequency": null,
            "max_readout_frequency": null,
            "avg_readout_frequency": null,
            "min_readoutError": 2.93,
            "max_readoutError": 7.35,
            "avg_readoutError": 5.14,
            "min_singleQubit_gate_error": 0.14,
            "max_singleQubit_gate_error": 0.28,
            "avg_singleQubit_gate_error": 0.21000000000000002,
            "min_twoQubits_gate_error": 2.08,
            "max_twoQubits_gate_error": 2.08,
            "avg_twoQubits_gate_error": 2.08,
            "min_t1": 22.2597,
            "max_t1": 29.6403,
            "avg_t1": 25.95,
            "min_t2": 1.9999,
            "max_t2": 2.2676,
            "avg_t2": 2.13375,
            "twoQubits_gate_error_accumulation": 4.16,
            "expected_fidelity": 0.8314725044655362,
            "idel_entropy": 0.529275348759811,
            "idle_rate": 0.2054794520547945,
            "qubit_frequency_dict": {
                "39": 5.4583,
                "46": 5.0382
            },
            "readout_frequency_dict": {
                "39": null,
                "46": null
            },
            "readoutError_dict": {
                "39": 2.93,
                "46": 7.35
            },
            "singleQubit_gate_error_dict": {
                "39": 0.28,
                "46": 0.14
            },
            "twoQubits_gate_error_dict": {
                "0": {
                    "twoQubits": [
                        39,
                        46
                    ],
                    "cz_error": 2.08
                },
                "1": {
                    "twoQubits": [
                        39,
                        46
                    ],
                    "cz_error": 2.08
                }
            },
            "t1_dict": {
                "39": 29.6403,
                "46": 22.2597
            },
            "t2_dict": {
                "39": 2.2676,
                "46": 1.9999
            },
            "singleQubit_update_time": "2025-03-21 02:33:29",
            "readout_update_time": "2025-03-26 10:32:03",
            "twoQubitGate_update_time": "2025-03-26 08:28:51",
            "origin_circuit": "RZ Q1 -1.570796325\nX2P Q1\nRZ Q1 1.570796325\nX2M Q1\nCZ Q0 Q1\nX2P Q0\nRZ Q0 3.14159265\nX2M Q0\nRZ Q1 1.570796325\nX2P Q1\nRZ Q1 0.7853981625\nX2M Q1\nCZ Q0 Q1\nRZ Q0 2.7712183476226278\nX2P Q0\nRZ Q0 -2.4596526718808813\nX2M Q0\nRZ Q1 -1.570796325\nX2P Q1\nRZ Q1 1.570796325\nX2M Q1\nM Q1\nM Q0",
            "layout": [
                39,
                46
            ],
            "transpiled_circit": "RZ Q46 -1.570796325\nX2P Q46\nRZ Q46 1.570796325\nX2M Q46\nCZ Q39 Q46\nX2P Q39\nRZ Q39 3.14159265\nX2M Q39\nRZ Q46 1.570796325\nX2P Q46\nRZ Q46 0.7853981625\nX2M Q46\nCZ Q39 Q46\nRZ Q39 2.7712183476226278\nX2P Q39\nRZ Q39 -2.4596526718808813\nX2M Q39\nRZ Q46 -1.570796325\nX2P Q46\nRZ Q46 1.570796325\nX2M Q46\nM Q46\nM Q39"
        }
    }
}