{
    "transpiled_randomCircuit_2qubit_1": {
        "run_config": {
            "machine_time": "tianyan176-2",
            "repeat": 1,
            "shots": 8000,
            "layout": [
                8,
                2
            ],
            "layout_id": 25,
            "expected_fidelity": 0.8663472328941398,
            "real_fidelity": 0.9261364625133098,
            "begin_time": "2025-03-26 10:25:29",
            "end_time": "2025-03-26 10:25:42",
            "cost_time": "13.572185 s"
        },
        "circuit_features": {
            "num_qubits": 2,
            "num_gates": 21,
            "depth": 14,
            "program_communication": 1.0,
            "critical_depth": 1.0,
            "entanglement_ratio": 0.09523809523809523,
            "parallelism": 0.5,
            "liveness": 0.8214285714285714,
            "min_qubit_frequency": 5.2174,
            "max_qubit_frequency": 5.5705,
            "avg_qubit_frequency": 5.39395,
            "min_readout_frequency": null,
            "max_readout_frequency": null,
            "avg_readout_frequency": null,
            "min_readoutError": 1.16,
            "max_readoutError": 2.12,
            "avg_readoutError": 1.6400000000000001,
            "min_singleQubit_gate_error": 0.16,
            "max_singleQubit_gate_error": 0.48,
            "avg_singleQubit_gate_error": 0.32,
            "min_twoQubits_gate_error": 2.05,
            "max_twoQubits_gate_error": 2.05,
            "avg_twoQubits_gate_error": 2.05,
            "min_t1": 21.194,
            "max_t1": 24.9775,
            "avg_t1": 23.085749999999997,
            "min_t2": 2.0827,
            "max_t2": 4.4089,
            "avg_t2": 3.2458,
            "twoQubits_gate_error_accumulation": 4.1,
            "expected_fidelity": 0.8663472328941398,
            "idel_entropy": 0.529275348759811,
            "idle_rate": 0.2054794520547945,
            "qubit_frequency_dict": {
                "8": 5.5705,
                "2": 5.2174
            },
            "readout_frequency_dict": {
                "8": null,
                "2": null
            },
            "readoutError_dict": {
                "8": 1.16,
                "2": 2.12
            },
            "singleQubit_gate_error_dict": {
                "8": 0.16,
                "2": 0.48
            },
            "twoQubits_gate_error_dict": {
                "0": {
                    "twoQubits": [
                        8,
                        2
                    ],
                    "cz_error": 2.05
                },
                "1": {
                    "twoQubits": [
                        8,
                        2
                    ],
                    "cz_error": 2.05
                }
            },
            "t1_dict": {
                "8": 21.194,
                "2": 24.9775
            },
            "t2_dict": {
                "8": 4.4089,
                "2": 2.0827
            },
            "singleQubit_update_time": "2025-03-21 02:33:29",
            "readout_update_time": "2025-03-26 10:01:21",
            "twoQubitGate_update_time": "2025-03-26 08:28:51",
            "origin_circuit": "RZ Q1 -1.570796325\nX2P Q1\nRZ Q1 1.570796325\nX2M Q1\nCZ Q0 Q1\nX2P Q0\nRZ Q0 3.14159265\nX2M Q0\nRZ Q1 1.570796325\nX2P Q1\nRZ Q1 0.7853981625\nX2M Q1\nCZ Q0 Q1\nRZ Q0 2.7712183476226278\nX2P Q0\nRZ Q0 -2.4596526718808813\nX2M Q0\nRZ Q1 -1.570796325\nX2P Q1\nRZ Q1 1.570796325\nX2M Q1\nM Q1\nM Q0",
            "layout": [
                8,
                2
            ],
            "transpiled_circit": "RZ Q2 -1.570796325\nX2P Q2\nRZ Q2 1.570796325\nX2M Q2\nCZ Q8 Q2\nX2P Q8\nRZ Q8 3.14159265\nX2M Q8\nRZ Q2 1.570796325\nX2P Q2\nRZ Q2 0.7853981625\nX2M Q2\nCZ Q8 Q2\nRZ Q8 2.7712183476226278\nX2P Q8\nRZ Q8 -2.4596526718808813\nX2M Q8\nRZ Q2 -1.570796325\nX2P Q2\nRZ Q2 1.570796325\nX2M Q2\nM Q2\nM Q8"
        }
    }
}