{
    "transpiled_randomCircuit_2qubit_1": {
        "run_config": {
            "machine_time": "tianyan176-2",
            "repeat": 1,
            "shots": 8000,
            "layout": [
                57,
                63
            ],
            "layout_id": 170,
            "expected_fidelity": 0.7569713122866629,
            "real_fidelity": 0.6108659713891597,
            "begin_time": "2025-03-26 10:58:05",
            "end_time": "2025-03-26 10:58:18",
            "cost_time": "13.714089 s"
        },
        "circuit_features": {
            "num_qubits": 2,
            "num_gates": 21,
            "depth": 14,
            "program_communication": 1.0,
            "critical_depth": 1.0,
            "entanglement_ratio": 0.09523809523809523,
            "parallelism": 0.5,
            "liveness": 0.8214285714285714,
            "min_qubit_frequency": 5.133,
            "max_qubit_frequency": 5.2959,
            "avg_qubit_frequency": 5.214449999999999,
            "min_readout_frequency": null,
            "max_readout_frequency": null,
            "avg_readout_frequency": null,
            "min_readoutError": 3.28,
            "max_readoutError": 14.21,
            "avg_readoutError": 8.745000000000001,
            "min_singleQubit_gate_error": 0.08,
            "max_singleQubit_gate_error": 0.18,
            "avg_singleQubit_gate_error": 0.13,
            "min_twoQubits_gate_error": 3.42,
            "max_twoQubits_gate_error": 3.42,
            "avg_twoQubits_gate_error": 3.42,
            "min_t1": 19.8057,
            "max_t1": 23.273,
            "avg_t1": 21.53935,
            "min_t2": 1.8917,
            "max_t2": 2.9094,
            "avg_t2": 2.40055,
            "twoQubits_gate_error_accumulation": 6.84,
            "expected_fidelity": 0.7569713122866629,
            "idel_entropy": 0.529275348759811,
            "idle_rate": 0.2054794520547945,
            "qubit_frequency_dict": {
                "57": 5.2959,
                "63": 5.133
            },
            "readout_frequency_dict": {
                "57": null,
                "63": null
            },
            "readoutError_dict": {
                "57": 3.28,
                "63": 14.21
            },
            "singleQubit_gate_error_dict": {
                "57": 0.18,
                "63": 0.08
            },
            "twoQubits_gate_error_dict": {
                "0": {
                    "twoQubits": [
                        57,
                        63
                    ],
                    "cz_error": 3.42
                },
                "1": {
                    "twoQubits": [
                        57,
                        63
                    ],
                    "cz_error": 3.42
                }
            },
            "t1_dict": {
                "57": 23.273,
                "63": 19.8057
            },
            "t2_dict": {
                "57": 2.9094,
                "63": 1.8917
            },
            "singleQubit_update_time": "2025-03-21 02:33:29",
            "readout_update_time": "2025-03-26 10:32:03",
            "twoQubitGate_update_time": "2025-03-26 08:28:51",
            "origin_circuit": "RZ Q1 -1.570796325\nX2P Q1\nRZ Q1 1.570796325\nX2M Q1\nCZ Q0 Q1\nX2P Q0\nRZ Q0 3.14159265\nX2M Q0\nRZ Q1 1.570796325\nX2P Q1\nRZ Q1 0.7853981625\nX2M Q1\nCZ Q0 Q1\nRZ Q0 2.7712183476226278\nX2P Q0\nRZ Q0 -2.4596526718808813\nX2M Q0\nRZ Q1 -1.570796325\nX2P Q1\nRZ Q1 1.570796325\nX2M Q1\nM Q1\nM Q0",
            "layout": [
                57,
                63
            ],
            "transpiled_circit": "RZ Q63 -1.570796325\nX2P Q63\nRZ Q63 1.570796325\nX2M Q63\nCZ Q57 Q63\nX2P Q57\nRZ Q57 3.14159265\nX2M Q57\nRZ Q63 1.570796325\nX2P Q63\nRZ Q63 0.7853981625\nX2M Q63\nCZ Q57 Q63\nRZ Q57 2.7712183476226278\nX2P Q57\nRZ Q57 -2.4596526718808813\nX2M Q57\nRZ Q63 -1.570796325\nX2P Q63\nRZ Q63 1.570796325\nX2M Q63\nM Q63\nM Q57"
        }
    }
}