{
    "transpiled_randomCircuit_2qubit_1": {
        "run_config": {
            "machine_time": "tianyan176-2",
            "repeat": 1,
            "shots": 8000,
            "layout": [
                43,
                37
            ],
            "layout_id": 123,
            "expected_fidelity": 0.9115751950957527,
            "real_fidelity": 0.9609740202267872,
            "begin_time": "2025-03-26 10:48:07",
            "end_time": "2025-03-26 10:48:19",
            "cost_time": "11.453314 s"
        },
        "circuit_features": {
            "num_qubits": 2,
            "num_gates": 21,
            "depth": 14,
            "program_communication": 1.0,
            "critical_depth": 1.0,
            "entanglement_ratio": 0.09523809523809523,
            "parallelism": 0.5,
            "liveness": 0.8214285714285714,
            "min_qubit_frequency": 5.1539,
            "max_qubit_frequency": 5.4413,
            "avg_qubit_frequency": 5.2976,
            "min_readout_frequency": null,
            "max_readout_frequency": null,
            "avg_readout_frequency": null,
            "min_readoutError": 1.58,
            "max_readoutError": 2.08,
            "avg_readoutError": 1.83,
            "min_singleQubit_gate_error": 0.13,
            "max_singleQubit_gate_error": 0.22,
            "avg_singleQubit_gate_error": 0.175,
            "min_twoQubits_gate_error": 1.0,
            "max_twoQubits_gate_error": 1.0,
            "avg_twoQubits_gate_error": 1.0,
            "min_t1": 28.0461,
            "max_t1": 32.6303,
            "avg_t1": 30.3382,
            "min_t2": 1.8098,
            "max_t2": 2.4432,
            "avg_t2": 2.1265,
            "twoQubits_gate_error_accumulation": 2.0,
            "expected_fidelity": 0.9115751950957527,
            "idel_entropy": 0.529275348759811,
            "idle_rate": 0.2054794520547945,
            "qubit_frequency_dict": {
                "43": 5.4413,
                "37": 5.1539
            },
            "readout_frequency_dict": {
                "43": null,
                "37": null
            },
            "readoutError_dict": {
                "43": 1.58,
                "37": 2.08
            },
            "singleQubit_gate_error_dict": {
                "43": 0.13,
                "37": 0.22
            },
            "twoQubits_gate_error_dict": {
                "0": {
                    "twoQubits": [
                        43,
                        37
                    ],
                    "cz_error": 1.0
                },
                "1": {
                    "twoQubits": [
                        43,
                        37
                    ],
                    "cz_error": 1.0
                }
            },
            "t1_dict": {
                "43": 32.6303,
                "37": 28.0461
            },
            "t2_dict": {
                "43": 2.4432,
                "37": 1.8098
            },
            "singleQubit_update_time": "2025-03-21 02:33:29",
            "readout_update_time": "2025-03-26 10:32:03",
            "twoQubitGate_update_time": "2025-03-26 08:28:51",
            "origin_circuit": "RZ Q1 -1.570796325\nX2P Q1\nRZ Q1 1.570796325\nX2M Q1\nCZ Q0 Q1\nX2P Q0\nRZ Q0 3.14159265\nX2M Q0\nRZ Q1 1.570796325\nX2P Q1\nRZ Q1 0.7853981625\nX2M Q1\nCZ Q0 Q1\nRZ Q0 2.7712183476226278\nX2P Q0\nRZ Q0 -2.4596526718808813\nX2M Q0\nRZ Q1 -1.570796325\nX2P Q1\nRZ Q1 1.570796325\nX2M Q1\nM Q1\nM Q0",
            "layout": [
                43,
                37
            ],
            "transpiled_circit": "RZ Q37 -1.570796325\nX2P Q37\nRZ Q37 1.570796325\nX2M Q37\nCZ Q43 Q37\nX2P Q43\nRZ Q43 3.14159265\nX2M Q43\nRZ Q37 1.570796325\nX2P Q37\nRZ Q37 0.7853981625\nX2M Q37\nCZ Q43 Q37\nRZ Q43 2.7712183476226278\nX2P Q43\nRZ Q43 -2.4596526718808813\nX2M Q43\nRZ Q37 -1.570796325\nX2P Q37\nRZ Q37 1.570796325\nX2M Q37\nM Q37\nM Q43"
        }
    }
}