{
    "transpiled_randomCircuit_2qubit_1": {
        "run_config": {
            "machine_time": "tianyan176-2",
            "repeat": 1,
            "shots": 8000,
            "layout": [
                40,
                47
            ],
            "layout_id": 106,
            "expected_fidelity": 0.8842774117492482,
            "real_fidelity": 0.9498685150180823,
            "begin_time": "2025-03-26 10:44:32",
            "end_time": "2025-03-26 10:44:43",
            "cost_time": "11.47866 s"
        },
        "circuit_features": {
            "num_qubits": 2,
            "num_gates": 21,
            "depth": 14,
            "program_communication": 1.0,
            "critical_depth": 1.0,
            "entanglement_ratio": 0.09523809523809523,
            "parallelism": 0.5,
            "liveness": 0.8214285714285714,
            "min_qubit_frequency": 5.4419,
            "max_qubit_frequency": 5.4909,
            "avg_qubit_frequency": 5.4664,
            "min_readout_frequency": null,
            "max_readout_frequency": null,
            "avg_readout_frequency": null,
            "min_readoutError": 2.23,
            "max_readoutError": 2.98,
            "avg_readoutError": 2.605,
            "min_singleQubit_gate_error": 0.15,
            "max_singleQubit_gate_error": 0.24,
            "avg_singleQubit_gate_error": 0.195,
            "min_twoQubits_gate_error": 1.53,
            "max_twoQubits_gate_error": 1.53,
            "avg_twoQubits_gate_error": 1.53,
            "min_t1": 12.1295,
            "max_t1": 15.3278,
            "avg_t1": 13.72865,
            "min_t2": 4.892,
            "max_t2": 6.2453,
            "avg_t2": 5.56865,
            "twoQubits_gate_error_accumulation": 3.06,
            "expected_fidelity": 0.8842774117492482,
            "idel_entropy": 0.529275348759811,
            "idle_rate": 0.2054794520547945,
            "qubit_frequency_dict": {
                "40": 5.4909,
                "47": 5.4419
            },
            "readout_frequency_dict": {
                "40": null,
                "47": null
            },
            "readoutError_dict": {
                "40": 2.23,
                "47": 2.98
            },
            "singleQubit_gate_error_dict": {
                "40": 0.15,
                "47": 0.24
            },
            "twoQubits_gate_error_dict": {
                "0": {
                    "twoQubits": [
                        40,
                        47
                    ],
                    "cz_error": 1.53
                },
                "1": {
                    "twoQubits": [
                        40,
                        47
                    ],
                    "cz_error": 1.53
                }
            },
            "t1_dict": {
                "40": 15.3278,
                "47": 12.1295
            },
            "t2_dict": {
                "40": 4.892,
                "47": 6.2453
            },
            "singleQubit_update_time": "2025-03-21 02:33:29",
            "readout_update_time": "2025-03-26 10:32:03",
            "twoQubitGate_update_time": "2025-03-26 08:28:51",
            "origin_circuit": "RZ Q1 -1.570796325\nX2P Q1\nRZ Q1 1.570796325\nX2M Q1\nCZ Q0 Q1\nX2P Q0\nRZ Q0 3.14159265\nX2M Q0\nRZ Q1 1.570796325\nX2P Q1\nRZ Q1 0.7853981625\nX2M Q1\nCZ Q0 Q1\nRZ Q0 2.7712183476226278\nX2P Q0\nRZ Q0 -2.4596526718808813\nX2M Q0\nRZ Q1 -1.570796325\nX2P Q1\nRZ Q1 1.570796325\nX2M Q1\nM Q1\nM Q0",
            "layout": [
                40,
                47
            ],
            "transpiled_circit": "RZ Q47 -1.570796325\nX2P Q47\nRZ Q47 1.570796325\nX2M Q47\nCZ Q40 Q47\nX2P Q40\nRZ Q40 3.14159265\nX2M Q40\nRZ Q47 1.570796325\nX2P Q47\nRZ Q47 0.7853981625\nX2M Q47\nCZ Q40 Q47\nRZ Q40 2.7712183476226278\nX2P Q40\nRZ Q40 -2.4596526718808813\nX2M Q40\nRZ Q47 -1.570796325\nX2P Q47\nRZ Q47 1.570796325\nX2M Q47\nM Q47\nM Q40"
        }
    }
}