{
    "transpiled_randomCircuit_2qubit_1": {
        "run_config": {
            "machine_time": "tianyan176-2",
            "repeat": 1,
            "shots": 8000,
            "layout": [
                38,
                32
            ],
            "layout_id": 99,
            "expected_fidelity": 0.8894803521510973,
            "real_fidelity": 0.9563641028981347,
            "begin_time": "2025-03-26 10:43:09",
            "end_time": "2025-03-26 10:43:20",
            "cost_time": "11.330109 s"
        },
        "circuit_features": {
            "num_qubits": 2,
            "num_gates": 21,
            "depth": 14,
            "program_communication": 1.0,
            "critical_depth": 1.0,
            "entanglement_ratio": 0.09523809523809523,
            "parallelism": 0.5,
            "liveness": 0.8214285714285714,
            "min_qubit_frequency": 5.1769,
            "max_qubit_frequency": 5.316,
            "avg_qubit_frequency": 5.246449999999999,
            "min_readout_frequency": null,
            "max_readout_frequency": null,
            "avg_readout_frequency": null,
            "min_readoutError": 3.05,
            "max_readoutError": 3.07,
            "avg_readoutError": 3.0599999999999996,
            "min_singleQubit_gate_error": 0.16,
            "max_singleQubit_gate_error": 0.17,
            "avg_singleQubit_gate_error": 0.165,
            "min_twoQubits_gate_error": 1.16,
            "max_twoQubits_gate_error": 1.16,
            "avg_twoQubits_gate_error": 1.16,
            "min_t1": 30.0228,
            "max_t1": 42.5819,
            "avg_t1": 36.30235,
            "min_t2": 1.8213,
            "max_t2": 2.815,
            "avg_t2": 2.31815,
            "twoQubits_gate_error_accumulation": 2.32,
            "expected_fidelity": 0.8894803521510973,
            "idel_entropy": 0.529275348759811,
            "idle_rate": 0.2054794520547945,
            "qubit_frequency_dict": {
                "38": 5.1769,
                "32": 5.316
            },
            "readout_frequency_dict": {
                "38": null,
                "32": null
            },
            "readoutError_dict": {
                "38": 3.07,
                "32": 3.05
            },
            "singleQubit_gate_error_dict": {
                "38": 0.16,
                "32": 0.17
            },
            "twoQubits_gate_error_dict": {
                "0": {
                    "twoQubits": [
                        38,
                        32
                    ],
                    "cz_error": 1.16
                },
                "1": {
                    "twoQubits": [
                        38,
                        32
                    ],
                    "cz_error": 1.16
                }
            },
            "t1_dict": {
                "38": 42.5819,
                "32": 30.0228
            },
            "t2_dict": {
                "38": 1.8213,
                "32": 2.815
            },
            "singleQubit_update_time": "2025-03-21 02:33:29",
            "readout_update_time": "2025-03-26 10:32:03",
            "twoQubitGate_update_time": "2025-03-26 08:28:51",
            "origin_circuit": "RZ Q1 -1.570796325\nX2P Q1\nRZ Q1 1.570796325\nX2M Q1\nCZ Q0 Q1\nX2P Q0\nRZ Q0 3.14159265\nX2M Q0\nRZ Q1 1.570796325\nX2P Q1\nRZ Q1 0.7853981625\nX2M Q1\nCZ Q0 Q1\nRZ Q0 2.7712183476226278\nX2P Q0\nRZ Q0 -2.4596526718808813\nX2M Q0\nRZ Q1 -1.570796325\nX2P Q1\nRZ Q1 1.570796325\nX2M Q1\nM Q1\nM Q0",
            "layout": [
                38,
                32
            ],
            "transpiled_circit": "RZ Q32 -1.570796325\nX2P Q32\nRZ Q32 1.570796325\nX2M Q32\nCZ Q38 Q32\nX2P Q38\nRZ Q38 3.14159265\nX2M Q38\nRZ Q32 1.570796325\nX2P Q32\nRZ Q32 0.7853981625\nX2M Q32\nCZ Q38 Q32\nRZ Q38 2.7712183476226278\nX2P Q38\nRZ Q38 -2.4596526718808813\nX2M Q38\nRZ Q32 -1.570796325\nX2P Q32\nRZ Q32 1.570796325\nX2M Q32\nM Q32\nM Q38"
        }
    }
}