{
    "transpiled_randomCircuit_2qubit_1": {
        "run_config": {
            "machine_time": "tianyan176-2",
            "repeat": 1,
            "shots": 8000,
            "layout": [
                26,
                32
            ],
            "layout_id": 45,
            "expected_fidelity": 0.7581295170473435,
            "real_fidelity": 0.8449549556207017,
            "begin_time": "2025-03-26 10:29:41",
            "end_time": "2025-03-26 10:29:53",
            "cost_time": "11.399149 s"
        },
        "circuit_features": {
            "num_qubits": 2,
            "num_gates": 21,
            "depth": 14,
            "program_communication": 1.0,
            "critical_depth": 1.0,
            "entanglement_ratio": 0.09523809523809523,
            "parallelism": 0.5,
            "liveness": 0.8214285714285714,
            "min_qubit_frequency": 5.2574,
            "max_qubit_frequency": 5.316,
            "avg_qubit_frequency": 5.2867,
            "min_readout_frequency": null,
            "max_readout_frequency": null,
            "avg_readout_frequency": null,
            "min_readoutError": 1.43,
            "max_readoutError": 3.1,
            "avg_readoutError": 2.265,
            "min_singleQubit_gate_error": 0.09,
            "max_singleQubit_gate_error": 0.17,
            "avg_singleQubit_gate_error": 0.13,
            "min_twoQubits_gate_error": 9.71,
            "max_twoQubits_gate_error": 9.71,
            "avg_twoQubits_gate_error": 9.71,
            "min_t1": 22.856,
            "max_t1": 30.0228,
            "avg_t1": 26.4394,
            "min_t2": 2.3345,
            "max_t2": 2.815,
            "avg_t2": 2.57475,
            "twoQubits_gate_error_accumulation": 19.42,
            "expected_fidelity": 0.7581295170473435,
            "idel_entropy": 0.529275348759811,
            "idle_rate": 0.2054794520547945,
            "qubit_frequency_dict": {
                "26": 5.2574,
                "32": 5.316
            },
            "readout_frequency_dict": {
                "26": null,
                "32": null
            },
            "readoutError_dict": {
                "26": 1.43,
                "32": 3.1
            },
            "singleQubit_gate_error_dict": {
                "26": 0.09,
                "32": 0.17
            },
            "twoQubits_gate_error_dict": {
                "0": {
                    "twoQubits": [
                        26,
                        32
                    ],
                    "cz_error": 9.71
                },
                "1": {
                    "twoQubits": [
                        26,
                        32
                    ],
                    "cz_error": 9.71
                }
            },
            "t1_dict": {
                "26": 22.856,
                "32": 30.0228
            },
            "t2_dict": {
                "26": 2.3345,
                "32": 2.815
            },
            "singleQubit_update_time": "2025-03-21 02:33:29",
            "readout_update_time": "2025-03-26 10:01:21",
            "twoQubitGate_update_time": "2025-03-26 08:28:51",
            "origin_circuit": "RZ Q1 -1.570796325\nX2P Q1\nRZ Q1 1.570796325\nX2M Q1\nCZ Q0 Q1\nX2P Q0\nRZ Q0 3.14159265\nX2M Q0\nRZ Q1 1.570796325\nX2P Q1\nRZ Q1 0.7853981625\nX2M Q1\nCZ Q0 Q1\nRZ Q0 2.7712183476226278\nX2P Q0\nRZ Q0 -2.4596526718808813\nX2M Q0\nRZ Q1 -1.570796325\nX2P Q1\nRZ Q1 1.570796325\nX2M Q1\nM Q1\nM Q0",
            "layout": [
                26,
                32
            ],
            "transpiled_circit": "RZ Q32 -1.570796325\nX2P Q32\nRZ Q32 1.570796325\nX2M Q32\nCZ Q26 Q32\nX2P Q26\nRZ Q26 3.14159265\nX2M Q26\nRZ Q32 1.570796325\nX2P Q32\nRZ Q32 0.7853981625\nX2M Q32\nCZ Q26 Q32\nRZ Q26 2.7712183476226278\nX2P Q26\nRZ Q26 -2.4596526718808813\nX2M Q26\nRZ Q32 -1.570796325\nX2P Q32\nRZ Q32 1.570796325\nX2M Q32\nM Q32\nM Q26"
        }
    }
}