{
    "transpiled_randomCircuit_2qubit_1": {
        "run_config": {
            "machine_time": "tianyan176-2",
            "repeat": 1,
            "shots": 8000,
            "layout": [
                18,
                24
            ],
            "layout_id": 142,
            "expected_fidelity": 0.813474019805706,
            "real_fidelity": 0.9204921640688837,
            "begin_time": "2025-03-26 10:52:12",
            "end_time": "2025-03-26 10:52:24",
            "cost_time": "11.475035 s"
        },
        "circuit_features": {
            "num_qubits": 2,
            "num_gates": 21,
            "depth": 14,
            "program_communication": 1.0,
            "critical_depth": 1.0,
            "entanglement_ratio": 0.09523809523809523,
            "parallelism": 0.5,
            "liveness": 0.8214285714285714,
            "min_qubit_frequency": 5.1355,
            "max_qubit_frequency": 5.2753,
            "avg_qubit_frequency": 5.2054,
            "min_readout_frequency": null,
            "max_readout_frequency": null,
            "avg_readout_frequency": null,
            "min_readoutError": 3.11,
            "max_readoutError": 4.81,
            "avg_readoutError": 3.96,
            "min_singleQubit_gate_error": 0.11,
            "max_singleQubit_gate_error": 0.6,
            "avg_singleQubit_gate_error": 0.355,
            "min_twoQubits_gate_error": 3.45,
            "max_twoQubits_gate_error": 3.45,
            "avg_twoQubits_gate_error": 3.45,
            "min_t1": 20.8094,
            "max_t1": 34.8112,
            "avg_t1": 27.810299999999998,
            "min_t2": 1.3775,
            "max_t2": 2.0051,
            "avg_t2": 1.6913,
            "twoQubits_gate_error_accumulation": 6.9,
            "expected_fidelity": 0.813474019805706,
            "idel_entropy": 0.529275348759811,
            "idle_rate": 0.2054794520547945,
            "qubit_frequency_dict": {
                "18": 5.2753,
                "24": 5.1355
            },
            "readout_frequency_dict": {
                "18": null,
                "24": null
            },
            "readoutError_dict": {
                "18": 3.11,
                "24": 4.81
            },
            "singleQubit_gate_error_dict": {
                "18": 0.6,
                "24": 0.11
            },
            "twoQubits_gate_error_dict": {
                "0": {
                    "twoQubits": [
                        18,
                        24
                    ],
                    "cz_error": 3.45
                },
                "1": {
                    "twoQubits": [
                        18,
                        24
                    ],
                    "cz_error": 3.45
                }
            },
            "t1_dict": {
                "18": 34.8112,
                "24": 20.8094
            },
            "t2_dict": {
                "18": 1.3775,
                "24": 2.0051
            },
            "singleQubit_update_time": "2025-03-21 02:33:29",
            "readout_update_time": "2025-03-26 10:32:03",
            "twoQubitGate_update_time": "2025-03-26 08:28:51",
            "origin_circuit": "RZ Q1 -1.570796325\nX2P Q1\nRZ Q1 1.570796325\nX2M Q1\nCZ Q0 Q1\nX2P Q0\nRZ Q0 3.14159265\nX2M Q0\nRZ Q1 1.570796325\nX2P Q1\nRZ Q1 0.7853981625\nX2M Q1\nCZ Q0 Q1\nRZ Q0 2.7712183476226278\nX2P Q0\nRZ Q0 -2.4596526718808813\nX2M Q0\nRZ Q1 -1.570796325\nX2P Q1\nRZ Q1 1.570796325\nX2M Q1\nM Q1\nM Q0",
            "layout": [
                18,
                24
            ],
            "transpiled_circit": "RZ Q24 -1.570796325\nX2P Q24\nRZ Q24 1.570796325\nX2M Q24\nCZ Q18 Q24\nX2P Q18\nRZ Q18 3.14159265\nX2M Q18\nRZ Q24 1.570796325\nX2P Q24\nRZ Q24 0.7853981625\nX2M Q24\nCZ Q18 Q24\nRZ Q18 2.7712183476226278\nX2P Q18\nRZ Q18 -2.4596526718808813\nX2M Q18\nRZ Q24 -1.570796325\nX2P Q24\nRZ Q24 1.570796325\nX2M Q24\nM Q24\nM Q18"
        }
    }
}