{
    "transpiled_randomCircuit_2qubit_1": {
        "run_config": {
            "machine_time": "tianyan176-2",
            "repeat": 1,
            "shots": 8000,
            "layout": [
                36,
                31
            ],
            "layout_id": 112,
            "expected_fidelity": 0.8405757930243463,
            "real_fidelity": 0.9539634744722666,
            "begin_time": "2025-03-26 10:45:47",
            "end_time": "2025-03-26 10:45:58",
            "cost_time": "11.593574 s"
        },
        "circuit_features": {
            "num_qubits": 2,
            "num_gates": 21,
            "depth": 14,
            "program_communication": 1.0,
            "critical_depth": 1.0,
            "entanglement_ratio": 0.09523809523809523,
            "parallelism": 0.5,
            "liveness": 0.8214285714285714,
            "min_qubit_frequency": 5.4707,
            "max_qubit_frequency": 5.5121,
            "avg_qubit_frequency": 5.4914000000000005,
            "min_readout_frequency": null,
            "max_readout_frequency": null,
            "avg_readout_frequency": null,
            "min_readoutError": 2.04,
            "max_readoutError": 3.26,
            "avg_readoutError": 2.65,
            "min_singleQubit_gate_error": 0.16,
            "max_singleQubit_gate_error": 0.34,
            "avg_singleQubit_gate_error": 0.25,
            "min_twoQubits_gate_error": 3.77,
            "max_twoQubits_gate_error": 3.77,
            "avg_twoQubits_gate_error": 3.77,
            "min_t1": 13.5396,
            "max_t1": 15.0164,
            "avg_t1": 14.278,
            "min_t2": 3.1699,
            "max_t2": 5.3881,
            "avg_t2": 4.279,
            "twoQubits_gate_error_accumulation": 7.54,
            "expected_fidelity": 0.8405757930243463,
            "idel_entropy": 0.529275348759811,
            "idle_rate": 0.2054794520547945,
            "qubit_frequency_dict": {
                "36": 5.4707,
                "31": 5.5121
            },
            "readout_frequency_dict": {
                "36": null,
                "31": null
            },
            "readoutError_dict": {
                "36": 2.04,
                "31": 3.26
            },
            "singleQubit_gate_error_dict": {
                "36": 0.34,
                "31": 0.16
            },
            "twoQubits_gate_error_dict": {
                "0": {
                    "twoQubits": [
                        36,
                        31
                    ],
                    "cz_error": 3.77
                },
                "1": {
                    "twoQubits": [
                        36,
                        31
                    ],
                    "cz_error": 3.77
                }
            },
            "t1_dict": {
                "36": 15.0164,
                "31": 13.5396
            },
            "t2_dict": {
                "36": 3.1699,
                "31": 5.3881
            },
            "singleQubit_update_time": "2025-03-21 02:33:29",
            "readout_update_time": "2025-03-26 10:32:03",
            "twoQubitGate_update_time": "2025-03-26 08:28:51",
            "origin_circuit": "RZ Q1 -1.570796325\nX2P Q1\nRZ Q1 1.570796325\nX2M Q1\nCZ Q0 Q1\nX2P Q0\nRZ Q0 3.14159265\nX2M Q0\nRZ Q1 1.570796325\nX2P Q1\nRZ Q1 0.7853981625\nX2M Q1\nCZ Q0 Q1\nRZ Q0 2.7712183476226278\nX2P Q0\nRZ Q0 -2.4596526718808813\nX2M Q0\nRZ Q1 -1.570796325\nX2P Q1\nRZ Q1 1.570796325\nX2M Q1\nM Q1\nM Q0",
            "layout": [
                36,
                31
            ],
            "transpiled_circit": "RZ Q31 -1.570796325\nX2P Q31\nRZ Q31 1.570796325\nX2M Q31\nCZ Q36 Q31\nX2P Q36\nRZ Q36 3.14159265\nX2M Q36\nRZ Q31 1.570796325\nX2P Q31\nRZ Q31 0.7853981625\nX2M Q31\nCZ Q36 Q31\nRZ Q36 2.7712183476226278\nX2P Q36\nRZ Q36 -2.4596526718808813\nX2M Q36\nRZ Q31 -1.570796325\nX2P Q31\nRZ Q31 1.570796325\nX2M Q31\nM Q31\nM Q36"
        }
    }
}