{
    "transpiled_randomCircuit_2qubit_1": {
        "run_config": {
            "machine_time": "tianyan176-2",
            "repeat": 1,
            "shots": 8000,
            "layout": [
                47,
                40
            ],
            "layout_id": 139,
            "expected_fidelity": 0.8882734369216371,
            "real_fidelity": 0.940870478358921,
            "begin_time": "2025-03-26 10:51:37",
            "end_time": "2025-03-26 10:51:48",
            "cost_time": "11.326305 s"
        },
        "circuit_features": {
            "num_qubits": 2,
            "num_gates": 21,
            "depth": 14,
            "program_communication": 1.0,
            "critical_depth": 1.0,
            "entanglement_ratio": 0.09523809523809523,
            "parallelism": 0.5,
            "liveness": 0.8214285714285714,
            "min_qubit_frequency": 5.4419,
            "max_qubit_frequency": 5.4909,
            "avg_qubit_frequency": 5.4664,
            "min_readout_frequency": null,
            "max_readout_frequency": null,
            "avg_readout_frequency": null,
            "min_readoutError": 2.23,
            "max_readoutError": 2.98,
            "avg_readoutError": 2.605,
            "min_singleQubit_gate_error": 0.15,
            "max_singleQubit_gate_error": 0.24,
            "avg_singleQubit_gate_error": 0.195,
            "min_twoQubits_gate_error": 1.53,
            "max_twoQubits_gate_error": 1.53,
            "avg_twoQubits_gate_error": 1.53,
            "min_t1": 12.1295,
            "max_t1": 15.3278,
            "avg_t1": 13.72865,
            "min_t2": 4.892,
            "max_t2": 6.2453,
            "avg_t2": 5.56865,
            "twoQubits_gate_error_accumulation": 3.06,
            "expected_fidelity": 0.8882734369216371,
            "idel_entropy": 0.529275348759811,
            "idle_rate": 0.2054794520547945,
            "qubit_frequency_dict": {
                "47": 5.4419,
                "40": 5.4909
            },
            "readout_frequency_dict": {
                "47": null,
                "40": null
            },
            "readoutError_dict": {
                "47": 2.98,
                "40": 2.23
            },
            "singleQubit_gate_error_dict": {
                "47": 0.24,
                "40": 0.15
            },
            "twoQubits_gate_error_dict": {
                "0": {
                    "twoQubits": [
                        47,
                        40
                    ],
                    "cz_error": 1.53
                },
                "1": {
                    "twoQubits": [
                        47,
                        40
                    ],
                    "cz_error": 1.53
                }
            },
            "t1_dict": {
                "47": 12.1295,
                "40": 15.3278
            },
            "t2_dict": {
                "47": 6.2453,
                "40": 4.892
            },
            "singleQubit_update_time": "2025-03-21 02:33:29",
            "readout_update_time": "2025-03-26 10:32:03",
            "twoQubitGate_update_time": "2025-03-26 08:28:51",
            "origin_circuit": "RZ Q1 -1.570796325\nX2P Q1\nRZ Q1 1.570796325\nX2M Q1\nCZ Q0 Q1\nX2P Q0\nRZ Q0 3.14159265\nX2M Q0\nRZ Q1 1.570796325\nX2P Q1\nRZ Q1 0.7853981625\nX2M Q1\nCZ Q0 Q1\nRZ Q0 2.7712183476226278\nX2P Q0\nRZ Q0 -2.4596526718808813\nX2M Q0\nRZ Q1 -1.570796325\nX2P Q1\nRZ Q1 1.570796325\nX2M Q1\nM Q1\nM Q0",
            "layout": [
                47,
                40
            ],
            "transpiled_circit": "RZ Q40 -1.570796325\nX2P Q40\nRZ Q40 1.570796325\nX2M Q40\nCZ Q47 Q40\nX2P Q47\nRZ Q47 3.14159265\nX2M Q47\nRZ Q40 1.570796325\nX2P Q40\nRZ Q40 0.7853981625\nX2M Q40\nCZ Q47 Q40\nRZ Q47 2.7712183476226278\nX2P Q47\nRZ Q47 -2.4596526718808813\nX2M Q47\nRZ Q40 -1.570796325\nX2P Q40\nRZ Q40 1.570796325\nX2M Q40\nM Q40\nM Q47"
        }
    }
}