{
    "transpiled_randomCircuit_2qubit_1": {
        "run_config": {
            "machine_time": "tianyan176-2",
            "repeat": 1,
            "shots": 8000,
            "layout": [
                25,
                20
            ],
            "layout_id": 51,
            "expected_fidelity": 0.8687169450825927,
            "real_fidelity": 0.9557754400190425,
            "begin_time": "2025-03-26 10:33:09",
            "end_time": "2025-03-26 10:33:21",
            "cost_time": "11.261221 s"
        },
        "circuit_features": {
            "num_qubits": 2,
            "num_gates": 21,
            "depth": 14,
            "program_communication": 1.0,
            "critical_depth": 1.0,
            "entanglement_ratio": 0.09523809523809523,
            "parallelism": 0.5,
            "liveness": 0.8214285714285714,
            "min_qubit_frequency": 5.3375,
            "max_qubit_frequency": 5.5602,
            "avg_qubit_frequency": 5.44885,
            "min_readout_frequency": null,
            "max_readout_frequency": null,
            "avg_readout_frequency": null,
            "min_readoutError": 1.0,
            "max_readoutError": 2.33,
            "avg_readoutError": 1.665,
            "min_singleQubit_gate_error": 0.15,
            "max_singleQubit_gate_error": 0.29,
            "avg_singleQubit_gate_error": 0.21999999999999997,
            "min_twoQubits_gate_error": 3.38,
            "max_twoQubits_gate_error": 3.38,
            "avg_twoQubits_gate_error": 3.38,
            "min_t1": 8.7069,
            "max_t1": 25.2821,
            "avg_t1": 16.9945,
            "min_t2": 3.3763,
            "max_t2": 4.0429,
            "avg_t2": 3.7096,
            "twoQubits_gate_error_accumulation": 6.76,
            "expected_fidelity": 0.8687169450825927,
            "idel_entropy": 0.529275348759811,
            "idle_rate": 0.2054794520547945,
            "qubit_frequency_dict": {
                "25": 5.5602,
                "20": 5.3375
            },
            "readout_frequency_dict": {
                "25": null,
                "20": null
            },
            "readoutError_dict": {
                "25": 2.33,
                "20": 1.0
            },
            "singleQubit_gate_error_dict": {
                "25": 0.29,
                "20": 0.15
            },
            "twoQubits_gate_error_dict": {
                "0": {
                    "twoQubits": [
                        25,
                        20
                    ],
                    "cz_error": 3.38
                },
                "1": {
                    "twoQubits": [
                        25,
                        20
                    ],
                    "cz_error": 3.38
                }
            },
            "t1_dict": {
                "25": 8.7069,
                "20": 25.2821
            },
            "t2_dict": {
                "25": 4.0429,
                "20": 3.3763
            },
            "singleQubit_update_time": "2025-03-21 02:33:29",
            "readout_update_time": "2025-03-26 10:32:03",
            "twoQubitGate_update_time": "2025-03-26 08:28:51",
            "origin_circuit": "RZ Q1 -1.570796325\nX2P Q1\nRZ Q1 1.570796325\nX2M Q1\nCZ Q0 Q1\nX2P Q0\nRZ Q0 3.14159265\nX2M Q0\nRZ Q1 1.570796325\nX2P Q1\nRZ Q1 0.7853981625\nX2M Q1\nCZ Q0 Q1\nRZ Q0 2.7712183476226278\nX2P Q0\nRZ Q0 -2.4596526718808813\nX2M Q0\nRZ Q1 -1.570796325\nX2P Q1\nRZ Q1 1.570796325\nX2M Q1\nM Q1\nM Q0",
            "layout": [
                25,
                20
            ],
            "transpiled_circit": "RZ Q20 -1.570796325\nX2P Q20\nRZ Q20 1.570796325\nX2M Q20\nCZ Q25 Q20\nX2P Q25\nRZ Q25 3.14159265\nX2M Q25\nRZ Q20 1.570796325\nX2P Q20\nRZ Q20 0.7853981625\nX2M Q20\nCZ Q25 Q20\nRZ Q25 2.7712183476226278\nX2P Q25\nRZ Q25 -2.4596526718808813\nX2M Q25\nRZ Q20 -1.570796325\nX2P Q20\nRZ Q20 1.570796325\nX2M Q20\nM Q20\nM Q25"
        }
    }
}