{
    "transpiled_randomCircuit_2qubit_1": {
        "run_config": {
            "machine_time": "tianyan176-2",
            "repeat": 1,
            "shots": 8000,
            "layout": [
                3,
                10
            ],
            "layout_id": 15,
            "expected_fidelity": 0.8968802693352632,
            "real_fidelity": 0.959938494722406,
            "begin_time": "2025-03-26 10:22:48",
            "end_time": "2025-03-26 10:23:01",
            "cost_time": "13.666815 s"
        },
        "circuit_features": {
            "num_qubits": 2,
            "num_gates": 21,
            "depth": 14,
            "program_communication": 1.0,
            "critical_depth": 1.0,
            "entanglement_ratio": 0.09523809523809523,
            "parallelism": 0.5,
            "liveness": 0.8214285714285714,
            "min_qubit_frequency": 5.4411,
            "max_qubit_frequency": 5.5403,
            "avg_qubit_frequency": 5.4907,
            "min_readout_frequency": null,
            "max_readout_frequency": null,
            "avg_readout_frequency": null,
            "min_readoutError": 1.13,
            "max_readoutError": 3.76,
            "avg_readoutError": 2.445,
            "min_singleQubit_gate_error": 0.16,
            "max_singleQubit_gate_error": 0.23,
            "avg_singleQubit_gate_error": 0.195,
            "min_twoQubits_gate_error": 1.01,
            "max_twoQubits_gate_error": 1.01,
            "avg_twoQubits_gate_error": 1.01,
            "min_t1": 13.582,
            "max_t1": 27.1652,
            "avg_t1": 20.3736,
            "min_t2": 4.873,
            "max_t2": 5.0056,
            "avg_t2": 4.9393,
            "twoQubits_gate_error_accumulation": 2.02,
            "expected_fidelity": 0.8968802693352632,
            "idel_entropy": 0.529275348759811,
            "idle_rate": 0.2054794520547945,
            "qubit_frequency_dict": {
                "3": 5.5403,
                "10": 5.4411
            },
            "readout_frequency_dict": {
                "3": null,
                "10": null
            },
            "readoutError_dict": {
                "3": 1.13,
                "10": 3.76
            },
            "singleQubit_gate_error_dict": {
                "3": 0.16,
                "10": 0.23
            },
            "twoQubits_gate_error_dict": {
                "0": {
                    "twoQubits": [
                        3,
                        10
                    ],
                    "cz_error": 1.01
                },
                "1": {
                    "twoQubits": [
                        3,
                        10
                    ],
                    "cz_error": 1.01
                }
            },
            "t1_dict": {
                "3": 27.1652,
                "10": 13.582
            },
            "t2_dict": {
                "3": 4.873,
                "10": 5.0056
            },
            "singleQubit_update_time": "2025-03-21 02:33:29",
            "readout_update_time": "2025-03-26 10:01:21",
            "twoQubitGate_update_time": "2025-03-26 08:28:51",
            "origin_circuit": "RZ Q1 -1.570796325\nX2P Q1\nRZ Q1 1.570796325\nX2M Q1\nCZ Q0 Q1\nX2P Q0\nRZ Q0 3.14159265\nX2M Q0\nRZ Q1 1.570796325\nX2P Q1\nRZ Q1 0.7853981625\nX2M Q1\nCZ Q0 Q1\nRZ Q0 2.7712183476226278\nX2P Q0\nRZ Q0 -2.4596526718808813\nX2M Q0\nRZ Q1 -1.570796325\nX2P Q1\nRZ Q1 1.570796325\nX2M Q1\nM Q1\nM Q0",
            "layout": [
                3,
                10
            ],
            "transpiled_circit": "RZ Q10 -1.570796325\nX2P Q10\nRZ Q10 1.570796325\nX2M Q10\nCZ Q3 Q10\nX2P Q3\nRZ Q3 3.14159265\nX2M Q3\nRZ Q10 1.570796325\nX2P Q10\nRZ Q10 0.7853981625\nX2M Q10\nCZ Q3 Q10\nRZ Q3 2.7712183476226278\nX2P Q3\nRZ Q3 -2.4596526718808813\nX2M Q3\nRZ Q10 -1.570796325\nX2P Q10\nRZ Q10 1.570796325\nX2M Q10\nM Q10\nM Q3"
        }
    }
}