{
    "transpiled_randomCircuit_2qubit_1": {
        "run_config": {
            "machine_time": "tianyan176-2",
            "repeat": 1,
            "shots": 8000,
            "layout": [
                48,
                42
            ],
            "layout_id": 149,
            "expected_fidelity": 0.8678179113438921,
            "real_fidelity": 0.9661967312542918,
            "begin_time": "2025-03-26 10:53:35",
            "end_time": "2025-03-26 10:53:46",
            "cost_time": "11.379405 s"
        },
        "circuit_features": {
            "num_qubits": 2,
            "num_gates": 21,
            "depth": 14,
            "program_communication": 1.0,
            "critical_depth": 1.0,
            "entanglement_ratio": 0.09523809523809523,
            "parallelism": 0.5,
            "liveness": 0.8214285714285714,
            "min_qubit_frequency": 5.1376,
            "max_qubit_frequency": 5.3702,
            "avg_qubit_frequency": 5.2539,
            "min_readout_frequency": null,
            "max_readout_frequency": null,
            "avg_readout_frequency": null,
            "min_readoutError": 3.1,
            "max_readoutError": 4.31,
            "avg_readoutError": 3.705,
            "min_singleQubit_gate_error": 0.19,
            "max_singleQubit_gate_error": 0.32,
            "avg_singleQubit_gate_error": 0.255,
            "min_twoQubits_gate_error": 0.72,
            "max_twoQubits_gate_error": 0.72,
            "avg_twoQubits_gate_error": 0.72,
            "min_t1": 21.3374,
            "max_t1": 23.2062,
            "avg_t1": 22.2718,
            "min_t2": 2.0195,
            "max_t2": 4.9349,
            "avg_t2": 3.4772,
            "twoQubits_gate_error_accumulation": 1.44,
            "expected_fidelity": 0.8678179113438921,
            "idel_entropy": 0.529275348759811,
            "idle_rate": 0.2054794520547945,
            "qubit_frequency_dict": {
                "48": 5.1376,
                "42": 5.3702
            },
            "readout_frequency_dict": {
                "48": null,
                "42": null
            },
            "readoutError_dict": {
                "48": 4.31,
                "42": 3.1
            },
            "singleQubit_gate_error_dict": {
                "48": 0.19,
                "42": 0.32
            },
            "twoQubits_gate_error_dict": {
                "0": {
                    "twoQubits": [
                        48,
                        42
                    ],
                    "cz_error": 0.72
                },
                "1": {
                    "twoQubits": [
                        48,
                        42
                    ],
                    "cz_error": 0.72
                }
            },
            "t1_dict": {
                "48": 21.3374,
                "42": 23.2062
            },
            "t2_dict": {
                "48": 2.0195,
                "42": 4.9349
            },
            "singleQubit_update_time": "2025-03-21 02:33:29",
            "readout_update_time": "2025-03-26 10:32:03",
            "twoQubitGate_update_time": "2025-03-26 08:28:51",
            "origin_circuit": "RZ Q1 -1.570796325\nX2P Q1\nRZ Q1 1.570796325\nX2M Q1\nCZ Q0 Q1\nX2P Q0\nRZ Q0 3.14159265\nX2M Q0\nRZ Q1 1.570796325\nX2P Q1\nRZ Q1 0.7853981625\nX2M Q1\nCZ Q0 Q1\nRZ Q0 2.7712183476226278\nX2P Q0\nRZ Q0 -2.4596526718808813\nX2M Q0\nRZ Q1 -1.570796325\nX2P Q1\nRZ Q1 1.570796325\nX2M Q1\nM Q1\nM Q0",
            "layout": [
                48,
                42
            ],
            "transpiled_circit": "RZ Q42 -1.570796325\nX2P Q42\nRZ Q42 1.570796325\nX2M Q42\nCZ Q48 Q42\nX2P Q48\nRZ Q48 3.14159265\nX2M Q48\nRZ Q42 1.570796325\nX2P Q42\nRZ Q42 0.7853981625\nX2M Q42\nCZ Q48 Q42\nRZ Q48 2.7712183476226278\nX2P Q48\nRZ Q48 -2.4596526718808813\nX2M Q48\nRZ Q42 -1.570796325\nX2P Q42\nRZ Q42 1.570796325\nX2M Q42\nM Q42\nM Q48"
        }
    }
}