{
    "transpiled_randomCircuit_2qubit_1": {
        "run_config": {
            "machine_time": "tianyan176-2",
            "repeat": 1,
            "shots": 8000,
            "layout": [
                52,
                58
            ],
            "layout_id": 166,
            "expected_fidelity": 0.9146840659178064,
            "real_fidelity": 0.9375599648215052,
            "begin_time": "2025-03-26 10:57:11",
            "end_time": "2025-03-26 10:57:24",
            "cost_time": "13.534565 s"
        },
        "circuit_features": {
            "num_qubits": 2,
            "num_gates": 21,
            "depth": 14,
            "program_communication": 1.0,
            "critical_depth": 1.0,
            "entanglement_ratio": 0.09523809523809523,
            "parallelism": 0.5,
            "liveness": 0.8214285714285714,
            "min_qubit_frequency": 5.3182,
            "max_qubit_frequency": 5.4556,
            "avg_qubit_frequency": 5.3869,
            "min_readout_frequency": null,
            "max_readout_frequency": null,
            "avg_readout_frequency": null,
            "min_readoutError": 1.19,
            "max_readoutError": 1.91,
            "avg_readoutError": 1.5499999999999998,
            "min_singleQubit_gate_error": 0.07,
            "max_singleQubit_gate_error": 0.21,
            "avg_singleQubit_gate_error": 0.14,
            "min_twoQubits_gate_error": 1.38,
            "max_twoQubits_gate_error": 1.38,
            "avg_twoQubits_gate_error": 1.38,
            "min_t1": 12.8438,
            "max_t1": 33.7964,
            "avg_t1": 23.3201,
            "min_t2": 3.432,
            "max_t2": 4.6743,
            "avg_t2": 4.05315,
            "twoQubits_gate_error_accumulation": 2.76,
            "expected_fidelity": 0.9146840659178064,
            "idel_entropy": 0.529275348759811,
            "idle_rate": 0.2054794520547945,
            "qubit_frequency_dict": {
                "52": 5.3182,
                "58": 5.4556
            },
            "readout_frequency_dict": {
                "52": null,
                "58": null
            },
            "readoutError_dict": {
                "52": 1.91,
                "58": 1.19
            },
            "singleQubit_gate_error_dict": {
                "52": 0.07,
                "58": 0.21
            },
            "twoQubits_gate_error_dict": {
                "0": {
                    "twoQubits": [
                        52,
                        58
                    ],
                    "cz_error": 1.38
                },
                "1": {
                    "twoQubits": [
                        52,
                        58
                    ],
                    "cz_error": 1.38
                }
            },
            "t1_dict": {
                "52": 33.7964,
                "58": 12.8438
            },
            "t2_dict": {
                "52": 3.432,
                "58": 4.6743
            },
            "singleQubit_update_time": "2025-03-21 02:33:29",
            "readout_update_time": "2025-03-26 10:32:03",
            "twoQubitGate_update_time": "2025-03-26 08:28:51",
            "origin_circuit": "RZ Q1 -1.570796325\nX2P Q1\nRZ Q1 1.570796325\nX2M Q1\nCZ Q0 Q1\nX2P Q0\nRZ Q0 3.14159265\nX2M Q0\nRZ Q1 1.570796325\nX2P Q1\nRZ Q1 0.7853981625\nX2M Q1\nCZ Q0 Q1\nRZ Q0 2.7712183476226278\nX2P Q0\nRZ Q0 -2.4596526718808813\nX2M Q0\nRZ Q1 -1.570796325\nX2P Q1\nRZ Q1 1.570796325\nX2M Q1\nM Q1\nM Q0",
            "layout": [
                52,
                58
            ],
            "transpiled_circit": "RZ Q58 -1.570796325\nX2P Q58\nRZ Q58 1.570796325\nX2M Q58\nCZ Q52 Q58\nX2P Q52\nRZ Q52 3.14159265\nX2M Q52\nRZ Q58 1.570796325\nX2P Q58\nRZ Q58 0.7853981625\nX2M Q58\nCZ Q52 Q58\nRZ Q52 2.7712183476226278\nX2P Q52\nRZ Q52 -2.4596526718808813\nX2M Q52\nRZ Q58 -1.570796325\nX2P Q58\nRZ Q58 1.570796325\nX2M Q58\nM Q58\nM Q52"
        }
    }
}