{
    "transpiled_randomCircuit_2qubit_1": {
        "run_config": {
            "machine_time": "tianyan176-2",
            "repeat": 1,
            "shots": 8000,
            "layout": [
                51,
                46
            ],
            "layout_id": 161,
            "expected_fidelity": 0.8384319750529593,
            "real_fidelity": 0.9629043066308971,
            "begin_time": "2025-03-26 10:56:06",
            "end_time": "2025-03-26 10:56:19",
            "cost_time": "13.437049 s"
        },
        "circuit_features": {
            "num_qubits": 2,
            "num_gates": 21,
            "depth": 14,
            "program_communication": 1.0,
            "critical_depth": 1.0,
            "entanglement_ratio": 0.09523809523809523,
            "parallelism": 0.5,
            "liveness": 0.8214285714285714,
            "min_qubit_frequency": 5.0382,
            "max_qubit_frequency": 5.3877,
            "avg_qubit_frequency": 5.212949999999999,
            "min_readout_frequency": null,
            "max_readout_frequency": null,
            "avg_readout_frequency": null,
            "min_readoutError": 1.08,
            "max_readoutError": 7.35,
            "avg_readoutError": 4.215,
            "min_singleQubit_gate_error": 0.14,
            "max_singleQubit_gate_error": 0.17,
            "avg_singleQubit_gate_error": 0.15500000000000003,
            "min_twoQubits_gate_error": 2.97,
            "max_twoQubits_gate_error": 2.97,
            "avg_twoQubits_gate_error": 2.97,
            "min_t1": 22.2597,
            "max_t1": 28.9975,
            "avg_t1": 25.6286,
            "min_t2": 1.9999,
            "max_t2": 3.7232,
            "avg_t2": 2.86155,
            "twoQubits_gate_error_accumulation": 5.94,
            "expected_fidelity": 0.8384319750529593,
            "idel_entropy": 0.529275348759811,
            "idle_rate": 0.2054794520547945,
            "qubit_frequency_dict": {
                "51": 5.3877,
                "46": 5.0382
            },
            "readout_frequency_dict": {
                "51": null,
                "46": null
            },
            "readoutError_dict": {
                "51": 1.08,
                "46": 7.35
            },
            "singleQubit_gate_error_dict": {
                "51": 0.17,
                "46": 0.14
            },
            "twoQubits_gate_error_dict": {
                "0": {
                    "twoQubits": [
                        51,
                        46
                    ],
                    "cz_error": 2.97
                },
                "1": {
                    "twoQubits": [
                        51,
                        46
                    ],
                    "cz_error": 2.97
                }
            },
            "t1_dict": {
                "51": 28.9975,
                "46": 22.2597
            },
            "t2_dict": {
                "51": 3.7232,
                "46": 1.9999
            },
            "singleQubit_update_time": "2025-03-21 02:33:29",
            "readout_update_time": "2025-03-26 10:32:03",
            "twoQubitGate_update_time": "2025-03-26 08:28:51",
            "origin_circuit": "RZ Q1 -1.570796325\nX2P Q1\nRZ Q1 1.570796325\nX2M Q1\nCZ Q0 Q1\nX2P Q0\nRZ Q0 3.14159265\nX2M Q0\nRZ Q1 1.570796325\nX2P Q1\nRZ Q1 0.7853981625\nX2M Q1\nCZ Q0 Q1\nRZ Q0 2.7712183476226278\nX2P Q0\nRZ Q0 -2.4596526718808813\nX2M Q0\nRZ Q1 -1.570796325\nX2P Q1\nRZ Q1 1.570796325\nX2M Q1\nM Q1\nM Q0",
            "layout": [
                51,
                46
            ],
            "transpiled_circit": "RZ Q46 -1.570796325\nX2P Q46\nRZ Q46 1.570796325\nX2M Q46\nCZ Q51 Q46\nX2P Q51\nRZ Q51 3.14159265\nX2M Q51\nRZ Q46 1.570796325\nX2P Q46\nRZ Q46 0.7853981625\nX2M Q46\nCZ Q51 Q46\nRZ Q51 2.7712183476226278\nX2P Q51\nRZ Q51 -2.4596526718808813\nX2M Q51\nRZ Q46 -1.570796325\nX2P Q46\nRZ Q46 1.570796325\nX2M Q46\nM Q46\nM Q51"
        }
    }
}