{
    "transpiled_randomCircuit_2qubit_1": {
        "run_config": {
            "machine_time": "tianyan176-2",
            "repeat": 1,
            "shots": 8000,
            "layout": [
                58,
                64
            ],
            "layout_id": 174,
            "expected_fidelity": 0.7782948514610252,
            "real_fidelity": 0.7491180144908782,
            "begin_time": "2025-03-26 10:58:56",
            "end_time": "2025-03-26 10:59:08",
            "cost_time": "11.499702 s"
        },
        "circuit_features": {
            "num_qubits": 2,
            "num_gates": 21,
            "depth": 14,
            "program_communication": 1.0,
            "critical_depth": 1.0,
            "entanglement_ratio": 0.09523809523809523,
            "parallelism": 0.5,
            "liveness": 0.8214285714285714,
            "min_qubit_frequency": 5.4556,
            "max_qubit_frequency": 5.5197,
            "avg_qubit_frequency": 5.48765,
            "min_readout_frequency": null,
            "max_readout_frequency": null,
            "avg_readout_frequency": null,
            "min_readoutError": 1.19,
            "max_readoutError": 16.09,
            "avg_readoutError": 8.64,
            "min_singleQubit_gate_error": 0.1,
            "max_singleQubit_gate_error": 0.21,
            "avg_singleQubit_gate_error": 0.155,
            "min_twoQubits_gate_error": 1.81,
            "max_twoQubits_gate_error": 1.81,
            "avg_twoQubits_gate_error": 1.81,
            "min_t1": 12.8438,
            "max_t1": 18.4159,
            "avg_t1": 15.629850000000001,
            "min_t2": 3.5267,
            "max_t2": 4.6743,
            "avg_t2": 4.1005,
            "twoQubits_gate_error_accumulation": 3.62,
            "expected_fidelity": 0.7782948514610252,
            "idel_entropy": 0.529275348759811,
            "idle_rate": 0.2054794520547945,
            "qubit_frequency_dict": {
                "58": 5.4556,
                "64": 5.5197
            },
            "readout_frequency_dict": {
                "58": null,
                "64": null
            },
            "readoutError_dict": {
                "58": 1.19,
                "64": 16.09
            },
            "singleQubit_gate_error_dict": {
                "58": 0.21,
                "64": 0.1
            },
            "twoQubits_gate_error_dict": {
                "0": {
                    "twoQubits": [
                        58,
                        64
                    ],
                    "cz_error": 1.81
                },
                "1": {
                    "twoQubits": [
                        58,
                        64
                    ],
                    "cz_error": 1.81
                }
            },
            "t1_dict": {
                "58": 12.8438,
                "64": 18.4159
            },
            "t2_dict": {
                "58": 4.6743,
                "64": 3.5267
            },
            "singleQubit_update_time": "2025-03-21 02:33:29",
            "readout_update_time": "2025-03-26 10:32:03",
            "twoQubitGate_update_time": "2025-03-26 08:28:51",
            "origin_circuit": "RZ Q1 -1.570796325\nX2P Q1\nRZ Q1 1.570796325\nX2M Q1\nCZ Q0 Q1\nX2P Q0\nRZ Q0 3.14159265\nX2M Q0\nRZ Q1 1.570796325\nX2P Q1\nRZ Q1 0.7853981625\nX2M Q1\nCZ Q0 Q1\nRZ Q0 2.7712183476226278\nX2P Q0\nRZ Q0 -2.4596526718808813\nX2M Q0\nRZ Q1 -1.570796325\nX2P Q1\nRZ Q1 1.570796325\nX2M Q1\nM Q1\nM Q0",
            "layout": [
                58,
                64
            ],
            "transpiled_circit": "RZ Q64 -1.570796325\nX2P Q64\nRZ Q64 1.570796325\nX2M Q64\nCZ Q58 Q64\nX2P Q58\nRZ Q58 3.14159265\nX2M Q58\nRZ Q64 1.570796325\nX2P Q64\nRZ Q64 0.7853981625\nX2M Q64\nCZ Q58 Q64\nRZ Q58 2.7712183476226278\nX2P Q58\nRZ Q58 -2.4596526718808813\nX2M Q58\nRZ Q64 -1.570796325\nX2P Q64\nRZ Q64 1.570796325\nX2M Q64\nM Q64\nM Q58"
        }
    }
}