{
    "transpiled_randomCircuit_2qubit_1": {
        "run_config": {
            "machine_time": "tianyan176-2",
            "repeat": 1,
            "shots": 8000,
            "layout": [
                21,
                26
            ],
            "layout_id": 22,
            "expected_fidelity": 0.9208189212633597,
            "real_fidelity": 0.9379323404151327,
            "begin_time": "2025-03-26 10:24:53",
            "end_time": "2025-03-26 10:25:05",
            "cost_time": "11.368216 s"
        },
        "circuit_features": {
            "num_qubits": 2,
            "num_gates": 21,
            "depth": 14,
            "program_communication": 1.0,
            "critical_depth": 1.0,
            "entanglement_ratio": 0.09523809523809523,
            "parallelism": 0.5,
            "liveness": 0.8214285714285714,
            "min_qubit_frequency": 5.1414,
            "max_qubit_frequency": 5.2574,
            "avg_qubit_frequency": 5.1994,
            "min_readout_frequency": null,
            "max_readout_frequency": null,
            "avg_readout_frequency": null,
            "min_readoutError": 1.43,
            "max_readoutError": 2.42,
            "avg_readoutError": 1.9249999999999998,
            "min_singleQubit_gate_error": 0.08,
            "max_singleQubit_gate_error": 0.09,
            "avg_singleQubit_gate_error": 0.08499999999999999,
            "min_twoQubits_gate_error": 1.35,
            "max_twoQubits_gate_error": 1.35,
            "avg_twoQubits_gate_error": 1.35,
            "min_t1": 22.856,
            "max_t1": 42.5285,
            "avg_t1": 32.69225,
            "min_t2": 2.3345,
            "max_t2": 2.5943,
            "avg_t2": 2.4644,
            "twoQubits_gate_error_accumulation": 2.7,
            "expected_fidelity": 0.9208189212633597,
            "idel_entropy": 0.529275348759811,
            "idle_rate": 0.2054794520547945,
            "qubit_frequency_dict": {
                "21": 5.1414,
                "26": 5.2574
            },
            "readout_frequency_dict": {
                "21": null,
                "26": null
            },
            "readoutError_dict": {
                "21": 2.42,
                "26": 1.43
            },
            "singleQubit_gate_error_dict": {
                "21": 0.08,
                "26": 0.09
            },
            "twoQubits_gate_error_dict": {
                "0": {
                    "twoQubits": [
                        21,
                        26
                    ],
                    "cz_error": 1.35
                },
                "1": {
                    "twoQubits": [
                        21,
                        26
                    ],
                    "cz_error": 1.35
                }
            },
            "t1_dict": {
                "21": 42.5285,
                "26": 22.856
            },
            "t2_dict": {
                "21": 2.5943,
                "26": 2.3345
            },
            "singleQubit_update_time": "2025-03-21 02:33:29",
            "readout_update_time": "2025-03-26 10:01:21",
            "twoQubitGate_update_time": "2025-03-26 08:28:51",
            "origin_circuit": "RZ Q1 -1.570796325\nX2P Q1\nRZ Q1 1.570796325\nX2M Q1\nCZ Q0 Q1\nX2P Q0\nRZ Q0 3.14159265\nX2M Q0\nRZ Q1 1.570796325\nX2P Q1\nRZ Q1 0.7853981625\nX2M Q1\nCZ Q0 Q1\nRZ Q0 2.7712183476226278\nX2P Q0\nRZ Q0 -2.4596526718808813\nX2M Q0\nRZ Q1 -1.570796325\nX2P Q1\nRZ Q1 1.570796325\nX2M Q1\nM Q1\nM Q0",
            "layout": [
                21,
                26
            ],
            "transpiled_circit": "RZ Q26 -1.570796325\nX2P Q26\nRZ Q26 1.570796325\nX2M Q26\nCZ Q21 Q26\nX2P Q21\nRZ Q21 3.14159265\nX2M Q21\nRZ Q26 1.570796325\nX2P Q26\nRZ Q26 0.7853981625\nX2M Q26\nCZ Q21 Q26\nRZ Q21 2.7712183476226278\nX2P Q21\nRZ Q21 -2.4596526718808813\nX2M Q21\nRZ Q26 -1.570796325\nX2P Q26\nRZ Q26 1.570796325\nX2M Q26\nM Q26\nM Q21"
        }
    }
}