{
    "transpiled_randomCircuit_2qubit_1": {
        "run_config": {
            "machine_time": "tianyan176-2",
            "repeat": 1,
            "shots": 8000,
            "layout": [
                31,
                37
            ],
            "layout_id": 80,
            "expected_fidelity": 0.8827888358500007,
            "real_fidelity": 0.9211134596785315,
            "begin_time": "2025-03-26 10:39:14",
            "end_time": "2025-03-26 10:39:25",
            "cost_time": "11.478681 s"
        },
        "circuit_features": {
            "num_qubits": 2,
            "num_gates": 21,
            "depth": 14,
            "program_communication": 1.0,
            "critical_depth": 1.0,
            "entanglement_ratio": 0.09523809523809523,
            "parallelism": 0.5,
            "liveness": 0.8214285714285714,
            "min_qubit_frequency": 5.1539,
            "max_qubit_frequency": 5.5121,
            "avg_qubit_frequency": 5.333,
            "min_readout_frequency": null,
            "max_readout_frequency": null,
            "avg_readout_frequency": null,
            "min_readoutError": 2.08,
            "max_readoutError": 3.26,
            "avg_readoutError": 2.67,
            "min_singleQubit_gate_error": 0.16,
            "max_singleQubit_gate_error": 0.22,
            "avg_singleQubit_gate_error": 0.19,
            "min_twoQubits_gate_error": 1.63,
            "max_twoQubits_gate_error": 1.63,
            "avg_twoQubits_gate_error": 1.63,
            "min_t1": 13.5396,
            "max_t1": 28.0461,
            "avg_t1": 20.79285,
            "min_t2": 1.8098,
            "max_t2": 5.3881,
            "avg_t2": 3.59895,
            "twoQubits_gate_error_accumulation": 3.26,
            "expected_fidelity": 0.8827888358500007,
            "idel_entropy": 0.529275348759811,
            "idle_rate": 0.2054794520547945,
            "qubit_frequency_dict": {
                "31": 5.5121,
                "37": 5.1539
            },
            "readout_frequency_dict": {
                "31": null,
                "37": null
            },
            "readoutError_dict": {
                "31": 3.26,
                "37": 2.08
            },
            "singleQubit_gate_error_dict": {
                "31": 0.16,
                "37": 0.22
            },
            "twoQubits_gate_error_dict": {
                "0": {
                    "twoQubits": [
                        31,
                        37
                    ],
                    "cz_error": 1.63
                },
                "1": {
                    "twoQubits": [
                        31,
                        37
                    ],
                    "cz_error": 1.63
                }
            },
            "t1_dict": {
                "31": 13.5396,
                "37": 28.0461
            },
            "t2_dict": {
                "31": 5.3881,
                "37": 1.8098
            },
            "singleQubit_update_time": "2025-03-21 02:33:29",
            "readout_update_time": "2025-03-26 10:32:03",
            "twoQubitGate_update_time": "2025-03-26 08:28:51",
            "origin_circuit": "RZ Q1 -1.570796325\nX2P Q1\nRZ Q1 1.570796325\nX2M Q1\nCZ Q0 Q1\nX2P Q0\nRZ Q0 3.14159265\nX2M Q0\nRZ Q1 1.570796325\nX2P Q1\nRZ Q1 0.7853981625\nX2M Q1\nCZ Q0 Q1\nRZ Q0 2.7712183476226278\nX2P Q0\nRZ Q0 -2.4596526718808813\nX2M Q0\nRZ Q1 -1.570796325\nX2P Q1\nRZ Q1 1.570796325\nX2M Q1\nM Q1\nM Q0",
            "layout": [
                31,
                37
            ],
            "transpiled_circit": "RZ Q37 -1.570796325\nX2P Q37\nRZ Q37 1.570796325\nX2M Q37\nCZ Q31 Q37\nX2P Q31\nRZ Q31 3.14159265\nX2M Q31\nRZ Q37 1.570796325\nX2P Q37\nRZ Q37 0.7853981625\nX2M Q37\nCZ Q31 Q37\nRZ Q31 2.7712183476226278\nX2P Q31\nRZ Q31 -2.4596526718808813\nX2M Q31\nRZ Q37 -1.570796325\nX2P Q37\nRZ Q37 1.570796325\nX2M Q37\nM Q37\nM Q31"
        }
    }
}