{
    "transpiled_randomCircuit_2qubit_1": {
        "run_config": {
            "machine_time": "tianyan176-2",
            "repeat": 1,
            "shots": 8000,
            "layout": [
                34,
                28
            ],
            "layout_id": 76,
            "expected_fidelity": 0.6551988529380028,
            "real_fidelity": 0.8721080082761223,
            "begin_time": "2025-03-26 10:38:26",
            "end_time": "2025-03-26 10:38:38",
            "cost_time": "11.405953 s"
        },
        "circuit_features": {
            "num_qubits": 2,
            "num_gates": 21,
            "depth": 14,
            "program_communication": 1.0,
            "critical_depth": 1.0,
            "entanglement_ratio": 0.09523809523809523,
            "parallelism": 0.5,
            "liveness": 0.8214285714285714,
            "min_qubit_frequency": 5.0471,
            "max_qubit_frequency": 5.2429,
            "avg_qubit_frequency": 5.145,
            "min_readout_frequency": null,
            "max_readout_frequency": null,
            "avg_readout_frequency": null,
            "min_readoutError": 12.08,
            "max_readoutError": 17.76,
            "avg_readoutError": 14.920000000000002,
            "min_singleQubit_gate_error": 0.12,
            "max_singleQubit_gate_error": 0.29,
            "avg_singleQubit_gate_error": 0.205,
            "min_twoQubits_gate_error": 3.14,
            "max_twoQubits_gate_error": 3.14,
            "avg_twoQubits_gate_error": 3.14,
            "min_t1": 18.4965,
            "max_t1": 39.9207,
            "avg_t1": 29.208599999999997,
            "min_t2": 0.9374,
            "max_t2": 2.2739,
            "avg_t2": 1.6056499999999998,
            "twoQubits_gate_error_accumulation": 6.28,
            "expected_fidelity": 0.6551988529380028,
            "idel_entropy": 0.529275348759811,
            "idle_rate": 0.2054794520547945,
            "qubit_frequency_dict": {
                "34": 5.0471,
                "28": 5.2429
            },
            "readout_frequency_dict": {
                "34": null,
                "28": null
            },
            "readoutError_dict": {
                "34": 17.76,
                "28": 12.08
            },
            "singleQubit_gate_error_dict": {
                "34": 0.29,
                "28": 0.12
            },
            "twoQubits_gate_error_dict": {
                "0": {
                    "twoQubits": [
                        34,
                        28
                    ],
                    "cz_error": 3.14
                },
                "1": {
                    "twoQubits": [
                        34,
                        28
                    ],
                    "cz_error": 3.14
                }
            },
            "t1_dict": {
                "34": 18.4965,
                "28": 39.9207
            },
            "t2_dict": {
                "34": 0.9374,
                "28": 2.2739
            },
            "singleQubit_update_time": "2025-03-21 02:33:29",
            "readout_update_time": "2025-03-26 10:32:03",
            "twoQubitGate_update_time": "2025-03-26 08:28:51",
            "origin_circuit": "RZ Q1 -1.570796325\nX2P Q1\nRZ Q1 1.570796325\nX2M Q1\nCZ Q0 Q1\nX2P Q0\nRZ Q0 3.14159265\nX2M Q0\nRZ Q1 1.570796325\nX2P Q1\nRZ Q1 0.7853981625\nX2M Q1\nCZ Q0 Q1\nRZ Q0 2.7712183476226278\nX2P Q0\nRZ Q0 -2.4596526718808813\nX2M Q0\nRZ Q1 -1.570796325\nX2P Q1\nRZ Q1 1.570796325\nX2M Q1\nM Q1\nM Q0",
            "layout": [
                34,
                28
            ],
            "transpiled_circit": "RZ Q28 -1.570796325\nX2P Q28\nRZ Q28 1.570796325\nX2M Q28\nCZ Q34 Q28\nX2P Q34\nRZ Q34 3.14159265\nX2M Q34\nRZ Q28 1.570796325\nX2P Q28\nRZ Q28 0.7853981625\nX2M Q28\nCZ Q34 Q28\nRZ Q34 2.7712183476226278\nX2P Q34\nRZ Q34 -2.4596526718808813\nX2M Q34\nRZ Q28 -1.570796325\nX2P Q28\nRZ Q28 1.570796325\nX2M Q28\nM Q28\nM Q34"
        }
    }
}