{
    "transpiled_randomCircuit_2qubit_1": {
        "run_config": {
            "machine_time": "tianyan176-2",
            "repeat": 1,
            "shots": 8000,
            "layout": [
                49,
                43
            ],
            "layout_id": 152,
            "expected_fidelity": 0.9088064689837141,
            "real_fidelity": 0.9694781022125842,
            "begin_time": "2025-03-26 10:54:13",
            "end_time": "2025-03-26 10:54:26",
            "cost_time": "13.688462 s"
        },
        "circuit_features": {
            "num_qubits": 2,
            "num_gates": 21,
            "depth": 14,
            "program_communication": 1.0,
            "critical_depth": 1.0,
            "entanglement_ratio": 0.09523809523809523,
            "parallelism": 0.5,
            "liveness": 0.8214285714285714,
            "min_qubit_frequency": 5.4413,
            "max_qubit_frequency": 5.74,
            "avg_qubit_frequency": 5.59065,
            "min_readout_frequency": null,
            "max_readout_frequency": null,
            "avg_readout_frequency": null,
            "min_readoutError": 1.58,
            "max_readoutError": 1.95,
            "avg_readoutError": 1.7650000000000001,
            "min_singleQubit_gate_error": 0.13,
            "max_singleQubit_gate_error": 0.26,
            "avg_singleQubit_gate_error": 0.195,
            "min_twoQubits_gate_error": 1.3,
            "max_twoQubits_gate_error": 1.3,
            "avg_twoQubits_gate_error": 1.3,
            "min_t1": 6.0438,
            "max_t1": 32.6303,
            "avg_t1": 19.337049999999998,
            "min_t2": 2.4432,
            "max_t2": 3.5214,
            "avg_t2": 2.9823,
            "twoQubits_gate_error_accumulation": 2.6,
            "expected_fidelity": 0.9088064689837141,
            "idel_entropy": 0.529275348759811,
            "idle_rate": 0.2054794520547945,
            "qubit_frequency_dict": {
                "49": 5.74,
                "43": 5.4413
            },
            "readout_frequency_dict": {
                "49": null,
                "43": null
            },
            "readoutError_dict": {
                "49": 1.95,
                "43": 1.58
            },
            "singleQubit_gate_error_dict": {
                "49": 0.26,
                "43": 0.13
            },
            "twoQubits_gate_error_dict": {
                "0": {
                    "twoQubits": [
                        49,
                        43
                    ],
                    "cz_error": 1.3
                },
                "1": {
                    "twoQubits": [
                        49,
                        43
                    ],
                    "cz_error": 1.3
                }
            },
            "t1_dict": {
                "49": 6.0438,
                "43": 32.6303
            },
            "t2_dict": {
                "49": 3.5214,
                "43": 2.4432
            },
            "singleQubit_update_time": "2025-03-21 02:33:29",
            "readout_update_time": "2025-03-26 10:32:03",
            "twoQubitGate_update_time": "2025-03-26 08:28:51",
            "origin_circuit": "RZ Q1 -1.570796325\nX2P Q1\nRZ Q1 1.570796325\nX2M Q1\nCZ Q0 Q1\nX2P Q0\nRZ Q0 3.14159265\nX2M Q0\nRZ Q1 1.570796325\nX2P Q1\nRZ Q1 0.7853981625\nX2M Q1\nCZ Q0 Q1\nRZ Q0 2.7712183476226278\nX2P Q0\nRZ Q0 -2.4596526718808813\nX2M Q0\nRZ Q1 -1.570796325\nX2P Q1\nRZ Q1 1.570796325\nX2M Q1\nM Q1\nM Q0",
            "layout": [
                49,
                43
            ],
            "transpiled_circit": "RZ Q43 -1.570796325\nX2P Q43\nRZ Q43 1.570796325\nX2M Q43\nCZ Q49 Q43\nX2P Q49\nRZ Q49 3.14159265\nX2M Q49\nRZ Q43 1.570796325\nX2P Q43\nRZ Q43 0.7853981625\nX2M Q43\nCZ Q49 Q43\nRZ Q49 2.7712183476226278\nX2P Q49\nRZ Q49 -2.4596526718808813\nX2M Q49\nRZ Q43 -1.570796325\nX2P Q43\nRZ Q43 1.570796325\nX2M Q43\nM Q43\nM Q49"
        }
    }
}