{
    "transpiled_randomCircuit_2qubit_1": {
        "run_config": {
            "machine_time": "tianyan176-2",
            "repeat": 1,
            "shots": 8000,
            "layout": [
                11,
                16
            ],
            "layout_id": 72,
            "expected_fidelity": 0.914415719287567,
            "real_fidelity": 0.9609055299962568,
            "begin_time": "2025-03-26 10:37:34",
            "end_time": "2025-03-26 10:37:46",
            "cost_time": "11.516985 s"
        },
        "circuit_features": {
            "num_qubits": 2,
            "num_gates": 21,
            "depth": 14,
            "program_communication": 1.0,
            "critical_depth": 1.0,
            "entanglement_ratio": 0.09523809523809523,
            "parallelism": 0.5,
            "liveness": 0.8214285714285714,
            "min_qubit_frequency": 5.1519,
            "max_qubit_frequency": 5.5364,
            "avg_qubit_frequency": 5.344150000000001,
            "min_readout_frequency": null,
            "max_readout_frequency": null,
            "avg_readout_frequency": null,
            "min_readoutError": 2.24,
            "max_readoutError": 2.68,
            "avg_readoutError": 2.46,
            "min_singleQubit_gate_error": 0.15,
            "max_singleQubit_gate_error": 0.16,
            "avg_singleQubit_gate_error": 0.155,
            "min_twoQubits_gate_error": 0.52,
            "max_twoQubits_gate_error": 0.52,
            "avg_twoQubits_gate_error": 0.52,
            "min_t1": 14.1199,
            "max_t1": 21.0104,
            "avg_t1": 17.56515,
            "min_t2": 1.9735,
            "max_t2": 6.1576,
            "avg_t2": 4.06555,
            "twoQubits_gate_error_accumulation": 1.04,
            "expected_fidelity": 0.914415719287567,
            "idel_entropy": 0.529275348759811,
            "idle_rate": 0.2054794520547945,
            "qubit_frequency_dict": {
                "11": 5.5364,
                "16": 5.1519
            },
            "readout_frequency_dict": {
                "11": null,
                "16": null
            },
            "readoutError_dict": {
                "11": 2.24,
                "16": 2.68
            },
            "singleQubit_gate_error_dict": {
                "11": 0.16,
                "16": 0.15
            },
            "twoQubits_gate_error_dict": {
                "0": {
                    "twoQubits": [
                        11,
                        16
                    ],
                    "cz_error": 0.52
                },
                "1": {
                    "twoQubits": [
                        11,
                        16
                    ],
                    "cz_error": 0.52
                }
            },
            "t1_dict": {
                "11": 14.1199,
                "16": 21.0104
            },
            "t2_dict": {
                "11": 6.1576,
                "16": 1.9735
            },
            "singleQubit_update_time": "2025-03-21 02:33:29",
            "readout_update_time": "2025-03-26 10:32:03",
            "twoQubitGate_update_time": "2025-03-26 08:28:51",
            "origin_circuit": "RZ Q1 -1.570796325\nX2P Q1\nRZ Q1 1.570796325\nX2M Q1\nCZ Q0 Q1\nX2P Q0\nRZ Q0 3.14159265\nX2M Q0\nRZ Q1 1.570796325\nX2P Q1\nRZ Q1 0.7853981625\nX2M Q1\nCZ Q0 Q1\nRZ Q0 2.7712183476226278\nX2P Q0\nRZ Q0 -2.4596526718808813\nX2M Q0\nRZ Q1 -1.570796325\nX2P Q1\nRZ Q1 1.570796325\nX2M Q1\nM Q1\nM Q0",
            "layout": [
                11,
                16
            ],
            "transpiled_circit": "RZ Q16 -1.570796325\nX2P Q16\nRZ Q16 1.570796325\nX2M Q16\nCZ Q11 Q16\nX2P Q11\nRZ Q11 3.14159265\nX2M Q11\nRZ Q16 1.570796325\nX2P Q16\nRZ Q16 0.7853981625\nX2M Q16\nCZ Q11 Q16\nRZ Q11 2.7712183476226278\nX2P Q11\nRZ Q11 -2.4596526718808813\nX2M Q11\nRZ Q16 -1.570796325\nX2P Q16\nRZ Q16 1.570796325\nX2M Q16\nM Q16\nM Q11"
        }
    }
}