{
    "transpiled_randomCircuit_2qubit_1": {
        "run_config": {
            "machine_time": "tianyan176-2",
            "repeat": 1,
            "shots": 8000,
            "layout": [
                3,
                9
            ],
            "layout_id": 14,
            "expected_fidelity": 0.7832843375602928,
            "real_fidelity": 0.9014758445998445,
            "begin_time": "2025-03-26 10:22:34",
            "end_time": "2025-03-26 10:22:47",
            "cost_time": "13.566364 s"
        },
        "circuit_features": {
            "num_qubits": 2,
            "num_gates": 21,
            "depth": 14,
            "program_communication": 1.0,
            "critical_depth": 1.0,
            "entanglement_ratio": 0.09523809523809523,
            "parallelism": 0.5,
            "liveness": 0.8214285714285714,
            "min_qubit_frequency": 5.1692,
            "max_qubit_frequency": 5.5403,
            "avg_qubit_frequency": 5.35475,
            "min_readout_frequency": null,
            "max_readout_frequency": null,
            "avg_readout_frequency": null,
            "min_readoutError": 1.13,
            "max_readoutError": 10.95,
            "avg_readoutError": 6.039999999999999,
            "min_singleQubit_gate_error": 0.11,
            "max_singleQubit_gate_error": 0.16,
            "avg_singleQubit_gate_error": 0.135,
            "min_twoQubits_gate_error": 4.52,
            "max_twoQubits_gate_error": 4.52,
            "avg_twoQubits_gate_error": 4.52,
            "min_t1": 27.1652,
            "max_t1": 27.6064,
            "avg_t1": 27.3858,
            "min_t2": 2.2101,
            "max_t2": 4.873,
            "avg_t2": 3.54155,
            "twoQubits_gate_error_accumulation": 9.04,
            "expected_fidelity": 0.7832843375602928,
            "idel_entropy": 0.529275348759811,
            "idle_rate": 0.2054794520547945,
            "qubit_frequency_dict": {
                "3": 5.5403,
                "9": 5.1692
            },
            "readout_frequency_dict": {
                "3": null,
                "9": null
            },
            "readoutError_dict": {
                "3": 1.13,
                "9": 10.95
            },
            "singleQubit_gate_error_dict": {
                "3": 0.16,
                "9": 0.11
            },
            "twoQubits_gate_error_dict": {
                "0": {
                    "twoQubits": [
                        3,
                        9
                    ],
                    "cz_error": 4.52
                },
                "1": {
                    "twoQubits": [
                        3,
                        9
                    ],
                    "cz_error": 4.52
                }
            },
            "t1_dict": {
                "3": 27.1652,
                "9": 27.6064
            },
            "t2_dict": {
                "3": 4.873,
                "9": 2.2101
            },
            "singleQubit_update_time": "2025-03-21 02:33:29",
            "readout_update_time": "2025-03-26 10:01:21",
            "twoQubitGate_update_time": "2025-03-26 08:28:51",
            "origin_circuit": "RZ Q1 -1.570796325\nX2P Q1\nRZ Q1 1.570796325\nX2M Q1\nCZ Q0 Q1\nX2P Q0\nRZ Q0 3.14159265\nX2M Q0\nRZ Q1 1.570796325\nX2P Q1\nRZ Q1 0.7853981625\nX2M Q1\nCZ Q0 Q1\nRZ Q0 2.7712183476226278\nX2P Q0\nRZ Q0 -2.4596526718808813\nX2M Q0\nRZ Q1 -1.570796325\nX2P Q1\nRZ Q1 1.570796325\nX2M Q1\nM Q1\nM Q0",
            "layout": [
                3,
                9
            ],
            "transpiled_circit": "RZ Q9 -1.570796325\nX2P Q9\nRZ Q9 1.570796325\nX2M Q9\nCZ Q3 Q9\nX2P Q3\nRZ Q3 3.14159265\nX2M Q3\nRZ Q9 1.570796325\nX2P Q9\nRZ Q9 0.7853981625\nX2M Q9\nCZ Q3 Q9\nRZ Q3 2.7712183476226278\nX2P Q3\nRZ Q3 -2.4596526718808813\nX2M Q3\nRZ Q9 -1.570796325\nX2P Q9\nRZ Q9 1.570796325\nX2M Q9\nM Q9\nM Q3"
        }
    }
}