{
    "transpiled_randomCircuit_2qubit_1": {
        "run_config": {
            "machine_time": "tianyan176-2",
            "repeat": 1,
            "shots": 8000,
            "layout": [
                41,
                35
            ],
            "layout_id": 119,
            "expected_fidelity": 0.8111046323035392,
            "real_fidelity": 0.9460742510794365,
            "begin_time": "2025-03-26 10:47:12",
            "end_time": "2025-03-26 10:47:23",
            "cost_time": "11.298931 s"
        },
        "circuit_features": {
            "num_qubits": 2,
            "num_gates": 21,
            "depth": 14,
            "program_communication": 1.0,
            "critical_depth": 1.0,
            "entanglement_ratio": 0.09523809523809523,
            "parallelism": 0.5,
            "liveness": 0.8214285714285714,
            "min_qubit_frequency": 5.3315,
            "max_qubit_frequency": 5.624,
            "avg_qubit_frequency": 5.47775,
            "min_readout_frequency": null,
            "max_readout_frequency": null,
            "avg_readout_frequency": null,
            "min_readoutError": 5.01,
            "max_readoutError": 6.41,
            "avg_readoutError": 5.71,
            "min_singleQubit_gate_error": 0.08,
            "max_singleQubit_gate_error": 0.22,
            "avg_singleQubit_gate_error": 0.15,
            "min_twoQubits_gate_error": 2.94,
            "max_twoQubits_gate_error": 2.94,
            "avg_twoQubits_gate_error": 2.94,
            "min_t1": 6.5598,
            "max_t1": 43.9429,
            "avg_t1": 25.251350000000002,
            "min_t2": 4.1847,
            "max_t2": 4.6886,
            "avg_t2": 4.43665,
            "twoQubits_gate_error_accumulation": 5.88,
            "expected_fidelity": 0.8111046323035392,
            "idel_entropy": 0.529275348759811,
            "idle_rate": 0.2054794520547945,
            "qubit_frequency_dict": {
                "41": 5.3315,
                "35": 5.624
            },
            "readout_frequency_dict": {
                "41": null,
                "35": null
            },
            "readoutError_dict": {
                "41": 5.01,
                "35": 6.41
            },
            "singleQubit_gate_error_dict": {
                "41": 0.08,
                "35": 0.22
            },
            "twoQubits_gate_error_dict": {
                "0": {
                    "twoQubits": [
                        41,
                        35
                    ],
                    "cz_error": 2.94
                },
                "1": {
                    "twoQubits": [
                        41,
                        35
                    ],
                    "cz_error": 2.94
                }
            },
            "t1_dict": {
                "41": 43.9429,
                "35": 6.5598
            },
            "t2_dict": {
                "41": 4.6886,
                "35": 4.1847
            },
            "singleQubit_update_time": "2025-03-21 02:33:29",
            "readout_update_time": "2025-03-26 10:32:03",
            "twoQubitGate_update_time": "2025-03-26 08:28:51",
            "origin_circuit": "RZ Q1 -1.570796325\nX2P Q1\nRZ Q1 1.570796325\nX2M Q1\nCZ Q0 Q1\nX2P Q0\nRZ Q0 3.14159265\nX2M Q0\nRZ Q1 1.570796325\nX2P Q1\nRZ Q1 0.7853981625\nX2M Q1\nCZ Q0 Q1\nRZ Q0 2.7712183476226278\nX2P Q0\nRZ Q0 -2.4596526718808813\nX2M Q0\nRZ Q1 -1.570796325\nX2P Q1\nRZ Q1 1.570796325\nX2M Q1\nM Q1\nM Q0",
            "layout": [
                41,
                35
            ],
            "transpiled_circit": "RZ Q35 -1.570796325\nX2P Q35\nRZ Q35 1.570796325\nX2M Q35\nCZ Q41 Q35\nX2P Q41\nRZ Q41 3.14159265\nX2M Q41\nRZ Q35 1.570796325\nX2P Q35\nRZ Q35 0.7853981625\nX2M Q35\nCZ Q41 Q35\nRZ Q41 2.7712183476226278\nX2P Q41\nRZ Q41 -2.4596526718808813\nX2M Q41\nRZ Q35 -1.570796325\nX2P Q35\nRZ Q35 1.570796325\nX2M Q35\nM Q35\nM Q41"
        }
    }
}