{
    "transpiled_randomCircuit_2qubit_1": {
        "run_config": {
            "machine_time": "tianyan176-2",
            "repeat": 1,
            "shots": 8000,
            "layout": [
                24,
                19
            ],
            "layout_id": 91,
            "expected_fidelity": 0.8369427862792094,
            "real_fidelity": 0.8797671278161248,
            "begin_time": "2025-03-26 10:41:30",
            "end_time": "2025-03-26 10:41:42",
            "cost_time": "11.33077 s"
        },
        "circuit_features": {
            "num_qubits": 2,
            "num_gates": 21,
            "depth": 14,
            "program_communication": 1.0,
            "critical_depth": 1.0,
            "entanglement_ratio": 0.09523809523809523,
            "parallelism": 0.5,
            "liveness": 0.8214285714285714,
            "min_qubit_frequency": 5.1355,
            "max_qubit_frequency": 5.4547,
            "avg_qubit_frequency": 5.2951,
            "min_readout_frequency": null,
            "max_readout_frequency": null,
            "avg_readout_frequency": null,
            "min_readoutError": 1.29,
            "max_readoutError": 4.81,
            "avg_readoutError": 3.05,
            "min_singleQubit_gate_error": 0.11,
            "max_singleQubit_gate_error": 0.39,
            "avg_singleQubit_gate_error": 0.25,
            "min_twoQubits_gate_error": 3.01,
            "max_twoQubits_gate_error": 3.01,
            "avg_twoQubits_gate_error": 3.01,
            "min_t1": 20.8094,
            "max_t1": 33.3492,
            "avg_t1": 27.079300000000003,
            "min_t2": 2.0051,
            "max_t2": 3.4857,
            "avg_t2": 2.7454,
            "twoQubits_gate_error_accumulation": 6.02,
            "expected_fidelity": 0.8369427862792094,
            "idel_entropy": 0.529275348759811,
            "idle_rate": 0.2054794520547945,
            "qubit_frequency_dict": {
                "24": 5.1355,
                "19": 5.4547
            },
            "readout_frequency_dict": {
                "24": null,
                "19": null
            },
            "readoutError_dict": {
                "24": 4.81,
                "19": 1.29
            },
            "singleQubit_gate_error_dict": {
                "24": 0.11,
                "19": 0.39
            },
            "twoQubits_gate_error_dict": {
                "0": {
                    "twoQubits": [
                        24,
                        19
                    ],
                    "cz_error": 3.01
                },
                "1": {
                    "twoQubits": [
                        24,
                        19
                    ],
                    "cz_error": 3.01
                }
            },
            "t1_dict": {
                "24": 20.8094,
                "19": 33.3492
            },
            "t2_dict": {
                "24": 2.0051,
                "19": 3.4857
            },
            "singleQubit_update_time": "2025-03-21 02:33:29",
            "readout_update_time": "2025-03-26 10:32:03",
            "twoQubitGate_update_time": "2025-03-26 08:28:51",
            "origin_circuit": "RZ Q1 -1.570796325\nX2P Q1\nRZ Q1 1.570796325\nX2M Q1\nCZ Q0 Q1\nX2P Q0\nRZ Q0 3.14159265\nX2M Q0\nRZ Q1 1.570796325\nX2P Q1\nRZ Q1 0.7853981625\nX2M Q1\nCZ Q0 Q1\nRZ Q0 2.7712183476226278\nX2P Q0\nRZ Q0 -2.4596526718808813\nX2M Q0\nRZ Q1 -1.570796325\nX2P Q1\nRZ Q1 1.570796325\nX2M Q1\nM Q1\nM Q0",
            "layout": [
                24,
                19
            ],
            "transpiled_circit": "RZ Q19 -1.570796325\nX2P Q19\nRZ Q19 1.570796325\nX2M Q19\nCZ Q24 Q19\nX2P Q24\nRZ Q24 3.14159265\nX2M Q24\nRZ Q19 1.570796325\nX2P Q19\nRZ Q19 0.7853981625\nX2M Q19\nCZ Q24 Q19\nRZ Q24 2.7712183476226278\nX2P Q24\nRZ Q24 -2.4596526718808813\nX2M Q24\nRZ Q19 -1.570796325\nX2P Q19\nRZ Q19 1.570796325\nX2M Q19\nM Q19\nM Q24"
        }
    }
}