{
    "transpiled_randomCircuit_2qubit_1": {
        "run_config": {
            "machine_time": "tianyan176-2",
            "repeat": 1,
            "shots": 8000,
            "layout": [
                9,
                2
            ],
            "layout_id": 2,
            "expected_fidelity": 0.7637284345953271,
            "real_fidelity": 0.8926735237321689,
            "begin_time": "2025-03-26 10:20:07",
            "end_time": "2025-03-26 10:20:19",
            "cost_time": "11.493015 s"
        },
        "circuit_features": {
            "num_qubits": 2,
            "num_gates": 21,
            "depth": 14,
            "program_communication": 1.0,
            "critical_depth": 1.0,
            "entanglement_ratio": 0.09523809523809523,
            "parallelism": 0.5,
            "liveness": 0.8214285714285714,
            "min_qubit_frequency": 5.1692,
            "max_qubit_frequency": 5.2174,
            "avg_qubit_frequency": 5.1933,
            "min_readout_frequency": null,
            "max_readout_frequency": null,
            "avg_readout_frequency": null,
            "min_readoutError": 2.12,
            "max_readoutError": 10.95,
            "avg_readoutError": 6.535,
            "min_singleQubit_gate_error": 0.11,
            "max_singleQubit_gate_error": 0.48,
            "avg_singleQubit_gate_error": 0.295,
            "min_twoQubits_gate_error": 3.28,
            "max_twoQubits_gate_error": 3.28,
            "avg_twoQubits_gate_error": 3.28,
            "min_t1": 24.9775,
            "max_t1": 27.6064,
            "avg_t1": 26.29195,
            "min_t2": 2.0827,
            "max_t2": 2.2101,
            "avg_t2": 2.1464,
            "twoQubits_gate_error_accumulation": 6.56,
            "expected_fidelity": 0.7637284345953271,
            "idel_entropy": 0.529275348759811,
            "idle_rate": 0.2054794520547945,
            "qubit_frequency_dict": {
                "9": 5.1692,
                "2": 5.2174
            },
            "readout_frequency_dict": {
                "9": null,
                "2": null
            },
            "readoutError_dict": {
                "9": 10.95,
                "2": 2.12
            },
            "singleQubit_gate_error_dict": {
                "9": 0.11,
                "2": 0.48
            },
            "twoQubits_gate_error_dict": {
                "0": {
                    "twoQubits": [
                        9,
                        2
                    ],
                    "cz_error": 3.28
                },
                "1": {
                    "twoQubits": [
                        9,
                        2
                    ],
                    "cz_error": 3.28
                }
            },
            "t1_dict": {
                "9": 27.6064,
                "2": 24.9775
            },
            "t2_dict": {
                "9": 2.2101,
                "2": 2.0827
            },
            "singleQubit_update_time": "2025-03-21 02:33:29",
            "readout_update_time": "2025-03-26 10:01:21",
            "twoQubitGate_update_time": "2025-03-26 08:28:51",
            "origin_circuit": "RZ Q1 -1.570796325\nX2P Q1\nRZ Q1 1.570796325\nX2M Q1\nCZ Q0 Q1\nX2P Q0\nRZ Q0 3.14159265\nX2M Q0\nRZ Q1 1.570796325\nX2P Q1\nRZ Q1 0.7853981625\nX2M Q1\nCZ Q0 Q1\nRZ Q0 2.7712183476226278\nX2P Q0\nRZ Q0 -2.4596526718808813\nX2M Q0\nRZ Q1 -1.570796325\nX2P Q1\nRZ Q1 1.570796325\nX2M Q1\nM Q1\nM Q0",
            "layout": [
                9,
                2
            ],
            "transpiled_circit": "RZ Q2 -1.570796325\nX2P Q2\nRZ Q2 1.570796325\nX2M Q2\nCZ Q9 Q2\nX2P Q9\nRZ Q9 3.14159265\nX2M Q9\nRZ Q2 1.570796325\nX2P Q2\nRZ Q2 0.7853981625\nX2M Q2\nCZ Q9 Q2\nRZ Q9 2.7712183476226278\nX2P Q9\nRZ Q9 -2.4596526718808813\nX2M Q9\nRZ Q2 -1.570796325\nX2P Q2\nRZ Q2 1.570796325\nX2M Q2\nM Q2\nM Q9"
        }
    }
}