{
    "transpiled_randomCircuit_2qubit_1": {
        "run_config": {
            "machine_time": "tianyan176-2",
            "repeat": 1,
            "shots": 8000,
            "layout": [
                60,
                54
            ],
            "layout_id": 186,
            "expected_fidelity": 0.6566124417787638,
            "real_fidelity": 0.9023881189734824,
            "begin_time": "2025-03-26 11:03:01",
            "end_time": "2025-03-26 11:03:12",
            "cost_time": "11.442794 s"
        },
        "circuit_features": {
            "num_qubits": 2,
            "num_gates": 21,
            "depth": 14,
            "program_communication": 1.0,
            "critical_depth": 1.0,
            "entanglement_ratio": 0.09523809523809523,
            "parallelism": 0.5,
            "liveness": 0.8214285714285714,
            "min_qubit_frequency": 5.058,
            "max_qubit_frequency": 5.3503,
            "avg_qubit_frequency": 5.20415,
            "min_readout_frequency": null,
            "max_readout_frequency": null,
            "avg_readout_frequency": null,
            "min_readoutError": 2.63,
            "max_readoutError": 26.27,
            "avg_readoutError": 14.45,
            "min_singleQubit_gate_error": 0.18,
            "max_singleQubit_gate_error": 0.33,
            "avg_singleQubit_gate_error": 0.255,
            "min_twoQubits_gate_error": 2.2,
            "max_twoQubits_gate_error": 2.2,
            "avg_twoQubits_gate_error": 2.2,
            "min_t1": 22.0289,
            "max_t1": 28.7803,
            "avg_t1": 25.404600000000002,
            "min_t2": 1.0635,
            "max_t2": 4.3417,
            "avg_t2": 2.7026000000000003,
            "twoQubits_gate_error_accumulation": 4.4,
            "expected_fidelity": 0.6566124417787638,
            "idel_entropy": 0.529275348759811,
            "idle_rate": 0.2054794520547945,
            "qubit_frequency_dict": {
                "60": 5.058,
                "54": 5.3503
            },
            "readout_frequency_dict": {
                "60": null,
                "54": null
            },
            "readoutError_dict": {
                "60": 26.27,
                "54": 2.63
            },
            "singleQubit_gate_error_dict": {
                "60": 0.33,
                "54": 0.18
            },
            "twoQubits_gate_error_dict": {
                "0": {
                    "twoQubits": [
                        60,
                        54
                    ],
                    "cz_error": 2.2
                },
                "1": {
                    "twoQubits": [
                        60,
                        54
                    ],
                    "cz_error": 2.2
                }
            },
            "t1_dict": {
                "60": 22.0289,
                "54": 28.7803
            },
            "t2_dict": {
                "60": 1.0635,
                "54": 4.3417
            },
            "singleQubit_update_time": "2025-03-21 02:33:29",
            "readout_update_time": "2025-03-26 11:01:19",
            "twoQubitGate_update_time": "2025-03-26 08:28:51",
            "origin_circuit": "RZ Q1 -1.570796325\nX2P Q1\nRZ Q1 1.570796325\nX2M Q1\nCZ Q0 Q1\nX2P Q0\nRZ Q0 3.14159265\nX2M Q0\nRZ Q1 1.570796325\nX2P Q1\nRZ Q1 0.7853981625\nX2M Q1\nCZ Q0 Q1\nRZ Q0 2.7712183476226278\nX2P Q0\nRZ Q0 -2.4596526718808813\nX2M Q0\nRZ Q1 -1.570796325\nX2P Q1\nRZ Q1 1.570796325\nX2M Q1\nM Q1\nM Q0",
            "layout": [
                60,
                54
            ],
            "transpiled_circit": "RZ Q54 -1.570796325\nX2P Q54\nRZ Q54 1.570796325\nX2M Q54\nCZ Q60 Q54\nX2P Q60\nRZ Q60 3.14159265\nX2M Q60\nRZ Q54 1.570796325\nX2P Q54\nRZ Q54 0.7853981625\nX2M Q54\nCZ Q60 Q54\nRZ Q60 2.7712183476226278\nX2P Q60\nRZ Q60 -2.4596526718808813\nX2M Q60\nRZ Q54 -1.570796325\nX2P Q54\nRZ Q54 1.570796325\nX2M Q54\nM Q54\nM Q60"
        }
    }
}