{
    "transpiled_randomCircuit_2qubit_1": {
        "run_config": {
            "machine_time": "tianyan176-2",
            "repeat": 1,
            "shots": 8000,
            "layout": [
                44,
                38
            ],
            "layout_id": 128,
            "expected_fidelity": 0.91361309736709,
            "real_fidelity": 0.928380946510169,
            "begin_time": "2025-03-26 10:49:11",
            "end_time": "2025-03-26 10:49:24",
            "cost_time": "13.623385 s"
        },
        "circuit_features": {
            "num_qubits": 2,
            "num_gates": 21,
            "depth": 14,
            "program_communication": 1.0,
            "critical_depth": 1.0,
            "entanglement_ratio": 0.09523809523809523,
            "parallelism": 0.5,
            "liveness": 0.8214285714285714,
            "min_qubit_frequency": 5.1769,
            "max_qubit_frequency": 5.4592,
            "avg_qubit_frequency": 5.3180499999999995,
            "min_readout_frequency": null,
            "max_readout_frequency": null,
            "avg_readout_frequency": null,
            "min_readoutError": 1.22,
            "max_readoutError": 3.07,
            "avg_readoutError": 2.145,
            "min_singleQubit_gate_error": 0.16,
            "max_singleQubit_gate_error": 0.16,
            "avg_singleQubit_gate_error": 0.16,
            "min_twoQubits_gate_error": 0.82,
            "max_twoQubits_gate_error": 0.82,
            "avg_twoQubits_gate_error": 0.82,
            "min_t1": 23.4787,
            "max_t1": 42.5819,
            "avg_t1": 33.0303,
            "min_t2": 1.8213,
            "max_t2": 3.5204,
            "avg_t2": 2.6708499999999997,
            "twoQubits_gate_error_accumulation": 1.64,
            "expected_fidelity": 0.91361309736709,
            "idel_entropy": 0.529275348759811,
            "idle_rate": 0.2054794520547945,
            "qubit_frequency_dict": {
                "44": 5.4592,
                "38": 5.1769
            },
            "readout_frequency_dict": {
                "44": null,
                "38": null
            },
            "readoutError_dict": {
                "44": 1.22,
                "38": 3.07
            },
            "singleQubit_gate_error_dict": {
                "44": 0.16,
                "38": 0.16
            },
            "twoQubits_gate_error_dict": {
                "0": {
                    "twoQubits": [
                        44,
                        38
                    ],
                    "cz_error": 0.82
                },
                "1": {
                    "twoQubits": [
                        44,
                        38
                    ],
                    "cz_error": 0.82
                }
            },
            "t1_dict": {
                "44": 23.4787,
                "38": 42.5819
            },
            "t2_dict": {
                "44": 3.5204,
                "38": 1.8213
            },
            "singleQubit_update_time": "2025-03-21 02:33:29",
            "readout_update_time": "2025-03-26 10:32:03",
            "twoQubitGate_update_time": "2025-03-26 08:28:51",
            "origin_circuit": "RZ Q1 -1.570796325\nX2P Q1\nRZ Q1 1.570796325\nX2M Q1\nCZ Q0 Q1\nX2P Q0\nRZ Q0 3.14159265\nX2M Q0\nRZ Q1 1.570796325\nX2P Q1\nRZ Q1 0.7853981625\nX2M Q1\nCZ Q0 Q1\nRZ Q0 2.7712183476226278\nX2P Q0\nRZ Q0 -2.4596526718808813\nX2M Q0\nRZ Q1 -1.570796325\nX2P Q1\nRZ Q1 1.570796325\nX2M Q1\nM Q1\nM Q0",
            "layout": [
                44,
                38
            ],
            "transpiled_circit": "RZ Q38 -1.570796325\nX2P Q38\nRZ Q38 1.570796325\nX2M Q38\nCZ Q44 Q38\nX2P Q44\nRZ Q44 3.14159265\nX2M Q44\nRZ Q38 1.570796325\nX2P Q38\nRZ Q38 0.7853981625\nX2M Q38\nCZ Q44 Q38\nRZ Q44 2.7712183476226278\nX2P Q44\nRZ Q44 -2.4596526718808813\nX2M Q44\nRZ Q38 -1.570796325\nX2P Q38\nRZ Q38 1.570796325\nX2M Q38\nM Q38\nM Q44"
        }
    }
}