{
    "transpiled_randomCircuit_2qubit_1": {
        "run_config": {
            "machine_time": "tianyan176-2",
            "repeat": 1,
            "shots": 8000,
            "layout": [
                52,
                47
            ],
            "layout_id": 165,
            "expected_fidelity": 0.880779890311266,
            "real_fidelity": 0.9387482235824096,
            "begin_time": "2025-03-26 10:56:57",
            "end_time": "2025-03-26 10:57:10",
            "cost_time": "13.539909 s"
        },
        "circuit_features": {
            "num_qubits": 2,
            "num_gates": 21,
            "depth": 14,
            "program_communication": 1.0,
            "critical_depth": 1.0,
            "entanglement_ratio": 0.09523809523809523,
            "parallelism": 0.5,
            "liveness": 0.8214285714285714,
            "min_qubit_frequency": 5.3182,
            "max_qubit_frequency": 5.4419,
            "avg_qubit_frequency": 5.380050000000001,
            "min_readout_frequency": null,
            "max_readout_frequency": null,
            "avg_readout_frequency": null,
            "min_readoutError": 1.91,
            "max_readoutError": 2.98,
            "avg_readoutError": 2.445,
            "min_singleQubit_gate_error": 0.07,
            "max_singleQubit_gate_error": 0.24,
            "avg_singleQubit_gate_error": 0.155,
            "min_twoQubits_gate_error": 2.16,
            "max_twoQubits_gate_error": 2.16,
            "avg_twoQubits_gate_error": 2.16,
            "min_t1": 12.1295,
            "max_t1": 33.7964,
            "avg_t1": 22.96295,
            "min_t2": 3.432,
            "max_t2": 6.2453,
            "avg_t2": 4.83865,
            "twoQubits_gate_error_accumulation": 4.32,
            "expected_fidelity": 0.880779890311266,
            "idel_entropy": 0.529275348759811,
            "idle_rate": 0.2054794520547945,
            "qubit_frequency_dict": {
                "52": 5.3182,
                "47": 5.4419
            },
            "readout_frequency_dict": {
                "52": null,
                "47": null
            },
            "readoutError_dict": {
                "52": 1.91,
                "47": 2.98
            },
            "singleQubit_gate_error_dict": {
                "52": 0.07,
                "47": 0.24
            },
            "twoQubits_gate_error_dict": {
                "0": {
                    "twoQubits": [
                        52,
                        47
                    ],
                    "cz_error": 2.16
                },
                "1": {
                    "twoQubits": [
                        52,
                        47
                    ],
                    "cz_error": 2.16
                }
            },
            "t1_dict": {
                "52": 33.7964,
                "47": 12.1295
            },
            "t2_dict": {
                "52": 3.432,
                "47": 6.2453
            },
            "singleQubit_update_time": "2025-03-21 02:33:29",
            "readout_update_time": "2025-03-26 10:32:03",
            "twoQubitGate_update_time": "2025-03-26 08:28:51",
            "origin_circuit": "RZ Q1 -1.570796325\nX2P Q1\nRZ Q1 1.570796325\nX2M Q1\nCZ Q0 Q1\nX2P Q0\nRZ Q0 3.14159265\nX2M Q0\nRZ Q1 1.570796325\nX2P Q1\nRZ Q1 0.7853981625\nX2M Q1\nCZ Q0 Q1\nRZ Q0 2.7712183476226278\nX2P Q0\nRZ Q0 -2.4596526718808813\nX2M Q0\nRZ Q1 -1.570796325\nX2P Q1\nRZ Q1 1.570796325\nX2M Q1\nM Q1\nM Q0",
            "layout": [
                52,
                47
            ],
            "transpiled_circit": "RZ Q47 -1.570796325\nX2P Q47\nRZ Q47 1.570796325\nX2M Q47\nCZ Q52 Q47\nX2P Q52\nRZ Q52 3.14159265\nX2M Q52\nRZ Q47 1.570796325\nX2P Q47\nRZ Q47 0.7853981625\nX2M Q47\nCZ Q52 Q47\nRZ Q52 2.7712183476226278\nX2P Q52\nRZ Q52 -2.4596526718808813\nX2M Q52\nRZ Q47 -1.570796325\nX2P Q47\nRZ Q47 1.570796325\nX2M Q47\nM Q47\nM Q52"
        }
    }
}