{
    "transpiled_randomCircuit_2qubit_1": {
        "run_config": {
            "machine_time": "tianyan176-2",
            "repeat": 1,
            "shots": 8000,
            "layout": [
                33,
                39
            ],
            "layout_id": 71,
            "expected_fidelity": 0.500413182401779,
            "real_fidelity": 0.7892766428567322,
            "begin_time": "2025-03-26 10:37:23",
            "end_time": "2025-03-26 10:37:34",
            "cost_time": "11.41635 s"
        },
        "circuit_features": {
            "num_qubits": 2,
            "num_gates": 21,
            "depth": 14,
            "program_communication": 1.0,
            "critical_depth": 1.0,
            "entanglement_ratio": 0.09523809523809523,
            "parallelism": 0.5,
            "liveness": 0.8214285714285714,
            "min_qubit_frequency": 4.9919,
            "max_qubit_frequency": 5.4583,
            "avg_qubit_frequency": 5.2251,
            "min_readout_frequency": null,
            "max_readout_frequency": null,
            "avg_readout_frequency": null,
            "min_readoutError": 2.93,
            "max_readoutError": 10.49,
            "avg_readoutError": 6.71,
            "min_singleQubit_gate_error": 0.13,
            "max_singleQubit_gate_error": 0.28,
            "avg_singleQubit_gate_error": 0.20500000000000002,
            "min_twoQubits_gate_error": 22.47,
            "max_twoQubits_gate_error": 22.47,
            "avg_twoQubits_gate_error": 22.47,
            "min_t1": 20.6299,
            "max_t1": 29.6403,
            "avg_t1": 25.1351,
            "min_t2": 1.6169,
            "max_t2": 2.2676,
            "avg_t2": 1.94225,
            "twoQubits_gate_error_accumulation": 44.94,
            "expected_fidelity": 0.500413182401779,
            "idel_entropy": 0.529275348759811,
            "idle_rate": 0.2054794520547945,
            "qubit_frequency_dict": {
                "33": 4.9919,
                "39": 5.4583
            },
            "readout_frequency_dict": {
                "33": null,
                "39": null
            },
            "readoutError_dict": {
                "33": 10.49,
                "39": 2.93
            },
            "singleQubit_gate_error_dict": {
                "33": 0.13,
                "39": 0.28
            },
            "twoQubits_gate_error_dict": {
                "0": {
                    "twoQubits": [
                        33,
                        39
                    ],
                    "cz_error": 22.47
                },
                "1": {
                    "twoQubits": [
                        33,
                        39
                    ],
                    "cz_error": 22.47
                }
            },
            "t1_dict": {
                "33": 20.6299,
                "39": 29.6403
            },
            "t2_dict": {
                "33": 1.6169,
                "39": 2.2676
            },
            "singleQubit_update_time": "2025-03-21 02:33:29",
            "readout_update_time": "2025-03-26 10:32:03",
            "twoQubitGate_update_time": "2025-03-26 08:28:51",
            "origin_circuit": "RZ Q1 -1.570796325\nX2P Q1\nRZ Q1 1.570796325\nX2M Q1\nCZ Q0 Q1\nX2P Q0\nRZ Q0 3.14159265\nX2M Q0\nRZ Q1 1.570796325\nX2P Q1\nRZ Q1 0.7853981625\nX2M Q1\nCZ Q0 Q1\nRZ Q0 2.7712183476226278\nX2P Q0\nRZ Q0 -2.4596526718808813\nX2M Q0\nRZ Q1 -1.570796325\nX2P Q1\nRZ Q1 1.570796325\nX2M Q1\nM Q1\nM Q0",
            "layout": [
                33,
                39
            ],
            "transpiled_circit": "RZ Q39 -1.570796325\nX2P Q39\nRZ Q39 1.570796325\nX2M Q39\nCZ Q33 Q39\nX2P Q33\nRZ Q33 3.14159265\nX2M Q33\nRZ Q39 1.570796325\nX2P Q39\nRZ Q39 0.7853981625\nX2M Q39\nCZ Q33 Q39\nRZ Q33 2.7712183476226278\nX2P Q33\nRZ Q33 -2.4596526718808813\nX2M Q33\nRZ Q39 -1.570796325\nX2P Q39\nRZ Q39 1.570796325\nX2M Q39\nM Q39\nM Q33"
        }
    }
}