{
    "transpiled_randomCircuit_2qubit_1": {
        "run_config": {
            "machine_time": "tianyan176-2",
            "repeat": 1,
            "shots": 8000,
            "layout": [
                8,
                14
            ],
            "layout_id": 24,
            "expected_fidelity": 0.768456707518918,
            "real_fidelity": 0.8451973456076801,
            "begin_time": "2025-03-26 10:25:17",
            "end_time": "2025-03-26 10:25:29",
            "cost_time": "11.440625 s"
        },
        "circuit_features": {
            "num_qubits": 2,
            "num_gates": 21,
            "depth": 14,
            "program_communication": 1.0,
            "critical_depth": 1.0,
            "entanglement_ratio": 0.09523809523809523,
            "parallelism": 0.5,
            "liveness": 0.8214285714285714,
            "min_qubit_frequency": 5.4505,
            "max_qubit_frequency": 5.5705,
            "avg_qubit_frequency": 5.5105,
            "min_readout_frequency": null,
            "max_readout_frequency": null,
            "avg_readout_frequency": null,
            "min_readoutError": 1.16,
            "max_readoutError": 8.37,
            "avg_readoutError": 4.765,
            "min_singleQubit_gate_error": 0.16,
            "max_singleQubit_gate_error": 0.98,
            "avg_singleQubit_gate_error": 0.57,
            "min_twoQubits_gate_error": 1.73,
            "max_twoQubits_gate_error": 1.73,
            "avg_twoQubits_gate_error": 1.73,
            "min_t1": 21.194,
            "max_t1": 24.4302,
            "avg_t1": 22.8121,
            "min_t2": 3.6913,
            "max_t2": 4.4089,
            "avg_t2": 4.0501000000000005,
            "twoQubits_gate_error_accumulation": 3.46,
            "expected_fidelity": 0.768456707518918,
            "idel_entropy": 0.529275348759811,
            "idle_rate": 0.2054794520547945,
            "qubit_frequency_dict": {
                "8": 5.5705,
                "14": 5.4505
            },
            "readout_frequency_dict": {
                "8": null,
                "14": null
            },
            "readoutError_dict": {
                "8": 1.16,
                "14": 8.37
            },
            "singleQubit_gate_error_dict": {
                "8": 0.16,
                "14": 0.98
            },
            "twoQubits_gate_error_dict": {
                "0": {
                    "twoQubits": [
                        8,
                        14
                    ],
                    "cz_error": 1.73
                },
                "1": {
                    "twoQubits": [
                        8,
                        14
                    ],
                    "cz_error": 1.73
                }
            },
            "t1_dict": {
                "8": 21.194,
                "14": 24.4302
            },
            "t2_dict": {
                "8": 4.4089,
                "14": 3.6913
            },
            "singleQubit_update_time": "2025-03-21 02:33:29",
            "readout_update_time": "2025-03-26 10:01:21",
            "twoQubitGate_update_time": "2025-03-26 08:28:51",
            "origin_circuit": "RZ Q1 -1.570796325\nX2P Q1\nRZ Q1 1.570796325\nX2M Q1\nCZ Q0 Q1\nX2P Q0\nRZ Q0 3.14159265\nX2M Q0\nRZ Q1 1.570796325\nX2P Q1\nRZ Q1 0.7853981625\nX2M Q1\nCZ Q0 Q1\nRZ Q0 2.7712183476226278\nX2P Q0\nRZ Q0 -2.4596526718808813\nX2M Q0\nRZ Q1 -1.570796325\nX2P Q1\nRZ Q1 1.570796325\nX2M Q1\nM Q1\nM Q0",
            "layout": [
                8,
                14
            ],
            "transpiled_circit": "RZ Q14 -1.570796325\nX2P Q14\nRZ Q14 1.570796325\nX2M Q14\nCZ Q8 Q14\nX2P Q8\nRZ Q8 3.14159265\nX2M Q8\nRZ Q14 1.570796325\nX2P Q14\nRZ Q14 0.7853981625\nX2M Q14\nCZ Q8 Q14\nRZ Q8 2.7712183476226278\nX2P Q8\nRZ Q8 -2.4596526718808813\nX2M Q8\nRZ Q14 -1.570796325\nX2P Q14\nRZ Q14 1.570796325\nX2M Q14\nM Q14\nM Q8"
        }
    }
}