{
    "transpiled_randomCircuit_2qubit_1": {
        "run_config": {
            "machine_time": "tianyan176-2",
            "repeat": 1,
            "shots": 8000,
            "layout": [
                16,
                22
            ],
            "layout_id": 40,
            "expected_fidelity": 0.854013166456984,
            "real_fidelity": 0.9412081967155541,
            "begin_time": "2025-03-26 10:28:40",
            "end_time": "2025-03-26 10:28:51",
            "cost_time": "11.424298 s"
        },
        "circuit_features": {
            "num_qubits": 2,
            "num_gates": 21,
            "depth": 14,
            "program_communication": 1.0,
            "critical_depth": 1.0,
            "entanglement_ratio": 0.09523809523809523,
            "parallelism": 0.5,
            "liveness": 0.8214285714285714,
            "min_qubit_frequency": 5.1519,
            "max_qubit_frequency": 5.4211,
            "avg_qubit_frequency": 5.2865,
            "min_readout_frequency": null,
            "max_readout_frequency": null,
            "avg_readout_frequency": null,
            "min_readoutError": 3.33,
            "max_readoutError": 3.7,
            "avg_readoutError": 3.515,
            "min_singleQubit_gate_error": 0.15,
            "max_singleQubit_gate_error": 0.26,
            "avg_singleQubit_gate_error": 0.20500000000000002,
            "min_twoQubits_gate_error": 2.2,
            "max_twoQubits_gate_error": 2.2,
            "avg_twoQubits_gate_error": 2.2,
            "min_t1": 9.7787,
            "max_t1": 21.0104,
            "avg_t1": 15.39455,
            "min_t2": 1.4092,
            "max_t2": 1.9735,
            "avg_t2": 1.69135,
            "twoQubits_gate_error_accumulation": 4.4,
            "expected_fidelity": 0.854013166456984,
            "idel_entropy": 0.529275348759811,
            "idle_rate": 0.2054794520547945,
            "qubit_frequency_dict": {
                "16": 5.1519,
                "22": 5.4211
            },
            "readout_frequency_dict": {
                "16": null,
                "22": null
            },
            "readoutError_dict": {
                "16": 3.33,
                "22": 3.7
            },
            "singleQubit_gate_error_dict": {
                "16": 0.15,
                "22": 0.26
            },
            "twoQubits_gate_error_dict": {
                "0": {
                    "twoQubits": [
                        16,
                        22
                    ],
                    "cz_error": 2.2
                },
                "1": {
                    "twoQubits": [
                        16,
                        22
                    ],
                    "cz_error": 2.2
                }
            },
            "t1_dict": {
                "16": 21.0104,
                "22": 9.7787
            },
            "t2_dict": {
                "16": 1.9735,
                "22": 1.4092
            },
            "singleQubit_update_time": "2025-03-21 02:33:29",
            "readout_update_time": "2025-03-26 10:01:21",
            "twoQubitGate_update_time": "2025-03-26 08:28:51",
            "origin_circuit": "RZ Q1 -1.570796325\nX2P Q1\nRZ Q1 1.570796325\nX2M Q1\nCZ Q0 Q1\nX2P Q0\nRZ Q0 3.14159265\nX2M Q0\nRZ Q1 1.570796325\nX2P Q1\nRZ Q1 0.7853981625\nX2M Q1\nCZ Q0 Q1\nRZ Q0 2.7712183476226278\nX2P Q0\nRZ Q0 -2.4596526718808813\nX2M Q0\nRZ Q1 -1.570796325\nX2P Q1\nRZ Q1 1.570796325\nX2M Q1\nM Q1\nM Q0",
            "layout": [
                16,
                22
            ],
            "transpiled_circit": "RZ Q22 -1.570796325\nX2P Q22\nRZ Q22 1.570796325\nX2M Q22\nCZ Q16 Q22\nX2P Q16\nRZ Q16 3.14159265\nX2M Q16\nRZ Q22 1.570796325\nX2P Q22\nRZ Q22 0.7853981625\nX2M Q22\nCZ Q16 Q22\nRZ Q16 2.7712183476226278\nX2P Q16\nRZ Q16 -2.4596526718808813\nX2M Q16\nRZ Q22 -1.570796325\nX2P Q22\nRZ Q22 1.570796325\nX2M Q22\nM Q22\nM Q16"
        }
    }
}