{
    "transpiled_randomCircuit_2qubit_1": {
        "run_config": {
            "machine_time": "tianyan176-2",
            "repeat": 1,
            "shots": 8000,
            "layout": [
                62,
                56
            ],
            "layout_id": 183,
            "expected_fidelity": 0.7733600289371614,
            "real_fidelity": 0.9156701387419881,
            "begin_time": "2025-03-26 11:02:25",
            "end_time": "2025-03-26 11:02:36",
            "cost_time": "11.507334 s"
        },
        "circuit_features": {
            "num_qubits": 2,
            "num_gates": 21,
            "depth": 14,
            "program_communication": 1.0,
            "critical_depth": 1.0,
            "entanglement_ratio": 0.09523809523809523,
            "parallelism": 0.5,
            "liveness": 0.8214285714285714,
            "min_qubit_frequency": 5.1876,
            "max_qubit_frequency": 5.3942,
            "avg_qubit_frequency": 5.2909,
            "min_readout_frequency": null,
            "max_readout_frequency": null,
            "avg_readout_frequency": null,
            "min_readoutError": 1.31,
            "max_readoutError": 16.83,
            "avg_readoutError": 9.069999999999999,
            "min_singleQubit_gate_error": 0.19,
            "max_singleQubit_gate_error": 0.24,
            "avg_singleQubit_gate_error": 0.215,
            "min_twoQubits_gate_error": 0.99,
            "max_twoQubits_gate_error": 0.99,
            "avg_twoQubits_gate_error": 0.99,
            "min_t1": 6.7555,
            "max_t1": 28.552,
            "avg_t1": 17.65375,
            "min_t2": 2.0498,
            "max_t2": 6.7878,
            "avg_t2": 4.4188,
            "twoQubits_gate_error_accumulation": 1.98,
            "expected_fidelity": 0.7733600289371614,
            "idel_entropy": 0.529275348759811,
            "idle_rate": 0.2054794520547945,
            "qubit_frequency_dict": {
                "62": 5.1876,
                "56": 5.3942
            },
            "readout_frequency_dict": {
                "62": null,
                "56": null
            },
            "readoutError_dict": {
                "62": 16.83,
                "56": 1.31
            },
            "singleQubit_gate_error_dict": {
                "62": 0.24,
                "56": 0.19
            },
            "twoQubits_gate_error_dict": {
                "0": {
                    "twoQubits": [
                        62,
                        56
                    ],
                    "cz_error": 0.99
                },
                "1": {
                    "twoQubits": [
                        62,
                        56
                    ],
                    "cz_error": 0.99
                }
            },
            "t1_dict": {
                "62": 6.7555,
                "56": 28.552
            },
            "t2_dict": {
                "62": 2.0498,
                "56": 6.7878
            },
            "singleQubit_update_time": "2025-03-21 02:33:29",
            "readout_update_time": "2025-03-26 11:01:19",
            "twoQubitGate_update_time": "2025-03-26 08:28:51",
            "origin_circuit": "RZ Q1 -1.570796325\nX2P Q1\nRZ Q1 1.570796325\nX2M Q1\nCZ Q0 Q1\nX2P Q0\nRZ Q0 3.14159265\nX2M Q0\nRZ Q1 1.570796325\nX2P Q1\nRZ Q1 0.7853981625\nX2M Q1\nCZ Q0 Q1\nRZ Q0 2.7712183476226278\nX2P Q0\nRZ Q0 -2.4596526718808813\nX2M Q0\nRZ Q1 -1.570796325\nX2P Q1\nRZ Q1 1.570796325\nX2M Q1\nM Q1\nM Q0",
            "layout": [
                62,
                56
            ],
            "transpiled_circit": "RZ Q56 -1.570796325\nX2P Q56\nRZ Q56 1.570796325\nX2M Q56\nCZ Q62 Q56\nX2P Q62\nRZ Q62 3.14159265\nX2M Q62\nRZ Q56 1.570796325\nX2P Q56\nRZ Q56 0.7853981625\nX2M Q56\nCZ Q62 Q56\nRZ Q62 2.7712183476226278\nX2P Q62\nRZ Q62 -2.4596526718808813\nX2M Q62\nRZ Q56 -1.570796325\nX2P Q56\nRZ Q56 1.570796325\nX2M Q56\nM Q56\nM Q62"
        }
    }
}