{
    "transpiled_randomCircuit_2qubit_1": {
        "run_config": {
            "machine_time": "tianyan176-2",
            "repeat": 1,
            "shots": 8000,
            "layout": [
                23,
                29
            ],
            "layout_id": 90,
            "expected_fidelity": 0.8834335776686674,
            "real_fidelity": 0.9666140980416961,
            "begin_time": "2025-03-26 10:41:18",
            "end_time": "2025-03-26 10:41:30",
            "cost_time": "11.493073 s"
        },
        "circuit_features": {
            "num_qubits": 2,
            "num_gates": 21,
            "depth": 14,
            "program_communication": 1.0,
            "critical_depth": 1.0,
            "entanglement_ratio": 0.09523809523809523,
            "parallelism": 0.5,
            "liveness": 0.8214285714285714,
            "min_qubit_frequency": 5.1999,
            "max_qubit_frequency": 5.4057,
            "avg_qubit_frequency": 5.3028,
            "min_readout_frequency": null,
            "max_readout_frequency": null,
            "avg_readout_frequency": null,
            "min_readoutError": 2.18,
            "max_readoutError": 2.82,
            "avg_readoutError": 2.5,
            "min_singleQubit_gate_error": 0.13,
            "max_singleQubit_gate_error": 0.36,
            "avg_singleQubit_gate_error": 0.245,
            "min_twoQubits_gate_error": 1.04,
            "max_twoQubits_gate_error": 1.04,
            "avg_twoQubits_gate_error": 1.04,
            "min_t1": 15.5349,
            "max_t1": 24.5721,
            "avg_t1": 20.0535,
            "min_t2": 2.0608,
            "max_t2": 5.2353,
            "avg_t2": 3.6480499999999996,
            "twoQubits_gate_error_accumulation": 2.08,
            "expected_fidelity": 0.8834335776686674,
            "idel_entropy": 0.529275348759811,
            "idle_rate": 0.2054794520547945,
            "qubit_frequency_dict": {
                "23": 5.1999,
                "29": 5.4057
            },
            "readout_frequency_dict": {
                "23": null,
                "29": null
            },
            "readoutError_dict": {
                "23": 2.18,
                "29": 2.82
            },
            "singleQubit_gate_error_dict": {
                "23": 0.13,
                "29": 0.36
            },
            "twoQubits_gate_error_dict": {
                "0": {
                    "twoQubits": [
                        23,
                        29
                    ],
                    "cz_error": 1.04
                },
                "1": {
                    "twoQubits": [
                        23,
                        29
                    ],
                    "cz_error": 1.04
                }
            },
            "t1_dict": {
                "23": 24.5721,
                "29": 15.5349
            },
            "t2_dict": {
                "23": 2.0608,
                "29": 5.2353
            },
            "singleQubit_update_time": "2025-03-21 02:33:29",
            "readout_update_time": "2025-03-26 10:32:03",
            "twoQubitGate_update_time": "2025-03-26 08:28:51",
            "origin_circuit": "RZ Q1 -1.570796325\nX2P Q1\nRZ Q1 1.570796325\nX2M Q1\nCZ Q0 Q1\nX2P Q0\nRZ Q0 3.14159265\nX2M Q0\nRZ Q1 1.570796325\nX2P Q1\nRZ Q1 0.7853981625\nX2M Q1\nCZ Q0 Q1\nRZ Q0 2.7712183476226278\nX2P Q0\nRZ Q0 -2.4596526718808813\nX2M Q0\nRZ Q1 -1.570796325\nX2P Q1\nRZ Q1 1.570796325\nX2M Q1\nM Q1\nM Q0",
            "layout": [
                23,
                29
            ],
            "transpiled_circit": "RZ Q29 -1.570796325\nX2P Q29\nRZ Q29 1.570796325\nX2M Q29\nCZ Q23 Q29\nX2P Q23\nRZ Q23 3.14159265\nX2M Q23\nRZ Q29 1.570796325\nX2P Q29\nRZ Q29 0.7853981625\nX2M Q29\nCZ Q23 Q29\nRZ Q23 2.7712183476226278\nX2P Q23\nRZ Q23 -2.4596526718808813\nX2M Q23\nRZ Q29 -1.570796325\nX2P Q29\nRZ Q29 1.570796325\nX2M Q29\nM Q29\nM Q23"
        }
    }
}