{
    "transpiled_randomCircuit_2qubit_1": {
        "run_config": {
            "machine_time": "tianyan176-2",
            "repeat": 1,
            "shots": 8000,
            "layout": [
                38,
                45
            ],
            "layout_id": 102,
            "expected_fidelity": 0.9122517943625462,
            "real_fidelity": 0.9746654394134243,
            "begin_time": "2025-03-26 10:43:44",
            "end_time": "2025-03-26 10:43:56",
            "cost_time": "11.485521 s"
        },
        "circuit_features": {
            "num_qubits": 2,
            "num_gates": 21,
            "depth": 14,
            "program_communication": 1.0,
            "critical_depth": 1.0,
            "entanglement_ratio": 0.09523809523809523,
            "parallelism": 0.5,
            "liveness": 0.8214285714285714,
            "min_qubit_frequency": 5.1769,
            "max_qubit_frequency": 5.4993,
            "avg_qubit_frequency": 5.3381,
            "min_readout_frequency": null,
            "max_readout_frequency": null,
            "avg_readout_frequency": null,
            "min_readoutError": 1.76,
            "max_readoutError": 3.07,
            "avg_readoutError": 2.415,
            "min_singleQubit_gate_error": 0.11,
            "max_singleQubit_gate_error": 0.16,
            "avg_singleQubit_gate_error": 0.135,
            "min_twoQubits_gate_error": 0.92,
            "max_twoQubits_gate_error": 0.92,
            "avg_twoQubits_gate_error": 0.92,
            "min_t1": 28.7526,
            "max_t1": 42.5819,
            "avg_t1": 35.667249999999996,
            "min_t2": 1.8213,
            "max_t2": 6.335,
            "avg_t2": 4.07815,
            "twoQubits_gate_error_accumulation": 1.84,
            "expected_fidelity": 0.9122517943625462,
            "idel_entropy": 0.529275348759811,
            "idle_rate": 0.2054794520547945,
            "qubit_frequency_dict": {
                "38": 5.1769,
                "45": 5.4993
            },
            "readout_frequency_dict": {
                "38": null,
                "45": null
            },
            "readoutError_dict": {
                "38": 3.07,
                "45": 1.76
            },
            "singleQubit_gate_error_dict": {
                "38": 0.16,
                "45": 0.11
            },
            "twoQubits_gate_error_dict": {
                "0": {
                    "twoQubits": [
                        38,
                        45
                    ],
                    "cz_error": 0.92
                },
                "1": {
                    "twoQubits": [
                        38,
                        45
                    ],
                    "cz_error": 0.92
                }
            },
            "t1_dict": {
                "38": 42.5819,
                "45": 28.7526
            },
            "t2_dict": {
                "38": 1.8213,
                "45": 6.335
            },
            "singleQubit_update_time": "2025-03-21 02:33:29",
            "readout_update_time": "2025-03-26 10:32:03",
            "twoQubitGate_update_time": "2025-03-26 08:28:51",
            "origin_circuit": "RZ Q1 -1.570796325\nX2P Q1\nRZ Q1 1.570796325\nX2M Q1\nCZ Q0 Q1\nX2P Q0\nRZ Q0 3.14159265\nX2M Q0\nRZ Q1 1.570796325\nX2P Q1\nRZ Q1 0.7853981625\nX2M Q1\nCZ Q0 Q1\nRZ Q0 2.7712183476226278\nX2P Q0\nRZ Q0 -2.4596526718808813\nX2M Q0\nRZ Q1 -1.570796325\nX2P Q1\nRZ Q1 1.570796325\nX2M Q1\nM Q1\nM Q0",
            "layout": [
                38,
                45
            ],
            "transpiled_circit": "RZ Q45 -1.570796325\nX2P Q45\nRZ Q45 1.570796325\nX2M Q45\nCZ Q38 Q45\nX2P Q38\nRZ Q38 3.14159265\nX2M Q38\nRZ Q45 1.570796325\nX2P Q45\nRZ Q45 0.7853981625\nX2M Q45\nCZ Q38 Q45\nRZ Q38 2.7712183476226278\nX2P Q38\nRZ Q38 -2.4596526718808813\nX2M Q38\nRZ Q45 -1.570796325\nX2P Q45\nRZ Q45 1.570796325\nX2M Q45\nM Q45\nM Q38"
        }
    }
}