{
    "transpiled_randomCircuit_2qubit_1": {
        "run_config": {
            "machine_time": "tianyan176-2",
            "repeat": 1,
            "shots": 8000,
            "layout": [
                20,
                25
            ],
            "layout_id": 30,
            "expected_fidelity": 0.8618659400603237,
            "real_fidelity": 0.9640980926557527,
            "begin_time": "2025-03-26 10:26:34",
            "end_time": "2025-03-26 10:26:45",
            "cost_time": "11.258699 s"
        },
        "circuit_features": {
            "num_qubits": 2,
            "num_gates": 21,
            "depth": 14,
            "program_communication": 1.0,
            "critical_depth": 1.0,
            "entanglement_ratio": 0.09523809523809523,
            "parallelism": 0.5,
            "liveness": 0.8214285714285714,
            "min_qubit_frequency": 5.3375,
            "max_qubit_frequency": 5.5602,
            "avg_qubit_frequency": 5.44885,
            "min_readout_frequency": null,
            "max_readout_frequency": null,
            "avg_readout_frequency": null,
            "min_readoutError": 1.15,
            "max_readoutError": 2.27,
            "avg_readoutError": 1.71,
            "min_singleQubit_gate_error": 0.15,
            "max_singleQubit_gate_error": 0.29,
            "avg_singleQubit_gate_error": 0.21999999999999997,
            "min_twoQubits_gate_error": 3.38,
            "max_twoQubits_gate_error": 3.38,
            "avg_twoQubits_gate_error": 3.38,
            "min_t1": 8.7069,
            "max_t1": 25.2821,
            "avg_t1": 16.9945,
            "min_t2": 3.3763,
            "max_t2": 4.0429,
            "avg_t2": 3.7096,
            "twoQubits_gate_error_accumulation": 6.76,
            "expected_fidelity": 0.8618659400603237,
            "idel_entropy": 0.529275348759811,
            "idle_rate": 0.2054794520547945,
            "qubit_frequency_dict": {
                "20": 5.3375,
                "25": 5.5602
            },
            "readout_frequency_dict": {
                "20": null,
                "25": null
            },
            "readoutError_dict": {
                "20": 1.15,
                "25": 2.27
            },
            "singleQubit_gate_error_dict": {
                "20": 0.15,
                "25": 0.29
            },
            "twoQubits_gate_error_dict": {
                "0": {
                    "twoQubits": [
                        20,
                        25
                    ],
                    "cz_error": 3.38
                },
                "1": {
                    "twoQubits": [
                        20,
                        25
                    ],
                    "cz_error": 3.38
                }
            },
            "t1_dict": {
                "20": 25.2821,
                "25": 8.7069
            },
            "t2_dict": {
                "20": 3.3763,
                "25": 4.0429
            },
            "singleQubit_update_time": "2025-03-21 02:33:29",
            "readout_update_time": "2025-03-26 10:01:21",
            "twoQubitGate_update_time": "2025-03-26 08:28:51",
            "origin_circuit": "RZ Q1 -1.570796325\nX2P Q1\nRZ Q1 1.570796325\nX2M Q1\nCZ Q0 Q1\nX2P Q0\nRZ Q0 3.14159265\nX2M Q0\nRZ Q1 1.570796325\nX2P Q1\nRZ Q1 0.7853981625\nX2M Q1\nCZ Q0 Q1\nRZ Q0 2.7712183476226278\nX2P Q0\nRZ Q0 -2.4596526718808813\nX2M Q0\nRZ Q1 -1.570796325\nX2P Q1\nRZ Q1 1.570796325\nX2M Q1\nM Q1\nM Q0",
            "layout": [
                20,
                25
            ],
            "transpiled_circit": "RZ Q25 -1.570796325\nX2P Q25\nRZ Q25 1.570796325\nX2M Q25\nCZ Q20 Q25\nX2P Q20\nRZ Q20 3.14159265\nX2M Q20\nRZ Q25 1.570796325\nX2P Q25\nRZ Q25 0.7853981625\nX2M Q25\nCZ Q20 Q25\nRZ Q20 2.7712183476226278\nX2P Q20\nRZ Q20 -2.4596526718808813\nX2M Q20\nRZ Q25 -1.570796325\nX2P Q25\nRZ Q25 1.570796325\nX2M Q25\nM Q25\nM Q20"
        }
    }
}