{
    "transpiled_randomCircuit_2qubit_1": {
        "run_config": {
            "machine_time": "tianyan176-2",
            "repeat": 1,
            "shots": 8000,
            "layout": [
                49,
                56
            ],
            "layout_id": 154,
            "expected_fidelity": 0.9070450641272264,
            "real_fidelity": 0.9489252024260034,
            "begin_time": "2025-03-26 10:54:41",
            "end_time": "2025-03-26 10:54:52",
            "cost_time": "11.371943 s"
        },
        "circuit_features": {
            "num_qubits": 2,
            "num_gates": 21,
            "depth": 14,
            "program_communication": 1.0,
            "critical_depth": 1.0,
            "entanglement_ratio": 0.09523809523809523,
            "parallelism": 0.5,
            "liveness": 0.8214285714285714,
            "min_qubit_frequency": 5.3942,
            "max_qubit_frequency": 5.74,
            "avg_qubit_frequency": 5.5671,
            "min_readout_frequency": null,
            "max_readout_frequency": null,
            "avg_readout_frequency": null,
            "min_readoutError": 1.24,
            "max_readoutError": 1.95,
            "avg_readoutError": 1.595,
            "min_singleQubit_gate_error": 0.19,
            "max_singleQubit_gate_error": 0.26,
            "avg_singleQubit_gate_error": 0.225,
            "min_twoQubits_gate_error": 1.21,
            "max_twoQubits_gate_error": 1.21,
            "avg_twoQubits_gate_error": 1.21,
            "min_t1": 6.0438,
            "max_t1": 28.552,
            "avg_t1": 17.2979,
            "min_t2": 3.5214,
            "max_t2": 6.7878,
            "avg_t2": 5.1546,
            "twoQubits_gate_error_accumulation": 2.42,
            "expected_fidelity": 0.9070450641272264,
            "idel_entropy": 0.529275348759811,
            "idle_rate": 0.2054794520547945,
            "qubit_frequency_dict": {
                "49": 5.74,
                "56": 5.3942
            },
            "readout_frequency_dict": {
                "49": null,
                "56": null
            },
            "readoutError_dict": {
                "49": 1.95,
                "56": 1.24
            },
            "singleQubit_gate_error_dict": {
                "49": 0.26,
                "56": 0.19
            },
            "twoQubits_gate_error_dict": {
                "0": {
                    "twoQubits": [
                        49,
                        56
                    ],
                    "cz_error": 1.21
                },
                "1": {
                    "twoQubits": [
                        49,
                        56
                    ],
                    "cz_error": 1.21
                }
            },
            "t1_dict": {
                "49": 6.0438,
                "56": 28.552
            },
            "t2_dict": {
                "49": 3.5214,
                "56": 6.7878
            },
            "singleQubit_update_time": "2025-03-21 02:33:29",
            "readout_update_time": "2025-03-26 10:32:03",
            "twoQubitGate_update_time": "2025-03-26 08:28:51",
            "origin_circuit": "RZ Q1 -1.570796325\nX2P Q1\nRZ Q1 1.570796325\nX2M Q1\nCZ Q0 Q1\nX2P Q0\nRZ Q0 3.14159265\nX2M Q0\nRZ Q1 1.570796325\nX2P Q1\nRZ Q1 0.7853981625\nX2M Q1\nCZ Q0 Q1\nRZ Q0 2.7712183476226278\nX2P Q0\nRZ Q0 -2.4596526718808813\nX2M Q0\nRZ Q1 -1.570796325\nX2P Q1\nRZ Q1 1.570796325\nX2M Q1\nM Q1\nM Q0",
            "layout": [
                49,
                56
            ],
            "transpiled_circit": "RZ Q56 -1.570796325\nX2P Q56\nRZ Q56 1.570796325\nX2M Q56\nCZ Q49 Q56\nX2P Q49\nRZ Q49 3.14159265\nX2M Q49\nRZ Q56 1.570796325\nX2P Q56\nRZ Q56 0.7853981625\nX2M Q56\nCZ Q49 Q56\nRZ Q49 2.7712183476226278\nX2P Q49\nRZ Q49 -2.4596526718808813\nX2M Q49\nRZ Q56 -1.570796325\nX2P Q56\nRZ Q56 1.570796325\nX2M Q56\nM Q56\nM Q49"
        }
    }
}