{
    "transpiled_randomCircuit_2qubit_1": {
        "run_config": {
            "machine_time": "tianyan176-2",
            "repeat": 1,
            "shots": 8000,
            "layout": [
                50,
                56
            ],
            "layout_id": 159,
            "expected_fidelity": 0.9284146160948974,
            "real_fidelity": 0.9690750239173501,
            "begin_time": "2025-03-26 10:55:42",
            "end_time": "2025-03-26 10:55:53",
            "cost_time": "11.27105 s"
        },
        "circuit_features": {
            "num_qubits": 2,
            "num_gates": 21,
            "depth": 14,
            "program_communication": 1.0,
            "critical_depth": 1.0,
            "entanglement_ratio": 0.09523809523809523,
            "parallelism": 0.5,
            "liveness": 0.8214285714285714,
            "min_qubit_frequency": 5.3942,
            "max_qubit_frequency": 5.5512,
            "avg_qubit_frequency": 5.4727,
            "min_readout_frequency": null,
            "max_readout_frequency": null,
            "avg_readout_frequency": null,
            "min_readoutError": 0.82,
            "max_readoutError": 1.24,
            "avg_readoutError": 1.03,
            "min_singleQubit_gate_error": 0.1,
            "max_singleQubit_gate_error": 0.19,
            "avg_singleQubit_gate_error": 0.14500000000000002,
            "min_twoQubits_gate_error": 1.18,
            "max_twoQubits_gate_error": 1.18,
            "avg_twoQubits_gate_error": 1.18,
            "min_t1": 19.2536,
            "max_t1": 28.552,
            "avg_t1": 23.9028,
            "min_t2": 5.403,
            "max_t2": 6.7878,
            "avg_t2": 6.0954,
            "twoQubits_gate_error_accumulation": 2.36,
            "expected_fidelity": 0.9284146160948974,
            "idel_entropy": 0.529275348759811,
            "idle_rate": 0.2054794520547945,
            "qubit_frequency_dict": {
                "50": 5.5512,
                "56": 5.3942
            },
            "readout_frequency_dict": {
                "50": null,
                "56": null
            },
            "readoutError_dict": {
                "50": 0.82,
                "56": 1.24
            },
            "singleQubit_gate_error_dict": {
                "50": 0.1,
                "56": 0.19
            },
            "twoQubits_gate_error_dict": {
                "0": {
                    "twoQubits": [
                        50,
                        56
                    ],
                    "cz_error": 1.18
                },
                "1": {
                    "twoQubits": [
                        50,
                        56
                    ],
                    "cz_error": 1.18
                }
            },
            "t1_dict": {
                "50": 19.2536,
                "56": 28.552
            },
            "t2_dict": {
                "50": 5.403,
                "56": 6.7878
            },
            "singleQubit_update_time": "2025-03-21 02:33:29",
            "readout_update_time": "2025-03-26 10:32:03",
            "twoQubitGate_update_time": "2025-03-26 08:28:51",
            "origin_circuit": "RZ Q1 -1.570796325\nX2P Q1\nRZ Q1 1.570796325\nX2M Q1\nCZ Q0 Q1\nX2P Q0\nRZ Q0 3.14159265\nX2M Q0\nRZ Q1 1.570796325\nX2P Q1\nRZ Q1 0.7853981625\nX2M Q1\nCZ Q0 Q1\nRZ Q0 2.7712183476226278\nX2P Q0\nRZ Q0 -2.4596526718808813\nX2M Q0\nRZ Q1 -1.570796325\nX2P Q1\nRZ Q1 1.570796325\nX2M Q1\nM Q1\nM Q0",
            "layout": [
                50,
                56
            ],
            "transpiled_circit": "RZ Q56 -1.570796325\nX2P Q56\nRZ Q56 1.570796325\nX2M Q56\nCZ Q50 Q56\nX2P Q50\nRZ Q50 3.14159265\nX2M Q50\nRZ Q56 1.570796325\nX2P Q56\nRZ Q56 0.7853981625\nX2M Q56\nCZ Q50 Q56\nRZ Q50 2.7712183476226278\nX2P Q50\nRZ Q50 -2.4596526718808813\nX2M Q50\nRZ Q56 -1.570796325\nX2P Q56\nRZ Q56 1.570796325\nX2M Q56\nM Q56\nM Q50"
        }
    }
}