{
    "transpiled_randomCircuit_2qubit_1": {
        "run_config": {
            "machine_time": "tianyan176-2",
            "repeat": 1,
            "shots": 8000,
            "layout": [
                63,
                58
            ],
            "layout_id": 185,
            "expected_fidelity": 0.7933138545341979,
            "real_fidelity": 0.9214490404245845,
            "begin_time": "2025-03-26 11:02:49",
            "end_time": "2025-03-26 11:03:00",
            "cost_time": "11.788421 s"
        },
        "circuit_features": {
            "num_qubits": 2,
            "num_gates": 21,
            "depth": 14,
            "program_communication": 1.0,
            "critical_depth": 1.0,
            "entanglement_ratio": 0.09523809523809523,
            "parallelism": 0.5,
            "liveness": 0.8214285714285714,
            "min_qubit_frequency": 5.133,
            "max_qubit_frequency": 5.4556,
            "avg_qubit_frequency": 5.2943,
            "min_readout_frequency": null,
            "max_readout_frequency": null,
            "avg_readout_frequency": null,
            "min_readoutError": 1.07,
            "max_readoutError": 15.74,
            "avg_readoutError": 8.405,
            "min_singleQubit_gate_error": 0.08,
            "max_singleQubit_gate_error": 0.21,
            "avg_singleQubit_gate_error": 0.145,
            "min_twoQubits_gate_error": 0.93,
            "max_twoQubits_gate_error": 0.93,
            "avg_twoQubits_gate_error": 0.93,
            "min_t1": 12.8438,
            "max_t1": 19.8057,
            "avg_t1": 16.32475,
            "min_t2": 1.8917,
            "max_t2": 4.6743,
            "avg_t2": 3.283,
            "twoQubits_gate_error_accumulation": 1.86,
            "expected_fidelity": 0.7933138545341979,
            "idel_entropy": 0.529275348759811,
            "idle_rate": 0.2054794520547945,
            "qubit_frequency_dict": {
                "63": 5.133,
                "58": 5.4556
            },
            "readout_frequency_dict": {
                "63": null,
                "58": null
            },
            "readoutError_dict": {
                "63": 15.74,
                "58": 1.07
            },
            "singleQubit_gate_error_dict": {
                "63": 0.08,
                "58": 0.21
            },
            "twoQubits_gate_error_dict": {
                "0": {
                    "twoQubits": [
                        63,
                        58
                    ],
                    "cz_error": 0.93
                },
                "1": {
                    "twoQubits": [
                        63,
                        58
                    ],
                    "cz_error": 0.93
                }
            },
            "t1_dict": {
                "63": 19.8057,
                "58": 12.8438
            },
            "t2_dict": {
                "63": 1.8917,
                "58": 4.6743
            },
            "singleQubit_update_time": "2025-03-21 02:33:29",
            "readout_update_time": "2025-03-26 11:01:19",
            "twoQubitGate_update_time": "2025-03-26 08:28:51",
            "origin_circuit": "RZ Q1 -1.570796325\nX2P Q1\nRZ Q1 1.570796325\nX2M Q1\nCZ Q0 Q1\nX2P Q0\nRZ Q0 3.14159265\nX2M Q0\nRZ Q1 1.570796325\nX2P Q1\nRZ Q1 0.7853981625\nX2M Q1\nCZ Q0 Q1\nRZ Q0 2.7712183476226278\nX2P Q0\nRZ Q0 -2.4596526718808813\nX2M Q0\nRZ Q1 -1.570796325\nX2P Q1\nRZ Q1 1.570796325\nX2M Q1\nM Q1\nM Q0",
            "layout": [
                63,
                58
            ],
            "transpiled_circit": "RZ Q58 -1.570796325\nX2P Q58\nRZ Q58 1.570796325\nX2M Q58\nCZ Q63 Q58\nX2P Q63\nRZ Q63 3.14159265\nX2M Q63\nRZ Q58 1.570796325\nX2P Q58\nRZ Q58 0.7853981625\nX2M Q58\nCZ Q63 Q58\nRZ Q63 2.7712183476226278\nX2P Q63\nRZ Q63 -2.4596526718808813\nX2M Q63\nRZ Q58 -1.570796325\nX2P Q58\nRZ Q58 1.570796325\nX2M Q58\nM Q58\nM Q63"
        }
    }
}