{
    "transpiled_randomCircuit_2qubit_1": {
        "run_config": {
            "machine_time": "tianyan176-2",
            "repeat": 1,
            "shots": 8000,
            "layout": [
                50,
                57
            ],
            "layout_id": 158,
            "expected_fidelity": 0.9116210599306914,
            "real_fidelity": 0.9659579836758597,
            "begin_time": "2025-03-26 10:55:30",
            "end_time": "2025-03-26 10:55:42",
            "cost_time": "11.526113 s"
        },
        "circuit_features": {
            "num_qubits": 2,
            "num_gates": 21,
            "depth": 14,
            "program_communication": 1.0,
            "critical_depth": 1.0,
            "entanglement_ratio": 0.09523809523809523,
            "parallelism": 0.5,
            "liveness": 0.8214285714285714,
            "min_qubit_frequency": 5.2959,
            "max_qubit_frequency": 5.5512,
            "avg_qubit_frequency": 5.42355,
            "min_readout_frequency": null,
            "max_readout_frequency": null,
            "avg_readout_frequency": null,
            "min_readoutError": 0.82,
            "max_readoutError": 3.28,
            "avg_readoutError": 2.05,
            "min_singleQubit_gate_error": 0.1,
            "max_singleQubit_gate_error": 0.18,
            "avg_singleQubit_gate_error": 0.14,
            "min_twoQubits_gate_error": 1.11,
            "max_twoQubits_gate_error": 1.11,
            "avg_twoQubits_gate_error": 1.11,
            "min_t1": 19.2536,
            "max_t1": 23.273,
            "avg_t1": 21.2633,
            "min_t2": 2.9094,
            "max_t2": 5.403,
            "avg_t2": 4.1562,
            "twoQubits_gate_error_accumulation": 2.22,
            "expected_fidelity": 0.9116210599306914,
            "idel_entropy": 0.529275348759811,
            "idle_rate": 0.2054794520547945,
            "qubit_frequency_dict": {
                "50": 5.5512,
                "57": 5.2959
            },
            "readout_frequency_dict": {
                "50": null,
                "57": null
            },
            "readoutError_dict": {
                "50": 0.82,
                "57": 3.28
            },
            "singleQubit_gate_error_dict": {
                "50": 0.1,
                "57": 0.18
            },
            "twoQubits_gate_error_dict": {
                "0": {
                    "twoQubits": [
                        50,
                        57
                    ],
                    "cz_error": 1.11
                },
                "1": {
                    "twoQubits": [
                        50,
                        57
                    ],
                    "cz_error": 1.11
                }
            },
            "t1_dict": {
                "50": 19.2536,
                "57": 23.273
            },
            "t2_dict": {
                "50": 5.403,
                "57": 2.9094
            },
            "singleQubit_update_time": "2025-03-21 02:33:29",
            "readout_update_time": "2025-03-26 10:32:03",
            "twoQubitGate_update_time": "2025-03-26 08:28:51",
            "origin_circuit": "RZ Q1 -1.570796325\nX2P Q1\nRZ Q1 1.570796325\nX2M Q1\nCZ Q0 Q1\nX2P Q0\nRZ Q0 3.14159265\nX2M Q0\nRZ Q1 1.570796325\nX2P Q1\nRZ Q1 0.7853981625\nX2M Q1\nCZ Q0 Q1\nRZ Q0 2.7712183476226278\nX2P Q0\nRZ Q0 -2.4596526718808813\nX2M Q0\nRZ Q1 -1.570796325\nX2P Q1\nRZ Q1 1.570796325\nX2M Q1\nM Q1\nM Q0",
            "layout": [
                50,
                57
            ],
            "transpiled_circit": "RZ Q57 -1.570796325\nX2P Q57\nRZ Q57 1.570796325\nX2M Q57\nCZ Q50 Q57\nX2P Q50\nRZ Q50 3.14159265\nX2M Q50\nRZ Q57 1.570796325\nX2P Q57\nRZ Q57 0.7853981625\nX2M Q57\nCZ Q50 Q57\nRZ Q50 2.7712183476226278\nX2P Q50\nRZ Q50 -2.4596526718808813\nX2M Q50\nRZ Q57 -1.570796325\nX2P Q57\nRZ Q57 1.570796325\nX2M Q57\nM Q57\nM Q50"
        }
    }
}