{
    "transpiled_randomCircuit_2qubit_1": {
        "run_config": {
            "machine_time": "tianyan176-2",
            "repeat": 1,
            "shots": 8000,
            "layout": [
                39,
                45
            ],
            "layout_id": 117,
            "expected_fidelity": 0.8673793062264219,
            "real_fidelity": 0.9147442891215462,
            "begin_time": "2025-03-26 10:46:48",
            "end_time": "2025-03-26 10:47:00",
            "cost_time": "11.391618 s"
        },
        "circuit_features": {
            "num_qubits": 2,
            "num_gates": 21,
            "depth": 14,
            "program_communication": 1.0,
            "critical_depth": 1.0,
            "entanglement_ratio": 0.09523809523809523,
            "parallelism": 0.5,
            "liveness": 0.8214285714285714,
            "min_qubit_frequency": 5.4583,
            "max_qubit_frequency": 5.4993,
            "avg_qubit_frequency": 5.4788,
            "min_readout_frequency": null,
            "max_readout_frequency": null,
            "avg_readout_frequency": null,
            "min_readoutError": 1.76,
            "max_readoutError": 2.93,
            "avg_readoutError": 2.345,
            "min_singleQubit_gate_error": 0.11,
            "max_singleQubit_gate_error": 0.28,
            "avg_singleQubit_gate_error": 0.195,
            "min_twoQubits_gate_error": 3.05,
            "max_twoQubits_gate_error": 3.05,
            "avg_twoQubits_gate_error": 3.05,
            "min_t1": 28.7526,
            "max_t1": 29.6403,
            "avg_t1": 29.19645,
            "min_t2": 2.2676,
            "max_t2": 6.335,
            "avg_t2": 4.3012999999999995,
            "twoQubits_gate_error_accumulation": 6.1,
            "expected_fidelity": 0.8673793062264219,
            "idel_entropy": 0.529275348759811,
            "idle_rate": 0.2054794520547945,
            "qubit_frequency_dict": {
                "39": 5.4583,
                "45": 5.4993
            },
            "readout_frequency_dict": {
                "39": null,
                "45": null
            },
            "readoutError_dict": {
                "39": 2.93,
                "45": 1.76
            },
            "singleQubit_gate_error_dict": {
                "39": 0.28,
                "45": 0.11
            },
            "twoQubits_gate_error_dict": {
                "0": {
                    "twoQubits": [
                        39,
                        45
                    ],
                    "cz_error": 3.05
                },
                "1": {
                    "twoQubits": [
                        39,
                        45
                    ],
                    "cz_error": 3.05
                }
            },
            "t1_dict": {
                "39": 29.6403,
                "45": 28.7526
            },
            "t2_dict": {
                "39": 2.2676,
                "45": 6.335
            },
            "singleQubit_update_time": "2025-03-21 02:33:29",
            "readout_update_time": "2025-03-26 10:32:03",
            "twoQubitGate_update_time": "2025-03-26 08:28:51",
            "origin_circuit": "RZ Q1 -1.570796325\nX2P Q1\nRZ Q1 1.570796325\nX2M Q1\nCZ Q0 Q1\nX2P Q0\nRZ Q0 3.14159265\nX2M Q0\nRZ Q1 1.570796325\nX2P Q1\nRZ Q1 0.7853981625\nX2M Q1\nCZ Q0 Q1\nRZ Q0 2.7712183476226278\nX2P Q0\nRZ Q0 -2.4596526718808813\nX2M Q0\nRZ Q1 -1.570796325\nX2P Q1\nRZ Q1 1.570796325\nX2M Q1\nM Q1\nM Q0",
            "layout": [
                39,
                45
            ],
            "transpiled_circit": "RZ Q45 -1.570796325\nX2P Q45\nRZ Q45 1.570796325\nX2M Q45\nCZ Q39 Q45\nX2P Q39\nRZ Q39 3.14159265\nX2M Q39\nRZ Q45 1.570796325\nX2P Q45\nRZ Q45 0.7853981625\nX2M Q45\nCZ Q39 Q45\nRZ Q39 2.7712183476226278\nX2P Q39\nRZ Q39 -2.4596526718808813\nX2M Q39\nRZ Q45 -1.570796325\nX2P Q45\nRZ Q45 1.570796325\nX2M Q45\nM Q45\nM Q39"
        }
    }
}