{
    "transpiled_randomCircuit_2qubit_1": {
        "run_config": {
            "machine_time": "tianyan176-2",
            "repeat": 1,
            "shots": 8000,
            "layout": [
                33,
                27
            ],
            "layout_id": 69,
            "expected_fidelity": 0.8121276758419224,
            "real_fidelity": 0.9539474176792773,
            "begin_time": "2025-03-26 10:36:57",
            "end_time": "2025-03-26 10:37:10",
            "cost_time": "13.339794 s"
        },
        "circuit_features": {
            "num_qubits": 2,
            "num_gates": 21,
            "depth": 14,
            "program_communication": 1.0,
            "critical_depth": 1.0,
            "entanglement_ratio": 0.09523809523809523,
            "parallelism": 0.5,
            "liveness": 0.8214285714285714,
            "min_qubit_frequency": 4.9919,
            "max_qubit_frequency": 5.3514,
            "avg_qubit_frequency": 5.17165,
            "min_readout_frequency": null,
            "max_readout_frequency": null,
            "avg_readout_frequency": null,
            "min_readoutError": 2.7,
            "max_readoutError": 10.49,
            "avg_readoutError": 6.595000000000001,
            "min_singleQubit_gate_error": 0.13,
            "max_singleQubit_gate_error": 0.18,
            "avg_singleQubit_gate_error": 0.155,
            "min_twoQubits_gate_error": 1.94,
            "max_twoQubits_gate_error": 1.94,
            "avg_twoQubits_gate_error": 1.94,
            "min_t1": 20.6299,
            "max_t1": 24.4534,
            "avg_t1": 22.541649999999997,
            "min_t2": 1.6169,
            "max_t2": 3.1575,
            "avg_t2": 2.3872,
            "twoQubits_gate_error_accumulation": 3.88,
            "expected_fidelity": 0.8121276758419224,
            "idel_entropy": 0.529275348759811,
            "idle_rate": 0.2054794520547945,
            "qubit_frequency_dict": {
                "33": 4.9919,
                "27": 5.3514
            },
            "readout_frequency_dict": {
                "33": null,
                "27": null
            },
            "readoutError_dict": {
                "33": 10.49,
                "27": 2.7
            },
            "singleQubit_gate_error_dict": {
                "33": 0.13,
                "27": 0.18
            },
            "twoQubits_gate_error_dict": {
                "0": {
                    "twoQubits": [
                        33,
                        27
                    ],
                    "cz_error": 1.94
                },
                "1": {
                    "twoQubits": [
                        33,
                        27
                    ],
                    "cz_error": 1.94
                }
            },
            "t1_dict": {
                "33": 20.6299,
                "27": 24.4534
            },
            "t2_dict": {
                "33": 1.6169,
                "27": 3.1575
            },
            "singleQubit_update_time": "2025-03-21 02:33:29",
            "readout_update_time": "2025-03-26 10:32:03",
            "twoQubitGate_update_time": "2025-03-26 08:28:51",
            "origin_circuit": "RZ Q1 -1.570796325\nX2P Q1\nRZ Q1 1.570796325\nX2M Q1\nCZ Q0 Q1\nX2P Q0\nRZ Q0 3.14159265\nX2M Q0\nRZ Q1 1.570796325\nX2P Q1\nRZ Q1 0.7853981625\nX2M Q1\nCZ Q0 Q1\nRZ Q0 2.7712183476226278\nX2P Q0\nRZ Q0 -2.4596526718808813\nX2M Q0\nRZ Q1 -1.570796325\nX2P Q1\nRZ Q1 1.570796325\nX2M Q1\nM Q1\nM Q0",
            "layout": [
                33,
                27
            ],
            "transpiled_circit": "RZ Q27 -1.570796325\nX2P Q27\nRZ Q27 1.570796325\nX2M Q27\nCZ Q33 Q27\nX2P Q33\nRZ Q33 3.14159265\nX2M Q33\nRZ Q27 1.570796325\nX2P Q27\nRZ Q27 0.7853981625\nX2M Q27\nCZ Q33 Q27\nRZ Q33 2.7712183476226278\nX2P Q33\nRZ Q33 -2.4596526718808813\nX2M Q33\nRZ Q27 -1.570796325\nX2P Q27\nRZ Q27 1.570796325\nX2M Q27\nM Q27\nM Q33"
        }
    }
}