{
    "transpiled_randomCircuit_2qubit_1": {
        "run_config": {
            "machine_time": "tianyan176-2",
            "repeat": 1,
            "shots": 8000,
            "layout": [
                5,
                11
            ],
            "layout_id": 122,
            "expected_fidelity": 0.9084466809067302,
            "real_fidelity": 0.9564031608562319,
            "begin_time": "2025-03-26 10:47:55",
            "end_time": "2025-03-26 10:48:07",
            "cost_time": "11.911688 s"
        },
        "circuit_features": {
            "num_qubits": 2,
            "num_gates": 21,
            "depth": 14,
            "program_communication": 1.0,
            "critical_depth": 1.0,
            "entanglement_ratio": 0.09523809523809523,
            "parallelism": 0.5,
            "liveness": 0.8214285714285714,
            "min_qubit_frequency": 5.2468,
            "max_qubit_frequency": 5.5364,
            "avg_qubit_frequency": 5.3916,
            "min_readout_frequency": null,
            "max_readout_frequency": null,
            "avg_readout_frequency": null,
            "min_readoutError": 2.24,
            "max_readoutError": 3.14,
            "avg_readoutError": 2.6900000000000004,
            "min_singleQubit_gate_error": 0.14,
            "max_singleQubit_gate_error": 0.16,
            "avg_singleQubit_gate_error": 0.15000000000000002,
            "min_twoQubits_gate_error": 0.62,
            "max_twoQubits_gate_error": 0.62,
            "avg_twoQubits_gate_error": 0.62,
            "min_t1": 14.1199,
            "max_t1": 32.2286,
            "avg_t1": 23.17425,
            "min_t2": 3.6853,
            "max_t2": 6.1576,
            "avg_t2": 4.92145,
            "twoQubits_gate_error_accumulation": 1.24,
            "expected_fidelity": 0.9084466809067302,
            "idel_entropy": 0.529275348759811,
            "idle_rate": 0.2054794520547945,
            "qubit_frequency_dict": {
                "5": 5.2468,
                "11": 5.5364
            },
            "readout_frequency_dict": {
                "5": null,
                "11": null
            },
            "readoutError_dict": {
                "5": 3.14,
                "11": 2.24
            },
            "singleQubit_gate_error_dict": {
                "5": 0.14,
                "11": 0.16
            },
            "twoQubits_gate_error_dict": {
                "0": {
                    "twoQubits": [
                        5,
                        11
                    ],
                    "cz_error": 0.62
                },
                "1": {
                    "twoQubits": [
                        5,
                        11
                    ],
                    "cz_error": 0.62
                }
            },
            "t1_dict": {
                "5": 32.2286,
                "11": 14.1199
            },
            "t2_dict": {
                "5": 3.6853,
                "11": 6.1576
            },
            "singleQubit_update_time": "2025-03-21 02:33:29",
            "readout_update_time": "2025-03-26 10:32:03",
            "twoQubitGate_update_time": "2025-03-26 08:28:51",
            "origin_circuit": "RZ Q1 -1.570796325\nX2P Q1\nRZ Q1 1.570796325\nX2M Q1\nCZ Q0 Q1\nX2P Q0\nRZ Q0 3.14159265\nX2M Q0\nRZ Q1 1.570796325\nX2P Q1\nRZ Q1 0.7853981625\nX2M Q1\nCZ Q0 Q1\nRZ Q0 2.7712183476226278\nX2P Q0\nRZ Q0 -2.4596526718808813\nX2M Q0\nRZ Q1 -1.570796325\nX2P Q1\nRZ Q1 1.570796325\nX2M Q1\nM Q1\nM Q0",
            "layout": [
                5,
                11
            ],
            "transpiled_circit": "RZ Q11 -1.570796325\nX2P Q11\nRZ Q11 1.570796325\nX2M Q11\nCZ Q5 Q11\nX2P Q5\nRZ Q5 3.14159265\nX2M Q5\nRZ Q11 1.570796325\nX2P Q11\nRZ Q11 0.7853981625\nX2M Q11\nCZ Q5 Q11\nRZ Q5 2.7712183476226278\nX2P Q5\nRZ Q5 -2.4596526718808813\nX2M Q5\nRZ Q11 -1.570796325\nX2P Q11\nRZ Q11 1.570796325\nX2M Q11\nM Q11\nM Q5"
        }
    }
}