{
    "transpiled_randomCircuit_2qubit_1": {
        "run_config": {
            "machine_time": "tianyan176-2",
            "repeat": 1,
            "shots": 8000,
            "layout": [
                27,
                21
            ],
            "layout_id": 47,
            "expected_fidelity": 0.9142595947434329,
            "real_fidelity": 0.9559596137579901,
            "begin_time": "2025-03-26 10:30:06",
            "end_time": "2025-03-26 10:32:31",
            "cost_time": "145.32326 s"
        },
        "circuit_features": {
            "num_qubits": 2,
            "num_gates": 21,
            "depth": 14,
            "program_communication": 1.0,
            "critical_depth": 1.0,
            "entanglement_ratio": 0.09523809523809523,
            "parallelism": 0.5,
            "liveness": 0.8214285714285714,
            "min_qubit_frequency": 5.1414,
            "max_qubit_frequency": 5.3514,
            "avg_qubit_frequency": 5.2463999999999995,
            "min_readout_frequency": null,
            "max_readout_frequency": null,
            "avg_readout_frequency": null,
            "min_readoutError": 1.96,
            "max_readoutError": 2.42,
            "avg_readoutError": 2.19,
            "min_singleQubit_gate_error": 0.08,
            "max_singleQubit_gate_error": 0.18,
            "avg_singleQubit_gate_error": 0.13,
            "min_twoQubits_gate_error": 1.15,
            "max_twoQubits_gate_error": 1.15,
            "avg_twoQubits_gate_error": 1.15,
            "min_t1": 24.4534,
            "max_t1": 42.5285,
            "avg_t1": 33.49095,
            "min_t2": 2.5943,
            "max_t2": 3.1575,
            "avg_t2": 2.8759,
            "twoQubits_gate_error_accumulation": 2.3,
            "expected_fidelity": 0.9142595947434329,
            "idel_entropy": 0.529275348759811,
            "idle_rate": 0.2054794520547945,
            "qubit_frequency_dict": {
                "27": 5.3514,
                "21": 5.1414
            },
            "readout_frequency_dict": {
                "27": null,
                "21": null
            },
            "readoutError_dict": {
                "27": 1.96,
                "21": 2.42
            },
            "singleQubit_gate_error_dict": {
                "27": 0.18,
                "21": 0.08
            },
            "twoQubits_gate_error_dict": {
                "0": {
                    "twoQubits": [
                        27,
                        21
                    ],
                    "cz_error": 1.15
                },
                "1": {
                    "twoQubits": [
                        27,
                        21
                    ],
                    "cz_error": 1.15
                }
            },
            "t1_dict": {
                "27": 24.4534,
                "21": 42.5285
            },
            "t2_dict": {
                "27": 3.1575,
                "21": 2.5943
            },
            "singleQubit_update_time": "2025-03-21 02:33:29",
            "readout_update_time": "2025-03-26 10:01:21",
            "twoQubitGate_update_time": "2025-03-26 08:28:51",
            "origin_circuit": "RZ Q1 -1.570796325\nX2P Q1\nRZ Q1 1.570796325\nX2M Q1\nCZ Q0 Q1\nX2P Q0\nRZ Q0 3.14159265\nX2M Q0\nRZ Q1 1.570796325\nX2P Q1\nRZ Q1 0.7853981625\nX2M Q1\nCZ Q0 Q1\nRZ Q0 2.7712183476226278\nX2P Q0\nRZ Q0 -2.4596526718808813\nX2M Q0\nRZ Q1 -1.570796325\nX2P Q1\nRZ Q1 1.570796325\nX2M Q1\nM Q1\nM Q0",
            "layout": [
                27,
                21
            ],
            "transpiled_circit": "RZ Q21 -1.570796325\nX2P Q21\nRZ Q21 1.570796325\nX2M Q21\nCZ Q27 Q21\nX2P Q27\nRZ Q27 3.14159265\nX2M Q27\nRZ Q21 1.570796325\nX2P Q21\nRZ Q21 0.7853981625\nX2M Q21\nCZ Q27 Q21\nRZ Q27 2.7712183476226278\nX2P Q27\nRZ Q27 -2.4596526718808813\nX2M Q27\nRZ Q21 -1.570796325\nX2P Q21\nRZ Q21 1.570796325\nX2M Q21\nM Q21\nM Q27"
        }
    }
}