{
    "transpiled_randomCircuit_2qubit_1": {
        "run_config": {
            "machine_time": "tianyan176-2",
            "repeat": 1,
            "shots": 8000,
            "layout": [
                13,
                20
            ],
            "layout_id": 36,
            "expected_fidelity": 0.9120477074139578,
            "real_fidelity": 0.9688727428090851,
            "begin_time": "2025-03-26 10:27:48",
            "end_time": "2025-03-26 10:28:01",
            "cost_time": "13.56992 s"
        },
        "circuit_features": {
            "num_qubits": 2,
            "num_gates": 21,
            "depth": 14,
            "program_communication": 1.0,
            "critical_depth": 1.0,
            "entanglement_ratio": 0.09523809523809523,
            "parallelism": 0.5,
            "liveness": 0.8214285714285714,
            "min_qubit_frequency": 5.1915,
            "max_qubit_frequency": 5.3375,
            "avg_qubit_frequency": 5.2645,
            "min_readout_frequency": null,
            "max_readout_frequency": null,
            "avg_readout_frequency": null,
            "min_readoutError": 1.15,
            "max_readoutError": 3.73,
            "avg_readoutError": 2.44,
            "min_singleQubit_gate_error": 0.12,
            "max_singleQubit_gate_error": 0.15,
            "avg_singleQubit_gate_error": 0.135,
            "min_twoQubits_gate_error": 0.8,
            "max_twoQubits_gate_error": 0.8,
            "avg_twoQubits_gate_error": 0.8,
            "min_t1": 22.2184,
            "max_t1": 25.2821,
            "avg_t1": 23.75025,
            "min_t2": 2.2364,
            "max_t2": 3.3763,
            "avg_t2": 2.80635,
            "twoQubits_gate_error_accumulation": 1.6,
            "expected_fidelity": 0.9120477074139578,
            "idel_entropy": 0.529275348759811,
            "idle_rate": 0.2054794520547945,
            "qubit_frequency_dict": {
                "13": 5.1915,
                "20": 5.3375
            },
            "readout_frequency_dict": {
                "13": null,
                "20": null
            },
            "readoutError_dict": {
                "13": 3.73,
                "20": 1.15
            },
            "singleQubit_gate_error_dict": {
                "13": 0.12,
                "20": 0.15
            },
            "twoQubits_gate_error_dict": {
                "0": {
                    "twoQubits": [
                        13,
                        20
                    ],
                    "cz_error": 0.8
                },
                "1": {
                    "twoQubits": [
                        13,
                        20
                    ],
                    "cz_error": 0.8
                }
            },
            "t1_dict": {
                "13": 22.2184,
                "20": 25.2821
            },
            "t2_dict": {
                "13": 2.2364,
                "20": 3.3763
            },
            "singleQubit_update_time": "2025-03-21 02:33:29",
            "readout_update_time": "2025-03-26 10:01:21",
            "twoQubitGate_update_time": "2025-03-26 08:28:51",
            "origin_circuit": "RZ Q1 -1.570796325\nX2P Q1\nRZ Q1 1.570796325\nX2M Q1\nCZ Q0 Q1\nX2P Q0\nRZ Q0 3.14159265\nX2M Q0\nRZ Q1 1.570796325\nX2P Q1\nRZ Q1 0.7853981625\nX2M Q1\nCZ Q0 Q1\nRZ Q0 2.7712183476226278\nX2P Q0\nRZ Q0 -2.4596526718808813\nX2M Q0\nRZ Q1 -1.570796325\nX2P Q1\nRZ Q1 1.570796325\nX2M Q1\nM Q1\nM Q0",
            "layout": [
                13,
                20
            ],
            "transpiled_circit": "RZ Q20 -1.570796325\nX2P Q20\nRZ Q20 1.570796325\nX2M Q20\nCZ Q13 Q20\nX2P Q13\nRZ Q13 3.14159265\nX2M Q13\nRZ Q20 1.570796325\nX2P Q20\nRZ Q20 0.7853981625\nX2M Q20\nCZ Q13 Q20\nRZ Q13 2.7712183476226278\nX2P Q13\nRZ Q13 -2.4596526718808813\nX2M Q13\nRZ Q20 -1.570796325\nX2P Q20\nRZ Q20 1.570796325\nX2M Q20\nM Q20\nM Q13"
        }
    }
}