{
    "transpiled_randomCircuit_2qubit_1": {
        "run_config": {
            "machine_time": "tianyan176-2",
            "repeat": 1,
            "shots": 8000,
            "layout": [
                35,
                40
            ],
            "layout_id": 83,
            "expected_fidelity": 0.8269891798047777,
            "real_fidelity": 0.950241127903512,
            "begin_time": "2025-03-26 10:39:54",
            "end_time": "2025-03-26 10:40:05",
            "cost_time": "11.447459 s"
        },
        "circuit_features": {
            "num_qubits": 2,
            "num_gates": 21,
            "depth": 14,
            "program_communication": 1.0,
            "critical_depth": 1.0,
            "entanglement_ratio": 0.09523809523809523,
            "parallelism": 0.5,
            "liveness": 0.8214285714285714,
            "min_qubit_frequency": 5.4909,
            "max_qubit_frequency": 5.624,
            "avg_qubit_frequency": 5.557449999999999,
            "min_readout_frequency": null,
            "max_readout_frequency": null,
            "avg_readout_frequency": null,
            "min_readoutError": 2.23,
            "max_readoutError": 6.41,
            "avg_readoutError": 4.32,
            "min_singleQubit_gate_error": 0.15,
            "max_singleQubit_gate_error": 0.22,
            "avg_singleQubit_gate_error": 0.185,
            "min_twoQubits_gate_error": 3.33,
            "max_twoQubits_gate_error": 3.33,
            "avg_twoQubits_gate_error": 3.33,
            "min_t1": 6.5598,
            "max_t1": 15.3278,
            "avg_t1": 10.9438,
            "min_t2": 4.1847,
            "max_t2": 4.892,
            "avg_t2": 4.53835,
            "twoQubits_gate_error_accumulation": 6.66,
            "expected_fidelity": 0.8269891798047777,
            "idel_entropy": 0.529275348759811,
            "idle_rate": 0.2054794520547945,
            "qubit_frequency_dict": {
                "35": 5.624,
                "40": 5.4909
            },
            "readout_frequency_dict": {
                "35": null,
                "40": null
            },
            "readoutError_dict": {
                "35": 6.41,
                "40": 2.23
            },
            "singleQubit_gate_error_dict": {
                "35": 0.22,
                "40": 0.15
            },
            "twoQubits_gate_error_dict": {
                "0": {
                    "twoQubits": [
                        35,
                        40
                    ],
                    "cz_error": 3.33
                },
                "1": {
                    "twoQubits": [
                        35,
                        40
                    ],
                    "cz_error": 3.33
                }
            },
            "t1_dict": {
                "35": 6.5598,
                "40": 15.3278
            },
            "t2_dict": {
                "35": 4.1847,
                "40": 4.892
            },
            "singleQubit_update_time": "2025-03-21 02:33:29",
            "readout_update_time": "2025-03-26 10:32:03",
            "twoQubitGate_update_time": "2025-03-26 08:28:51",
            "origin_circuit": "RZ Q1 -1.570796325\nX2P Q1\nRZ Q1 1.570796325\nX2M Q1\nCZ Q0 Q1\nX2P Q0\nRZ Q0 3.14159265\nX2M Q0\nRZ Q1 1.570796325\nX2P Q1\nRZ Q1 0.7853981625\nX2M Q1\nCZ Q0 Q1\nRZ Q0 2.7712183476226278\nX2P Q0\nRZ Q0 -2.4596526718808813\nX2M Q0\nRZ Q1 -1.570796325\nX2P Q1\nRZ Q1 1.570796325\nX2M Q1\nM Q1\nM Q0",
            "layout": [
                35,
                40
            ],
            "transpiled_circit": "RZ Q40 -1.570796325\nX2P Q40\nRZ Q40 1.570796325\nX2M Q40\nCZ Q35 Q40\nX2P Q35\nRZ Q35 3.14159265\nX2M Q35\nRZ Q40 1.570796325\nX2P Q40\nRZ Q40 0.7853981625\nX2M Q40\nCZ Q35 Q40\nRZ Q35 2.7712183476226278\nX2P Q35\nRZ Q35 -2.4596526718808813\nX2M Q35\nRZ Q40 -1.570796325\nX2P Q40\nRZ Q40 1.570796325\nX2M Q40\nM Q40\nM Q35"
        }
    }
}