{
    "transpiled_randomCircuit_2qubit_1": {
        "run_config": {
            "machine_time": "tianyan176-2",
            "repeat": 1,
            "shots": 8000,
            "layout": [
                48,
                54
            ],
            "layout_id": 151,
            "expected_fidelity": 0.8804909454433755,
            "real_fidelity": 0.9667654947654367,
            "begin_time": "2025-03-26 10:53:58",
            "end_time": "2025-03-26 10:54:12",
            "cost_time": "13.876892 s"
        },
        "circuit_features": {
            "num_qubits": 2,
            "num_gates": 21,
            "depth": 14,
            "program_communication": 1.0,
            "critical_depth": 1.0,
            "entanglement_ratio": 0.09523809523809523,
            "parallelism": 0.5,
            "liveness": 0.8214285714285714,
            "min_qubit_frequency": 5.1376,
            "max_qubit_frequency": 5.3503,
            "avg_qubit_frequency": 5.24395,
            "min_readout_frequency": null,
            "max_readout_frequency": null,
            "avg_readout_frequency": null,
            "min_readoutError": 2.74,
            "max_readoutError": 4.31,
            "avg_readoutError": 3.525,
            "min_singleQubit_gate_error": 0.18,
            "max_singleQubit_gate_error": 0.19,
            "avg_singleQubit_gate_error": 0.185,
            "min_twoQubits_gate_error": 1.02,
            "max_twoQubits_gate_error": 1.02,
            "avg_twoQubits_gate_error": 1.02,
            "min_t1": 21.3374,
            "max_t1": 28.7803,
            "avg_t1": 25.05885,
            "min_t2": 2.0195,
            "max_t2": 4.3417,
            "avg_t2": 3.1806,
            "twoQubits_gate_error_accumulation": 2.04,
            "expected_fidelity": 0.8804909454433755,
            "idel_entropy": 0.529275348759811,
            "idle_rate": 0.2054794520547945,
            "qubit_frequency_dict": {
                "48": 5.1376,
                "54": 5.3503
            },
            "readout_frequency_dict": {
                "48": null,
                "54": null
            },
            "readoutError_dict": {
                "48": 4.31,
                "54": 2.74
            },
            "singleQubit_gate_error_dict": {
                "48": 0.19,
                "54": 0.18
            },
            "twoQubits_gate_error_dict": {
                "0": {
                    "twoQubits": [
                        48,
                        54
                    ],
                    "cz_error": 1.02
                },
                "1": {
                    "twoQubits": [
                        48,
                        54
                    ],
                    "cz_error": 1.02
                }
            },
            "t1_dict": {
                "48": 21.3374,
                "54": 28.7803
            },
            "t2_dict": {
                "48": 2.0195,
                "54": 4.3417
            },
            "singleQubit_update_time": "2025-03-21 02:33:29",
            "readout_update_time": "2025-03-26 10:32:03",
            "twoQubitGate_update_time": "2025-03-26 08:28:51",
            "origin_circuit": "RZ Q1 -1.570796325\nX2P Q1\nRZ Q1 1.570796325\nX2M Q1\nCZ Q0 Q1\nX2P Q0\nRZ Q0 3.14159265\nX2M Q0\nRZ Q1 1.570796325\nX2P Q1\nRZ Q1 0.7853981625\nX2M Q1\nCZ Q0 Q1\nRZ Q0 2.7712183476226278\nX2P Q0\nRZ Q0 -2.4596526718808813\nX2M Q0\nRZ Q1 -1.570796325\nX2P Q1\nRZ Q1 1.570796325\nX2M Q1\nM Q1\nM Q0",
            "layout": [
                48,
                54
            ],
            "transpiled_circit": "RZ Q54 -1.570796325\nX2P Q54\nRZ Q54 1.570796325\nX2M Q54\nCZ Q48 Q54\nX2P Q48\nRZ Q48 3.14159265\nX2M Q48\nRZ Q54 1.570796325\nX2P Q54\nRZ Q54 0.7853981625\nX2M Q54\nCZ Q48 Q54\nRZ Q48 2.7712183476226278\nX2P Q48\nRZ Q48 -2.4596526718808813\nX2M Q48\nRZ Q54 -1.570796325\nX2P Q54\nRZ Q54 1.570796325\nX2M Q54\nM Q54\nM Q48"
        }
    }
}