{
    "transpiled_randomCircuit_2qubit_1": {
        "run_config": {
            "machine_time": "tianyan176-2",
            "repeat": 1,
            "shots": 8000,
            "layout": [
                13,
                7
            ],
            "layout_id": 38,
            "expected_fidelity": 0.8512423586554986,
            "real_fidelity": 0.9037494471427611,
            "begin_time": "2025-03-26 10:28:16",
            "end_time": "2025-03-26 10:28:27",
            "cost_time": "11.415071 s"
        },
        "circuit_features": {
            "num_qubits": 2,
            "num_gates": 21,
            "depth": 14,
            "program_communication": 1.0,
            "critical_depth": 1.0,
            "entanglement_ratio": 0.09523809523809523,
            "parallelism": 0.5,
            "liveness": 0.8214285714285714,
            "min_qubit_frequency": 5.1915,
            "max_qubit_frequency": 5.2499,
            "avg_qubit_frequency": 5.2207,
            "min_readout_frequency": null,
            "max_readout_frequency": null,
            "avg_readout_frequency": null,
            "min_readoutError": 2.4,
            "max_readoutError": 3.73,
            "avg_readoutError": 3.065,
            "min_singleQubit_gate_error": 0.12,
            "max_singleQubit_gate_error": 0.14,
            "avg_singleQubit_gate_error": 0.13,
            "min_twoQubits_gate_error": 3.61,
            "max_twoQubits_gate_error": 3.61,
            "avg_twoQubits_gate_error": 3.61,
            "min_t1": 22.2184,
            "max_t1": 24.8103,
            "avg_t1": 23.51435,
            "min_t2": 2.2364,
            "max_t2": 2.6129,
            "avg_t2": 2.4246499999999997,
            "twoQubits_gate_error_accumulation": 7.22,
            "expected_fidelity": 0.8512423586554986,
            "idel_entropy": 0.529275348759811,
            "idle_rate": 0.2054794520547945,
            "qubit_frequency_dict": {
                "13": 5.1915,
                "7": 5.2499
            },
            "readout_frequency_dict": {
                "13": null,
                "7": null
            },
            "readoutError_dict": {
                "13": 3.73,
                "7": 2.4
            },
            "singleQubit_gate_error_dict": {
                "13": 0.12,
                "7": 0.14
            },
            "twoQubits_gate_error_dict": {
                "0": {
                    "twoQubits": [
                        13,
                        7
                    ],
                    "cz_error": 3.61
                },
                "1": {
                    "twoQubits": [
                        13,
                        7
                    ],
                    "cz_error": 3.61
                }
            },
            "t1_dict": {
                "13": 22.2184,
                "7": 24.8103
            },
            "t2_dict": {
                "13": 2.2364,
                "7": 2.6129
            },
            "singleQubit_update_time": "2025-03-21 02:33:29",
            "readout_update_time": "2025-03-26 10:01:21",
            "twoQubitGate_update_time": "2025-03-26 08:28:51",
            "origin_circuit": "RZ Q1 -1.570796325\nX2P Q1\nRZ Q1 1.570796325\nX2M Q1\nCZ Q0 Q1\nX2P Q0\nRZ Q0 3.14159265\nX2M Q0\nRZ Q1 1.570796325\nX2P Q1\nRZ Q1 0.7853981625\nX2M Q1\nCZ Q0 Q1\nRZ Q0 2.7712183476226278\nX2P Q0\nRZ Q0 -2.4596526718808813\nX2M Q0\nRZ Q1 -1.570796325\nX2P Q1\nRZ Q1 1.570796325\nX2M Q1\nM Q1\nM Q0",
            "layout": [
                13,
                7
            ],
            "transpiled_circit": "RZ Q7 -1.570796325\nX2P Q7\nRZ Q7 1.570796325\nX2M Q7\nCZ Q13 Q7\nX2P Q13\nRZ Q13 3.14159265\nX2M Q13\nRZ Q7 1.570796325\nX2P Q7\nRZ Q7 0.7853981625\nX2M Q7\nCZ Q13 Q7\nRZ Q13 2.7712183476226278\nX2P Q13\nRZ Q13 -2.4596526718808813\nX2M Q13\nRZ Q7 -1.570796325\nX2P Q7\nRZ Q7 1.570796325\nX2M Q7\nM Q7\nM Q13"
        }
    }
}