{
    "transpiled_randomCircuit_2qubit_1": {
        "run_config": {
            "machine_time": "tianyan176-2",
            "repeat": 1,
            "shots": 8000,
            "layout": [
                45,
                51
            ],
            "layout_id": 134,
            "expected_fidelity": 0.881137875233645,
            "real_fidelity": 0.9149422040257728,
            "begin_time": "2025-03-26 10:50:26",
            "end_time": "2025-03-26 10:50:43",
            "cost_time": "16.460172 s"
        },
        "circuit_features": {
            "num_qubits": 2,
            "num_gates": 21,
            "depth": 14,
            "program_communication": 1.0,
            "critical_depth": 1.0,
            "entanglement_ratio": 0.09523809523809523,
            "parallelism": 0.5,
            "liveness": 0.8214285714285714,
            "min_qubit_frequency": 5.3877,
            "max_qubit_frequency": 5.4993,
            "avg_qubit_frequency": 5.4435,
            "min_readout_frequency": null,
            "max_readout_frequency": null,
            "avg_readout_frequency": null,
            "min_readoutError": 1.08,
            "max_readoutError": 1.76,
            "avg_readoutError": 1.42,
            "min_singleQubit_gate_error": 0.11,
            "max_singleQubit_gate_error": 0.17,
            "avg_singleQubit_gate_error": 0.14,
            "min_twoQubits_gate_error": 3.43,
            "max_twoQubits_gate_error": 3.43,
            "avg_twoQubits_gate_error": 3.43,
            "min_t1": 28.7526,
            "max_t1": 28.9975,
            "avg_t1": 28.87505,
            "min_t2": 3.7232,
            "max_t2": 6.335,
            "avg_t2": 5.0291,
            "twoQubits_gate_error_accumulation": 6.86,
            "expected_fidelity": 0.881137875233645,
            "idel_entropy": 0.529275348759811,
            "idle_rate": 0.2054794520547945,
            "qubit_frequency_dict": {
                "45": 5.4993,
                "51": 5.3877
            },
            "readout_frequency_dict": {
                "45": null,
                "51": null
            },
            "readoutError_dict": {
                "45": 1.76,
                "51": 1.08
            },
            "singleQubit_gate_error_dict": {
                "45": 0.11,
                "51": 0.17
            },
            "twoQubits_gate_error_dict": {
                "0": {
                    "twoQubits": [
                        45,
                        51
                    ],
                    "cz_error": 3.43
                },
                "1": {
                    "twoQubits": [
                        45,
                        51
                    ],
                    "cz_error": 3.43
                }
            },
            "t1_dict": {
                "45": 28.7526,
                "51": 28.9975
            },
            "t2_dict": {
                "45": 6.335,
                "51": 3.7232
            },
            "singleQubit_update_time": "2025-03-21 02:33:29",
            "readout_update_time": "2025-03-26 10:32:03",
            "twoQubitGate_update_time": "2025-03-26 08:28:51",
            "origin_circuit": "RZ Q1 -1.570796325\nX2P Q1\nRZ Q1 1.570796325\nX2M Q1\nCZ Q0 Q1\nX2P Q0\nRZ Q0 3.14159265\nX2M Q0\nRZ Q1 1.570796325\nX2P Q1\nRZ Q1 0.7853981625\nX2M Q1\nCZ Q0 Q1\nRZ Q0 2.7712183476226278\nX2P Q0\nRZ Q0 -2.4596526718808813\nX2M Q0\nRZ Q1 -1.570796325\nX2P Q1\nRZ Q1 1.570796325\nX2M Q1\nM Q1\nM Q0",
            "layout": [
                45,
                51
            ],
            "transpiled_circit": "RZ Q51 -1.570796325\nX2P Q51\nRZ Q51 1.570796325\nX2M Q51\nCZ Q45 Q51\nX2P Q45\nRZ Q45 3.14159265\nX2M Q45\nRZ Q51 1.570796325\nX2P Q51\nRZ Q51 0.7853981625\nX2M Q51\nCZ Q45 Q51\nRZ Q45 2.7712183476226278\nX2P Q45\nRZ Q45 -2.4596526718808813\nX2M Q45\nRZ Q51 -1.570796325\nX2P Q51\nRZ Q51 1.570796325\nX2M Q51\nM Q51\nM Q45"
        }
    }
}