{
    "transpiled_randomCircuit_2qubit_1": {
        "run_config": {
            "machine_time": "tianyan176-2",
            "repeat": 1,
            "shots": 8000,
            "layout": [
                32,
                25
            ],
            "layout_id": 65,
            "expected_fidelity": 0.8731887458878425,
            "real_fidelity": 0.972374994808476,
            "begin_time": "2025-03-26 10:36:07",
            "end_time": "2025-03-26 10:36:19",
            "cost_time": "11.411446 s"
        },
        "circuit_features": {
            "num_qubits": 2,
            "num_gates": 21,
            "depth": 14,
            "program_communication": 1.0,
            "critical_depth": 1.0,
            "entanglement_ratio": 0.09523809523809523,
            "parallelism": 0.5,
            "liveness": 0.8214285714285714,
            "min_qubit_frequency": 5.316,
            "max_qubit_frequency": 5.5602,
            "avg_qubit_frequency": 5.4381,
            "min_readout_frequency": null,
            "max_readout_frequency": null,
            "avg_readout_frequency": null,
            "min_readoutError": 2.33,
            "max_readoutError": 3.05,
            "avg_readoutError": 2.69,
            "min_singleQubit_gate_error": 0.17,
            "max_singleQubit_gate_error": 0.29,
            "avg_singleQubit_gate_error": 0.22999999999999998,
            "min_twoQubits_gate_error": 1.7,
            "max_twoQubits_gate_error": 1.7,
            "avg_twoQubits_gate_error": 1.7,
            "min_t1": 8.7069,
            "max_t1": 30.0228,
            "avg_t1": 19.36485,
            "min_t2": 2.815,
            "max_t2": 4.0429,
            "avg_t2": 3.4289500000000004,
            "twoQubits_gate_error_accumulation": 3.4,
            "expected_fidelity": 0.8731887458878425,
            "idel_entropy": 0.529275348759811,
            "idle_rate": 0.2054794520547945,
            "qubit_frequency_dict": {
                "32": 5.316,
                "25": 5.5602
            },
            "readout_frequency_dict": {
                "32": null,
                "25": null
            },
            "readoutError_dict": {
                "32": 3.05,
                "25": 2.33
            },
            "singleQubit_gate_error_dict": {
                "32": 0.17,
                "25": 0.29
            },
            "twoQubits_gate_error_dict": {
                "0": {
                    "twoQubits": [
                        32,
                        25
                    ],
                    "cz_error": 1.7
                },
                "1": {
                    "twoQubits": [
                        32,
                        25
                    ],
                    "cz_error": 1.7
                }
            },
            "t1_dict": {
                "32": 30.0228,
                "25": 8.7069
            },
            "t2_dict": {
                "32": 2.815,
                "25": 4.0429
            },
            "singleQubit_update_time": "2025-03-21 02:33:29",
            "readout_update_time": "2025-03-26 10:32:03",
            "twoQubitGate_update_time": "2025-03-26 08:28:51",
            "origin_circuit": "RZ Q1 -1.570796325\nX2P Q1\nRZ Q1 1.570796325\nX2M Q1\nCZ Q0 Q1\nX2P Q0\nRZ Q0 3.14159265\nX2M Q0\nRZ Q1 1.570796325\nX2P Q1\nRZ Q1 0.7853981625\nX2M Q1\nCZ Q0 Q1\nRZ Q0 2.7712183476226278\nX2P Q0\nRZ Q0 -2.4596526718808813\nX2M Q0\nRZ Q1 -1.570796325\nX2P Q1\nRZ Q1 1.570796325\nX2M Q1\nM Q1\nM Q0",
            "layout": [
                32,
                25
            ],
            "transpiled_circit": "RZ Q25 -1.570796325\nX2P Q25\nRZ Q25 1.570796325\nX2M Q25\nCZ Q32 Q25\nX2P Q32\nRZ Q32 3.14159265\nX2M Q32\nRZ Q25 1.570796325\nX2P Q25\nRZ Q25 0.7853981625\nX2M Q25\nCZ Q32 Q25\nRZ Q32 2.7712183476226278\nX2P Q32\nRZ Q32 -2.4596526718808813\nX2M Q32\nRZ Q25 -1.570796325\nX2P Q25\nRZ Q25 1.570796325\nX2M Q25\nM Q25\nM Q32"
        }
    }
}