{
    "transpiled_randomCircuit_2qubit_1": {
        "run_config": {
            "machine_time": "tianyan176-2",
            "repeat": 1,
            "shots": 8000,
            "layout": [
                19,
                12
            ],
            "layout_id": 63,
            "expected_fidelity": 0.8400713727209462,
            "real_fidelity": 0.8821463489566569,
            "begin_time": "2025-03-26 10:35:44",
            "end_time": "2025-03-26 10:35:55",
            "cost_time": "11.34077 s"
        },
        "circuit_features": {
            "num_qubits": 2,
            "num_gates": 21,
            "depth": 14,
            "program_communication": 1.0,
            "critical_depth": 1.0,
            "entanglement_ratio": 0.09523809523809523,
            "parallelism": 0.5,
            "liveness": 0.8214285714285714,
            "min_qubit_frequency": 5.4547,
            "max_qubit_frequency": 5.5417,
            "avg_qubit_frequency": 5.4982,
            "min_readout_frequency": null,
            "max_readout_frequency": null,
            "avg_readout_frequency": null,
            "min_readoutError": 1.29,
            "max_readoutError": 2.61,
            "avg_readoutError": 1.95,
            "min_singleQubit_gate_error": 0.39,
            "max_singleQubit_gate_error": 0.51,
            "avg_singleQubit_gate_error": 0.45,
            "min_twoQubits_gate_error": 2.28,
            "max_twoQubits_gate_error": 2.28,
            "avg_twoQubits_gate_error": 2.28,
            "min_t1": 13.3829,
            "max_t1": 33.3492,
            "avg_t1": 23.36605,
            "min_t2": 3.2493,
            "max_t2": 3.4857,
            "avg_t2": 3.3674999999999997,
            "twoQubits_gate_error_accumulation": 4.56,
            "expected_fidelity": 0.8400713727209462,
            "idel_entropy": 0.529275348759811,
            "idle_rate": 0.2054794520547945,
            "qubit_frequency_dict": {
                "19": 5.4547,
                "12": 5.5417
            },
            "readout_frequency_dict": {
                "19": null,
                "12": null
            },
            "readoutError_dict": {
                "19": 1.29,
                "12": 2.61
            },
            "singleQubit_gate_error_dict": {
                "19": 0.39,
                "12": 0.51
            },
            "twoQubits_gate_error_dict": {
                "0": {
                    "twoQubits": [
                        19,
                        12
                    ],
                    "cz_error": 2.28
                },
                "1": {
                    "twoQubits": [
                        19,
                        12
                    ],
                    "cz_error": 2.28
                }
            },
            "t1_dict": {
                "19": 33.3492,
                "12": 13.3829
            },
            "t2_dict": {
                "19": 3.4857,
                "12": 3.2493
            },
            "singleQubit_update_time": "2025-03-21 02:33:29",
            "readout_update_time": "2025-03-26 10:32:03",
            "twoQubitGate_update_time": "2025-03-26 08:28:51",
            "origin_circuit": "RZ Q1 -1.570796325\nX2P Q1\nRZ Q1 1.570796325\nX2M Q1\nCZ Q0 Q1\nX2P Q0\nRZ Q0 3.14159265\nX2M Q0\nRZ Q1 1.570796325\nX2P Q1\nRZ Q1 0.7853981625\nX2M Q1\nCZ Q0 Q1\nRZ Q0 2.7712183476226278\nX2P Q0\nRZ Q0 -2.4596526718808813\nX2M Q0\nRZ Q1 -1.570796325\nX2P Q1\nRZ Q1 1.570796325\nX2M Q1\nM Q1\nM Q0",
            "layout": [
                19,
                12
            ],
            "transpiled_circit": "RZ Q12 -1.570796325\nX2P Q12\nRZ Q12 1.570796325\nX2M Q12\nCZ Q19 Q12\nX2P Q19\nRZ Q19 3.14159265\nX2M Q19\nRZ Q12 1.570796325\nX2P Q12\nRZ Q12 0.7853981625\nX2M Q12\nCZ Q19 Q12\nRZ Q19 2.7712183476226278\nX2P Q19\nRZ Q19 -2.4596526718808813\nX2M Q19\nRZ Q12 -1.570796325\nX2P Q12\nRZ Q12 1.570796325\nX2M Q12\nM Q12\nM Q19"
        }
    }
}