{
    "transpiled_randomCircuit_2qubit_1": {
        "run_config": {
            "machine_time": "tianyan176-2",
            "repeat": 1,
            "shots": 8000,
            "layout": [
                46,
                40
            ],
            "layout_id": 135,
            "expected_fidelity": 0.85527497893753,
            "real_fidelity": 0.9444842504902977,
            "begin_time": "2025-03-26 10:50:43",
            "end_time": "2025-03-26 10:50:55",
            "cost_time": "11.449443 s"
        },
        "circuit_features": {
            "num_qubits": 2,
            "num_gates": 21,
            "depth": 14,
            "program_communication": 1.0,
            "critical_depth": 1.0,
            "entanglement_ratio": 0.09523809523809523,
            "parallelism": 0.5,
            "liveness": 0.8214285714285714,
            "min_qubit_frequency": 5.0382,
            "max_qubit_frequency": 5.4909,
            "avg_qubit_frequency": 5.26455,
            "min_readout_frequency": null,
            "max_readout_frequency": null,
            "avg_readout_frequency": null,
            "min_readoutError": 2.23,
            "max_readoutError": 7.35,
            "avg_readoutError": 4.79,
            "min_singleQubit_gate_error": 0.14,
            "max_singleQubit_gate_error": 0.15,
            "avg_singleQubit_gate_error": 0.14500000000000002,
            "min_twoQubits_gate_error": 1.47,
            "max_twoQubits_gate_error": 1.47,
            "avg_twoQubits_gate_error": 1.47,
            "min_t1": 15.3278,
            "max_t1": 22.2597,
            "avg_t1": 18.79375,
            "min_t2": 1.9999,
            "max_t2": 4.892,
            "avg_t2": 3.4459500000000003,
            "twoQubits_gate_error_accumulation": 2.94,
            "expected_fidelity": 0.85527497893753,
            "idel_entropy": 0.529275348759811,
            "idle_rate": 0.2054794520547945,
            "qubit_frequency_dict": {
                "46": 5.0382,
                "40": 5.4909
            },
            "readout_frequency_dict": {
                "46": null,
                "40": null
            },
            "readoutError_dict": {
                "46": 7.35,
                "40": 2.23
            },
            "singleQubit_gate_error_dict": {
                "46": 0.14,
                "40": 0.15
            },
            "twoQubits_gate_error_dict": {
                "0": {
                    "twoQubits": [
                        46,
                        40
                    ],
                    "cz_error": 1.47
                },
                "1": {
                    "twoQubits": [
                        46,
                        40
                    ],
                    "cz_error": 1.47
                }
            },
            "t1_dict": {
                "46": 22.2597,
                "40": 15.3278
            },
            "t2_dict": {
                "46": 1.9999,
                "40": 4.892
            },
            "singleQubit_update_time": "2025-03-21 02:33:29",
            "readout_update_time": "2025-03-26 10:32:03",
            "twoQubitGate_update_time": "2025-03-26 08:28:51",
            "origin_circuit": "RZ Q1 -1.570796325\nX2P Q1\nRZ Q1 1.570796325\nX2M Q1\nCZ Q0 Q1\nX2P Q0\nRZ Q0 3.14159265\nX2M Q0\nRZ Q1 1.570796325\nX2P Q1\nRZ Q1 0.7853981625\nX2M Q1\nCZ Q0 Q1\nRZ Q0 2.7712183476226278\nX2P Q0\nRZ Q0 -2.4596526718808813\nX2M Q0\nRZ Q1 -1.570796325\nX2P Q1\nRZ Q1 1.570796325\nX2M Q1\nM Q1\nM Q0",
            "layout": [
                46,
                40
            ],
            "transpiled_circit": "RZ Q40 -1.570796325\nX2P Q40\nRZ Q40 1.570796325\nX2M Q40\nCZ Q46 Q40\nX2P Q46\nRZ Q46 3.14159265\nX2M Q46\nRZ Q40 1.570796325\nX2P Q40\nRZ Q40 0.7853981625\nX2M Q40\nCZ Q46 Q40\nRZ Q46 2.7712183476226278\nX2P Q46\nRZ Q46 -2.4596526718808813\nX2M Q46\nRZ Q40 -1.570796325\nX2P Q40\nRZ Q40 1.570796325\nX2M Q40\nM Q40\nM Q46"
        }
    }
}