{
    "transpiled_randomCircuit_2qubit_1": {
        "run_config": {
            "machine_time": "tianyan176-2",
            "repeat": 1,
            "shots": 8000,
            "layout": [
                37,
                44
            ],
            "layout_id": 98,
            "expected_fidelity": 0.9212940978058538,
            "real_fidelity": 0.9697272039682502,
            "begin_time": "2025-03-26 10:42:57",
            "end_time": "2025-03-26 10:43:09",
            "cost_time": "11.373088 s"
        },
        "circuit_features": {
            "num_qubits": 2,
            "num_gates": 21,
            "depth": 14,
            "program_communication": 1.0,
            "critical_depth": 1.0,
            "entanglement_ratio": 0.09523809523809523,
            "parallelism": 0.5,
            "liveness": 0.8214285714285714,
            "min_qubit_frequency": 5.1539,
            "max_qubit_frequency": 5.4592,
            "avg_qubit_frequency": 5.30655,
            "min_readout_frequency": null,
            "max_readout_frequency": null,
            "avg_readout_frequency": null,
            "min_readoutError": 1.22,
            "max_readoutError": 2.08,
            "avg_readoutError": 1.65,
            "min_singleQubit_gate_error": 0.16,
            "max_singleQubit_gate_error": 0.22,
            "avg_singleQubit_gate_error": 0.19,
            "min_twoQubits_gate_error": 0.7,
            "max_twoQubits_gate_error": 0.7,
            "avg_twoQubits_gate_error": 0.7,
            "min_t1": 23.4787,
            "max_t1": 28.0461,
            "avg_t1": 25.7624,
            "min_t2": 1.8098,
            "max_t2": 3.5204,
            "avg_t2": 2.6651,
            "twoQubits_gate_error_accumulation": 1.4,
            "expected_fidelity": 0.9212940978058538,
            "idel_entropy": 0.529275348759811,
            "idle_rate": 0.2054794520547945,
            "qubit_frequency_dict": {
                "37": 5.1539,
                "44": 5.4592
            },
            "readout_frequency_dict": {
                "37": null,
                "44": null
            },
            "readoutError_dict": {
                "37": 2.08,
                "44": 1.22
            },
            "singleQubit_gate_error_dict": {
                "37": 0.22,
                "44": 0.16
            },
            "twoQubits_gate_error_dict": {
                "0": {
                    "twoQubits": [
                        37,
                        44
                    ],
                    "cz_error": 0.7
                },
                "1": {
                    "twoQubits": [
                        37,
                        44
                    ],
                    "cz_error": 0.7
                }
            },
            "t1_dict": {
                "37": 28.0461,
                "44": 23.4787
            },
            "t2_dict": {
                "37": 1.8098,
                "44": 3.5204
            },
            "singleQubit_update_time": "2025-03-21 02:33:29",
            "readout_update_time": "2025-03-26 10:32:03",
            "twoQubitGate_update_time": "2025-03-26 08:28:51",
            "origin_circuit": "RZ Q1 -1.570796325\nX2P Q1\nRZ Q1 1.570796325\nX2M Q1\nCZ Q0 Q1\nX2P Q0\nRZ Q0 3.14159265\nX2M Q0\nRZ Q1 1.570796325\nX2P Q1\nRZ Q1 0.7853981625\nX2M Q1\nCZ Q0 Q1\nRZ Q0 2.7712183476226278\nX2P Q0\nRZ Q0 -2.4596526718808813\nX2M Q0\nRZ Q1 -1.570796325\nX2P Q1\nRZ Q1 1.570796325\nX2M Q1\nM Q1\nM Q0",
            "layout": [
                37,
                44
            ],
            "transpiled_circit": "RZ Q44 -1.570796325\nX2P Q44\nRZ Q44 1.570796325\nX2M Q44\nCZ Q37 Q44\nX2P Q37\nRZ Q37 3.14159265\nX2M Q37\nRZ Q44 1.570796325\nX2P Q44\nRZ Q44 0.7853981625\nX2M Q44\nCZ Q37 Q44\nRZ Q37 2.7712183476226278\nX2P Q37\nRZ Q37 -2.4596526718808813\nX2M Q37\nRZ Q44 -1.570796325\nX2P Q44\nRZ Q44 1.570796325\nX2M Q44\nM Q44\nM Q37"
        }
    }
}