{
    "transpiled_randomCircuit_2qubit_1": {
        "run_config": {
            "machine_time": "tianyan176-2",
            "repeat": 1,
            "shots": 8000,
            "layout": [
                48,
                55
            ],
            "layout_id": 150,
            "expected_fidelity": 0.8703183619957601,
            "real_fidelity": 0.9642462377193245,
            "begin_time": "2025-03-26 10:53:47",
            "end_time": "2025-03-26 10:53:58",
            "cost_time": "11.257944 s"
        },
        "circuit_features": {
            "num_qubits": 2,
            "num_gates": 21,
            "depth": 14,
            "program_communication": 1.0,
            "critical_depth": 1.0,
            "entanglement_ratio": 0.09523809523809523,
            "parallelism": 0.5,
            "liveness": 0.8214285714285714,
            "min_qubit_frequency": 5.1376,
            "max_qubit_frequency": 5.4472,
            "avg_qubit_frequency": 5.2924,
            "min_readout_frequency": null,
            "max_readout_frequency": null,
            "avg_readout_frequency": null,
            "min_readoutError": 1.7,
            "max_readoutError": 4.31,
            "avg_readoutError": 3.005,
            "min_singleQubit_gate_error": 0.19,
            "max_singleQubit_gate_error": 0.37,
            "avg_singleQubit_gate_error": 0.28,
            "min_twoQubits_gate_error": 0.99,
            "max_twoQubits_gate_error": 0.99,
            "avg_twoQubits_gate_error": 0.99,
            "min_t1": 21.3374,
            "max_t1": 33.0192,
            "avg_t1": 27.1783,
            "min_t2": 2.0195,
            "max_t2": 4.6667,
            "avg_t2": 3.3430999999999997,
            "twoQubits_gate_error_accumulation": 1.98,
            "expected_fidelity": 0.8703183619957601,
            "idel_entropy": 0.529275348759811,
            "idle_rate": 0.2054794520547945,
            "qubit_frequency_dict": {
                "48": 5.1376,
                "55": 5.4472
            },
            "readout_frequency_dict": {
                "48": null,
                "55": null
            },
            "readoutError_dict": {
                "48": 4.31,
                "55": 1.7
            },
            "singleQubit_gate_error_dict": {
                "48": 0.19,
                "55": 0.37
            },
            "twoQubits_gate_error_dict": {
                "0": {
                    "twoQubits": [
                        48,
                        55
                    ],
                    "cz_error": 0.99
                },
                "1": {
                    "twoQubits": [
                        48,
                        55
                    ],
                    "cz_error": 0.99
                }
            },
            "t1_dict": {
                "48": 21.3374,
                "55": 33.0192
            },
            "t2_dict": {
                "48": 2.0195,
                "55": 4.6667
            },
            "singleQubit_update_time": "2025-03-21 02:33:29",
            "readout_update_time": "2025-03-26 10:32:03",
            "twoQubitGate_update_time": "2025-03-26 08:28:51",
            "origin_circuit": "RZ Q1 -1.570796325\nX2P Q1\nRZ Q1 1.570796325\nX2M Q1\nCZ Q0 Q1\nX2P Q0\nRZ Q0 3.14159265\nX2M Q0\nRZ Q1 1.570796325\nX2P Q1\nRZ Q1 0.7853981625\nX2M Q1\nCZ Q0 Q1\nRZ Q0 2.7712183476226278\nX2P Q0\nRZ Q0 -2.4596526718808813\nX2M Q0\nRZ Q1 -1.570796325\nX2P Q1\nRZ Q1 1.570796325\nX2M Q1\nM Q1\nM Q0",
            "layout": [
                48,
                55
            ],
            "transpiled_circit": "RZ Q55 -1.570796325\nX2P Q55\nRZ Q55 1.570796325\nX2M Q55\nCZ Q48 Q55\nX2P Q48\nRZ Q48 3.14159265\nX2M Q48\nRZ Q55 1.570796325\nX2P Q55\nRZ Q55 0.7853981625\nX2M Q55\nCZ Q48 Q55\nRZ Q48 2.7712183476226278\nX2P Q48\nRZ Q48 -2.4596526718808813\nX2M Q48\nRZ Q55 -1.570796325\nX2P Q55\nRZ Q55 1.570796325\nX2M Q55\nM Q55\nM Q48"
        }
    }
}