{
    "transpiled_randomCircuit_2qubit_1": {
        "run_config": {
            "machine_time": "tianyan176-2",
            "repeat": 1,
            "shots": 8000,
            "layout": [
                33,
                26
            ],
            "layout_id": 68,
            "expected_fidelity": 0.8153865972645058,
            "real_fidelity": 0.8012101684778963,
            "begin_time": "2025-03-26 10:36:45",
            "end_time": "2025-03-26 10:36:56",
            "cost_time": "11.398235 s"
        },
        "circuit_features": {
            "num_qubits": 2,
            "num_gates": 21,
            "depth": 14,
            "program_communication": 1.0,
            "critical_depth": 1.0,
            "entanglement_ratio": 0.09523809523809523,
            "parallelism": 0.5,
            "liveness": 0.8214285714285714,
            "min_qubit_frequency": 4.9919,
            "max_qubit_frequency": 5.2574,
            "avg_qubit_frequency": 5.12465,
            "min_readout_frequency": null,
            "max_readout_frequency": null,
            "avg_readout_frequency": null,
            "min_readoutError": 1.44,
            "max_readoutError": 10.49,
            "avg_readoutError": 5.965,
            "min_singleQubit_gate_error": 0.09,
            "max_singleQubit_gate_error": 0.13,
            "avg_singleQubit_gate_error": 0.11,
            "min_twoQubits_gate_error": 2.9,
            "max_twoQubits_gate_error": 2.9,
            "avg_twoQubits_gate_error": 2.9,
            "min_t1": 20.6299,
            "max_t1": 22.856,
            "avg_t1": 21.74295,
            "min_t2": 1.6169,
            "max_t2": 2.3345,
            "avg_t2": 1.9756999999999998,
            "twoQubits_gate_error_accumulation": 5.8,
            "expected_fidelity": 0.8153865972645058,
            "idel_entropy": 0.529275348759811,
            "idle_rate": 0.2054794520547945,
            "qubit_frequency_dict": {
                "33": 4.9919,
                "26": 5.2574
            },
            "readout_frequency_dict": {
                "33": null,
                "26": null
            },
            "readoutError_dict": {
                "33": 10.49,
                "26": 1.44
            },
            "singleQubit_gate_error_dict": {
                "33": 0.13,
                "26": 0.09
            },
            "twoQubits_gate_error_dict": {
                "0": {
                    "twoQubits": [
                        33,
                        26
                    ],
                    "cz_error": 2.9
                },
                "1": {
                    "twoQubits": [
                        33,
                        26
                    ],
                    "cz_error": 2.9
                }
            },
            "t1_dict": {
                "33": 20.6299,
                "26": 22.856
            },
            "t2_dict": {
                "33": 1.6169,
                "26": 2.3345
            },
            "singleQubit_update_time": "2025-03-21 02:33:29",
            "readout_update_time": "2025-03-26 10:32:03",
            "twoQubitGate_update_time": "2025-03-26 08:28:51",
            "origin_circuit": "RZ Q1 -1.570796325\nX2P Q1\nRZ Q1 1.570796325\nX2M Q1\nCZ Q0 Q1\nX2P Q0\nRZ Q0 3.14159265\nX2M Q0\nRZ Q1 1.570796325\nX2P Q1\nRZ Q1 0.7853981625\nX2M Q1\nCZ Q0 Q1\nRZ Q0 2.7712183476226278\nX2P Q0\nRZ Q0 -2.4596526718808813\nX2M Q0\nRZ Q1 -1.570796325\nX2P Q1\nRZ Q1 1.570796325\nX2M Q1\nM Q1\nM Q0",
            "layout": [
                33,
                26
            ],
            "transpiled_circit": "RZ Q26 -1.570796325\nX2P Q26\nRZ Q26 1.570796325\nX2M Q26\nCZ Q33 Q26\nX2P Q33\nRZ Q33 3.14159265\nX2M Q33\nRZ Q26 1.570796325\nX2P Q26\nRZ Q26 0.7853981625\nX2M Q26\nCZ Q33 Q26\nRZ Q33 2.7712183476226278\nX2P Q33\nRZ Q33 -2.4596526718808813\nX2M Q33\nRZ Q26 -1.570796325\nX2P Q26\nRZ Q26 1.570796325\nX2M Q26\nM Q26\nM Q33"
        }
    }
}