{
    "transpiled_randomCircuit_2qubit_1": {
        "run_config": {
            "machine_time": "tianyan176-2",
            "repeat": 1,
            "shots": 8000,
            "layout": [
                50,
                45
            ],
            "layout_id": 157,
            "expected_fidelity": 0.9403911732659008,
            "real_fidelity": 0.954086258860287,
            "begin_time": "2025-03-26 10:55:19",
            "end_time": "2025-03-26 10:55:30",
            "cost_time": "11.268391 s"
        },
        "circuit_features": {
            "num_qubits": 2,
            "num_gates": 21,
            "depth": 14,
            "program_communication": 1.0,
            "critical_depth": 1.0,
            "entanglement_ratio": 0.09523809523809523,
            "parallelism": 0.5,
            "liveness": 0.8214285714285714,
            "min_qubit_frequency": 5.4993,
            "max_qubit_frequency": 5.5512,
            "avg_qubit_frequency": 5.52525,
            "min_readout_frequency": null,
            "max_readout_frequency": null,
            "avg_readout_frequency": null,
            "min_readoutError": 0.82,
            "max_readoutError": 1.76,
            "avg_readoutError": 1.29,
            "min_singleQubit_gate_error": 0.1,
            "max_singleQubit_gate_error": 0.11,
            "avg_singleQubit_gate_error": 0.10500000000000001,
            "min_twoQubits_gate_error": 0.76,
            "max_twoQubits_gate_error": 0.76,
            "avg_twoQubits_gate_error": 0.76,
            "min_t1": 19.2536,
            "max_t1": 28.7526,
            "avg_t1": 24.0031,
            "min_t2": 5.403,
            "max_t2": 6.335,
            "avg_t2": 5.869,
            "twoQubits_gate_error_accumulation": 1.52,
            "expected_fidelity": 0.9403911732659008,
            "idel_entropy": 0.529275348759811,
            "idle_rate": 0.2054794520547945,
            "qubit_frequency_dict": {
                "50": 5.5512,
                "45": 5.4993
            },
            "readout_frequency_dict": {
                "50": null,
                "45": null
            },
            "readoutError_dict": {
                "50": 0.82,
                "45": 1.76
            },
            "singleQubit_gate_error_dict": {
                "50": 0.1,
                "45": 0.11
            },
            "twoQubits_gate_error_dict": {
                "0": {
                    "twoQubits": [
                        50,
                        45
                    ],
                    "cz_error": 0.76
                },
                "1": {
                    "twoQubits": [
                        50,
                        45
                    ],
                    "cz_error": 0.76
                }
            },
            "t1_dict": {
                "50": 19.2536,
                "45": 28.7526
            },
            "t2_dict": {
                "50": 5.403,
                "45": 6.335
            },
            "singleQubit_update_time": "2025-03-21 02:33:29",
            "readout_update_time": "2025-03-26 10:32:03",
            "twoQubitGate_update_time": "2025-03-26 08:28:51",
            "origin_circuit": "RZ Q1 -1.570796325\nX2P Q1\nRZ Q1 1.570796325\nX2M Q1\nCZ Q0 Q1\nX2P Q0\nRZ Q0 3.14159265\nX2M Q0\nRZ Q1 1.570796325\nX2P Q1\nRZ Q1 0.7853981625\nX2M Q1\nCZ Q0 Q1\nRZ Q0 2.7712183476226278\nX2P Q0\nRZ Q0 -2.4596526718808813\nX2M Q0\nRZ Q1 -1.570796325\nX2P Q1\nRZ Q1 1.570796325\nX2M Q1\nM Q1\nM Q0",
            "layout": [
                50,
                45
            ],
            "transpiled_circit": "RZ Q45 -1.570796325\nX2P Q45\nRZ Q45 1.570796325\nX2M Q45\nCZ Q50 Q45\nX2P Q50\nRZ Q50 3.14159265\nX2M Q50\nRZ Q45 1.570796325\nX2P Q45\nRZ Q45 0.7853981625\nX2M Q45\nCZ Q50 Q45\nRZ Q50 2.7712183476226278\nX2P Q50\nRZ Q50 -2.4596526718808813\nX2M Q50\nRZ Q45 -1.570796325\nX2P Q45\nRZ Q45 1.570796325\nX2M Q45\nM Q45\nM Q50"
        }
    }
}