{
    "transpiled_randomCircuit_2qubit_1": {
        "run_config": {
            "machine_time": "tianyan176-2",
            "repeat": 1,
            "shots": 8000,
            "layout": [
                58,
                63
            ],
            "layout_id": 173,
            "expected_fidelity": 0.8120077156098217,
            "real_fidelity": 0.6884309296435273,
            "begin_time": "2025-03-26 10:58:44",
            "end_time": "2025-03-26 10:58:56",
            "cost_time": "11.470173 s"
        },
        "circuit_features": {
            "num_qubits": 2,
            "num_gates": 21,
            "depth": 14,
            "program_communication": 1.0,
            "critical_depth": 1.0,
            "entanglement_ratio": 0.09523809523809523,
            "parallelism": 0.5,
            "liveness": 0.8214285714285714,
            "min_qubit_frequency": 5.133,
            "max_qubit_frequency": 5.4556,
            "avg_qubit_frequency": 5.2943,
            "min_readout_frequency": null,
            "max_readout_frequency": null,
            "avg_readout_frequency": null,
            "min_readoutError": 1.19,
            "max_readoutError": 14.21,
            "avg_readoutError": 7.7,
            "min_singleQubit_gate_error": 0.08,
            "max_singleQubit_gate_error": 0.21,
            "avg_singleQubit_gate_error": 0.145,
            "min_twoQubits_gate_error": 0.93,
            "max_twoQubits_gate_error": 0.93,
            "avg_twoQubits_gate_error": 0.93,
            "min_t1": 12.8438,
            "max_t1": 19.8057,
            "avg_t1": 16.32475,
            "min_t2": 1.8917,
            "max_t2": 4.6743,
            "avg_t2": 3.283,
            "twoQubits_gate_error_accumulation": 1.86,
            "expected_fidelity": 0.8120077156098217,
            "idel_entropy": 0.529275348759811,
            "idle_rate": 0.2054794520547945,
            "qubit_frequency_dict": {
                "58": 5.4556,
                "63": 5.133
            },
            "readout_frequency_dict": {
                "58": null,
                "63": null
            },
            "readoutError_dict": {
                "58": 1.19,
                "63": 14.21
            },
            "singleQubit_gate_error_dict": {
                "58": 0.21,
                "63": 0.08
            },
            "twoQubits_gate_error_dict": {
                "0": {
                    "twoQubits": [
                        58,
                        63
                    ],
                    "cz_error": 0.93
                },
                "1": {
                    "twoQubits": [
                        58,
                        63
                    ],
                    "cz_error": 0.93
                }
            },
            "t1_dict": {
                "58": 12.8438,
                "63": 19.8057
            },
            "t2_dict": {
                "58": 4.6743,
                "63": 1.8917
            },
            "singleQubit_update_time": "2025-03-21 02:33:29",
            "readout_update_time": "2025-03-26 10:32:03",
            "twoQubitGate_update_time": "2025-03-26 08:28:51",
            "origin_circuit": "RZ Q1 -1.570796325\nX2P Q1\nRZ Q1 1.570796325\nX2M Q1\nCZ Q0 Q1\nX2P Q0\nRZ Q0 3.14159265\nX2M Q0\nRZ Q1 1.570796325\nX2P Q1\nRZ Q1 0.7853981625\nX2M Q1\nCZ Q0 Q1\nRZ Q0 2.7712183476226278\nX2P Q0\nRZ Q0 -2.4596526718808813\nX2M Q0\nRZ Q1 -1.570796325\nX2P Q1\nRZ Q1 1.570796325\nX2M Q1\nM Q1\nM Q0",
            "layout": [
                58,
                63
            ],
            "transpiled_circit": "RZ Q63 -1.570796325\nX2P Q63\nRZ Q63 1.570796325\nX2M Q63\nCZ Q58 Q63\nX2P Q58\nRZ Q58 3.14159265\nX2M Q58\nRZ Q63 1.570796325\nX2P Q63\nRZ Q63 0.7853981625\nX2M Q63\nCZ Q58 Q63\nRZ Q58 2.7712183476226278\nX2P Q58\nRZ Q58 -2.4596526718808813\nX2M Q58\nRZ Q63 -1.570796325\nX2P Q63\nRZ Q63 1.570796325\nX2M Q63\nM Q63\nM Q58"
        }
    }
}