{
    "transpiled_randomCircuit_2qubit_1": {
        "run_config": {
            "machine_time": "tianyan176-2",
            "repeat": 1,
            "shots": 8000,
            "layout": [
                43,
                48
            ],
            "layout_id": 125,
            "expected_fidelity": 0.8760645014285235,
            "real_fidelity": 0.9440498648145252,
            "begin_time": "2025-03-26 10:48:31",
            "end_time": "2025-03-26 10:48:44",
            "cost_time": "13.380371 s"
        },
        "circuit_features": {
            "num_qubits": 2,
            "num_gates": 21,
            "depth": 14,
            "program_communication": 1.0,
            "critical_depth": 1.0,
            "entanglement_ratio": 0.09523809523809523,
            "parallelism": 0.5,
            "liveness": 0.8214285714285714,
            "min_qubit_frequency": 5.1376,
            "max_qubit_frequency": 5.4413,
            "avg_qubit_frequency": 5.28945,
            "min_readout_frequency": null,
            "max_readout_frequency": null,
            "avg_readout_frequency": null,
            "min_readoutError": 1.58,
            "max_readoutError": 4.31,
            "avg_readoutError": 2.945,
            "min_singleQubit_gate_error": 0.13,
            "max_singleQubit_gate_error": 0.19,
            "avg_singleQubit_gate_error": 0.16,
            "min_twoQubits_gate_error": 2.0,
            "max_twoQubits_gate_error": 2.0,
            "avg_twoQubits_gate_error": 2.0,
            "min_t1": 21.3374,
            "max_t1": 32.6303,
            "avg_t1": 26.983849999999997,
            "min_t2": 2.0195,
            "max_t2": 2.4432,
            "avg_t2": 2.23135,
            "twoQubits_gate_error_accumulation": 4.0,
            "expected_fidelity": 0.8760645014285235,
            "idel_entropy": 0.529275348759811,
            "idle_rate": 0.2054794520547945,
            "qubit_frequency_dict": {
                "43": 5.4413,
                "48": 5.1376
            },
            "readout_frequency_dict": {
                "43": null,
                "48": null
            },
            "readoutError_dict": {
                "43": 1.58,
                "48": 4.31
            },
            "singleQubit_gate_error_dict": {
                "43": 0.13,
                "48": 0.19
            },
            "twoQubits_gate_error_dict": {
                "0": {
                    "twoQubits": [
                        43,
                        48
                    ],
                    "cz_error": 2.0
                },
                "1": {
                    "twoQubits": [
                        43,
                        48
                    ],
                    "cz_error": 2.0
                }
            },
            "t1_dict": {
                "43": 32.6303,
                "48": 21.3374
            },
            "t2_dict": {
                "43": 2.4432,
                "48": 2.0195
            },
            "singleQubit_update_time": "2025-03-21 02:33:29",
            "readout_update_time": "2025-03-26 10:32:03",
            "twoQubitGate_update_time": "2025-03-26 08:28:51",
            "origin_circuit": "RZ Q1 -1.570796325\nX2P Q1\nRZ Q1 1.570796325\nX2M Q1\nCZ Q0 Q1\nX2P Q0\nRZ Q0 3.14159265\nX2M Q0\nRZ Q1 1.570796325\nX2P Q1\nRZ Q1 0.7853981625\nX2M Q1\nCZ Q0 Q1\nRZ Q0 2.7712183476226278\nX2P Q0\nRZ Q0 -2.4596526718808813\nX2M Q0\nRZ Q1 -1.570796325\nX2P Q1\nRZ Q1 1.570796325\nX2M Q1\nM Q1\nM Q0",
            "layout": [
                43,
                48
            ],
            "transpiled_circit": "RZ Q48 -1.570796325\nX2P Q48\nRZ Q48 1.570796325\nX2M Q48\nCZ Q43 Q48\nX2P Q43\nRZ Q43 3.14159265\nX2M Q43\nRZ Q48 1.570796325\nX2P Q48\nRZ Q48 0.7853981625\nX2M Q48\nCZ Q43 Q48\nRZ Q43 2.7712183476226278\nX2P Q43\nRZ Q43 -2.4596526718808813\nX2M Q43\nRZ Q48 -1.570796325\nX2P Q48\nRZ Q48 1.570796325\nX2M Q48\nM Q48\nM Q43"
        }
    }
}