{
    "transpiled_randomCircuit_2qubit_1": {
        "run_config": {
            "machine_time": "tianyan176-2",
            "repeat": 1,
            "shots": 8000,
            "layout": [
                44,
                50
            ],
            "layout_id": 130,
            "expected_fidelity": 0.9307925712140929,
            "real_fidelity": 0.910119687760616,
            "begin_time": "2025-03-26 10:49:39",
            "end_time": "2025-03-26 10:49:50",
            "cost_time": "11.422859 s"
        },
        "circuit_features": {
            "num_qubits": 2,
            "num_gates": 21,
            "depth": 14,
            "program_communication": 1.0,
            "critical_depth": 1.0,
            "entanglement_ratio": 0.09523809523809523,
            "parallelism": 0.5,
            "liveness": 0.8214285714285714,
            "min_qubit_frequency": 5.4592,
            "max_qubit_frequency": 5.5512,
            "avg_qubit_frequency": 5.5052,
            "min_readout_frequency": null,
            "max_readout_frequency": null,
            "avg_readout_frequency": null,
            "min_readoutError": 0.82,
            "max_readoutError": 1.22,
            "avg_readoutError": 1.02,
            "min_singleQubit_gate_error": 0.1,
            "max_singleQubit_gate_error": 0.16,
            "avg_singleQubit_gate_error": 0.13,
            "min_twoQubits_gate_error": 1.39,
            "max_twoQubits_gate_error": 1.39,
            "avg_twoQubits_gate_error": 1.39,
            "min_t1": 19.2536,
            "max_t1": 23.4787,
            "avg_t1": 21.366149999999998,
            "min_t2": 3.5204,
            "max_t2": 5.403,
            "avg_t2": 4.4616999999999996,
            "twoQubits_gate_error_accumulation": 2.78,
            "expected_fidelity": 0.9307925712140929,
            "idel_entropy": 0.529275348759811,
            "idle_rate": 0.2054794520547945,
            "qubit_frequency_dict": {
                "44": 5.4592,
                "50": 5.5512
            },
            "readout_frequency_dict": {
                "44": null,
                "50": null
            },
            "readoutError_dict": {
                "44": 1.22,
                "50": 0.82
            },
            "singleQubit_gate_error_dict": {
                "44": 0.16,
                "50": 0.1
            },
            "twoQubits_gate_error_dict": {
                "0": {
                    "twoQubits": [
                        44,
                        50
                    ],
                    "cz_error": 1.39
                },
                "1": {
                    "twoQubits": [
                        44,
                        50
                    ],
                    "cz_error": 1.39
                }
            },
            "t1_dict": {
                "44": 23.4787,
                "50": 19.2536
            },
            "t2_dict": {
                "44": 3.5204,
                "50": 5.403
            },
            "singleQubit_update_time": "2025-03-21 02:33:29",
            "readout_update_time": "2025-03-26 10:32:03",
            "twoQubitGate_update_time": "2025-03-26 08:28:51",
            "origin_circuit": "RZ Q1 -1.570796325\nX2P Q1\nRZ Q1 1.570796325\nX2M Q1\nCZ Q0 Q1\nX2P Q0\nRZ Q0 3.14159265\nX2M Q0\nRZ Q1 1.570796325\nX2P Q1\nRZ Q1 0.7853981625\nX2M Q1\nCZ Q0 Q1\nRZ Q0 2.7712183476226278\nX2P Q0\nRZ Q0 -2.4596526718808813\nX2M Q0\nRZ Q1 -1.570796325\nX2P Q1\nRZ Q1 1.570796325\nX2M Q1\nM Q1\nM Q0",
            "layout": [
                44,
                50
            ],
            "transpiled_circit": "RZ Q50 -1.570796325\nX2P Q50\nRZ Q50 1.570796325\nX2M Q50\nCZ Q44 Q50\nX2P Q44\nRZ Q44 3.14159265\nX2M Q44\nRZ Q50 1.570796325\nX2P Q50\nRZ Q50 0.7853981625\nX2M Q50\nCZ Q44 Q50\nRZ Q44 2.7712183476226278\nX2P Q44\nRZ Q44 -2.4596526718808813\nX2M Q44\nRZ Q50 -1.570796325\nX2P Q50\nRZ Q50 1.570796325\nX2M Q50\nM Q50\nM Q44"
        }
    }
}