{
    "transpiled_randomCircuit_2qubit_1": {
        "run_config": {
            "machine_time": "tianyan176-2",
            "repeat": 1,
            "shots": 8000,
            "layout": [
                20,
                26
            ],
            "layout_id": 29,
            "expected_fidelity": 0.7314356462875148,
            "real_fidelity": 0.8488337292065586,
            "begin_time": "2025-03-26 10:26:20",
            "end_time": "2025-03-26 10:26:34",
            "cost_time": "13.494127 s"
        },
        "circuit_features": {
            "num_qubits": 2,
            "num_gates": 21,
            "depth": 14,
            "program_communication": 1.0,
            "critical_depth": 1.0,
            "entanglement_ratio": 0.09523809523809523,
            "parallelism": 0.5,
            "liveness": 0.8214285714285714,
            "min_qubit_frequency": 5.2574,
            "max_qubit_frequency": 5.3375,
            "avg_qubit_frequency": 5.2974499999999995,
            "min_readout_frequency": null,
            "max_readout_frequency": null,
            "avg_readout_frequency": null,
            "min_readoutError": 1.15,
            "max_readoutError": 1.43,
            "avg_readoutError": 1.29,
            "min_singleQubit_gate_error": 0.09,
            "max_singleQubit_gate_error": 0.15,
            "avg_singleQubit_gate_error": 0.12,
            "min_twoQubits_gate_error": 12.43,
            "max_twoQubits_gate_error": 12.43,
            "avg_twoQubits_gate_error": 12.43,
            "min_t1": 22.856,
            "max_t1": 25.2821,
            "avg_t1": 24.06905,
            "min_t2": 2.3345,
            "max_t2": 3.3763,
            "avg_t2": 2.8554,
            "twoQubits_gate_error_accumulation": 24.86,
            "expected_fidelity": 0.7314356462875148,
            "idel_entropy": 0.529275348759811,
            "idle_rate": 0.2054794520547945,
            "qubit_frequency_dict": {
                "20": 5.3375,
                "26": 5.2574
            },
            "readout_frequency_dict": {
                "20": null,
                "26": null
            },
            "readoutError_dict": {
                "20": 1.15,
                "26": 1.43
            },
            "singleQubit_gate_error_dict": {
                "20": 0.15,
                "26": 0.09
            },
            "twoQubits_gate_error_dict": {
                "0": {
                    "twoQubits": [
                        20,
                        26
                    ],
                    "cz_error": 12.43
                },
                "1": {
                    "twoQubits": [
                        20,
                        26
                    ],
                    "cz_error": 12.43
                }
            },
            "t1_dict": {
                "20": 25.2821,
                "26": 22.856
            },
            "t2_dict": {
                "20": 3.3763,
                "26": 2.3345
            },
            "singleQubit_update_time": "2025-03-21 02:33:29",
            "readout_update_time": "2025-03-26 10:01:21",
            "twoQubitGate_update_time": "2025-03-26 08:28:51",
            "origin_circuit": "RZ Q1 -1.570796325\nX2P Q1\nRZ Q1 1.570796325\nX2M Q1\nCZ Q0 Q1\nX2P Q0\nRZ Q0 3.14159265\nX2M Q0\nRZ Q1 1.570796325\nX2P Q1\nRZ Q1 0.7853981625\nX2M Q1\nCZ Q0 Q1\nRZ Q0 2.7712183476226278\nX2P Q0\nRZ Q0 -2.4596526718808813\nX2M Q0\nRZ Q1 -1.570796325\nX2P Q1\nRZ Q1 1.570796325\nX2M Q1\nM Q1\nM Q0",
            "layout": [
                20,
                26
            ],
            "transpiled_circit": "RZ Q26 -1.570796325\nX2P Q26\nRZ Q26 1.570796325\nX2M Q26\nCZ Q20 Q26\nX2P Q20\nRZ Q20 3.14159265\nX2M Q20\nRZ Q26 1.570796325\nX2P Q26\nRZ Q26 0.7853981625\nX2M Q26\nCZ Q20 Q26\nRZ Q20 2.7712183476226278\nX2P Q20\nRZ Q20 -2.4596526718808813\nX2M Q20\nRZ Q26 -1.570796325\nX2P Q26\nRZ Q26 1.570796325\nX2M Q26\nM Q26\nM Q20"
        }
    }
}