{
    "transpiled_randomCircuit_2qubit_1": {
        "run_config": {
            "machine_time": "tianyan176-2",
            "repeat": 1,
            "shots": 8000,
            "layout": [
                10,
                16
            ],
            "layout_id": 18,
            "expected_fidelity": 0.8764401065102644,
            "real_fidelity": 0.8858633245288908,
            "begin_time": "2025-03-26 10:24:06",
            "end_time": "2025-03-26 10:24:18",
            "cost_time": "11.569468 s"
        },
        "circuit_features": {
            "num_qubits": 2,
            "num_gates": 21,
            "depth": 14,
            "program_communication": 1.0,
            "critical_depth": 1.0,
            "entanglement_ratio": 0.09523809523809523,
            "parallelism": 0.5,
            "liveness": 0.8214285714285714,
            "min_qubit_frequency": 5.1519,
            "max_qubit_frequency": 5.4411,
            "avg_qubit_frequency": 5.2965,
            "min_readout_frequency": null,
            "max_readout_frequency": null,
            "avg_readout_frequency": null,
            "min_readoutError": 3.33,
            "max_readoutError": 3.76,
            "avg_readoutError": 3.545,
            "min_singleQubit_gate_error": 0.15,
            "max_singleQubit_gate_error": 0.23,
            "avg_singleQubit_gate_error": 0.19,
            "min_twoQubits_gate_error": 1.27,
            "max_twoQubits_gate_error": 1.27,
            "avg_twoQubits_gate_error": 1.27,
            "min_t1": 13.582,
            "max_t1": 21.0104,
            "avg_t1": 17.2962,
            "min_t2": 1.9735,
            "max_t2": 5.0056,
            "avg_t2": 3.4895500000000004,
            "twoQubits_gate_error_accumulation": 2.54,
            "expected_fidelity": 0.8764401065102644,
            "idel_entropy": 0.529275348759811,
            "idle_rate": 0.2054794520547945,
            "qubit_frequency_dict": {
                "10": 5.4411,
                "16": 5.1519
            },
            "readout_frequency_dict": {
                "10": null,
                "16": null
            },
            "readoutError_dict": {
                "10": 3.76,
                "16": 3.33
            },
            "singleQubit_gate_error_dict": {
                "10": 0.23,
                "16": 0.15
            },
            "twoQubits_gate_error_dict": {
                "0": {
                    "twoQubits": [
                        10,
                        16
                    ],
                    "cz_error": 1.27
                },
                "1": {
                    "twoQubits": [
                        10,
                        16
                    ],
                    "cz_error": 1.27
                }
            },
            "t1_dict": {
                "10": 13.582,
                "16": 21.0104
            },
            "t2_dict": {
                "10": 5.0056,
                "16": 1.9735
            },
            "singleQubit_update_time": "2025-03-21 02:33:29",
            "readout_update_time": "2025-03-26 10:01:21",
            "twoQubitGate_update_time": "2025-03-26 08:28:51",
            "origin_circuit": "RZ Q1 -1.570796325\nX2P Q1\nRZ Q1 1.570796325\nX2M Q1\nCZ Q0 Q1\nX2P Q0\nRZ Q0 3.14159265\nX2M Q0\nRZ Q1 1.570796325\nX2P Q1\nRZ Q1 0.7853981625\nX2M Q1\nCZ Q0 Q1\nRZ Q0 2.7712183476226278\nX2P Q0\nRZ Q0 -2.4596526718808813\nX2M Q0\nRZ Q1 -1.570796325\nX2P Q1\nRZ Q1 1.570796325\nX2M Q1\nM Q1\nM Q0",
            "layout": [
                10,
                16
            ],
            "transpiled_circit": "RZ Q16 -1.570796325\nX2P Q16\nRZ Q16 1.570796325\nX2M Q16\nCZ Q10 Q16\nX2P Q10\nRZ Q10 3.14159265\nX2M Q10\nRZ Q16 1.570796325\nX2P Q16\nRZ Q16 0.7853981625\nX2M Q16\nCZ Q10 Q16\nRZ Q10 2.7712183476226278\nX2P Q10\nRZ Q10 -2.4596526718808813\nX2M Q10\nRZ Q16 -1.570796325\nX2P Q16\nRZ Q16 1.570796325\nX2M Q16\nM Q16\nM Q10"
        }
    }
}