{
    "transpiled_randomCircuit_2qubit_1": {
        "run_config": {
            "machine_time": "tianyan176-2",
            "repeat": 1,
            "shots": 8000,
            "layout": [
                40,
                34
            ],
            "layout_id": 103,
            "expected_fidelity": 0.6547677768465294,
            "real_fidelity": 0.8797448812924457,
            "begin_time": "2025-03-26 10:43:56",
            "end_time": "2025-03-26 10:44:08",
            "cost_time": "11.434332 s"
        },
        "circuit_features": {
            "num_qubits": 2,
            "num_gates": 21,
            "depth": 14,
            "program_communication": 1.0,
            "critical_depth": 1.0,
            "entanglement_ratio": 0.09523809523809523,
            "parallelism": 0.5,
            "liveness": 0.8214285714285714,
            "min_qubit_frequency": 5.0471,
            "max_qubit_frequency": 5.4909,
            "avg_qubit_frequency": 5.269,
            "min_readout_frequency": null,
            "max_readout_frequency": null,
            "avg_readout_frequency": null,
            "min_readoutError": 2.23,
            "max_readoutError": 17.76,
            "avg_readoutError": 9.995000000000001,
            "min_singleQubit_gate_error": 0.15,
            "max_singleQubit_gate_error": 0.29,
            "avg_singleQubit_gate_error": 0.21999999999999997,
            "min_twoQubits_gate_error": 7.69,
            "max_twoQubits_gate_error": 7.69,
            "avg_twoQubits_gate_error": 7.69,
            "min_t1": 15.3278,
            "max_t1": 18.4965,
            "avg_t1": 16.91215,
            "min_t2": 0.9374,
            "max_t2": 4.892,
            "avg_t2": 2.9147000000000003,
            "twoQubits_gate_error_accumulation": 15.38,
            "expected_fidelity": 0.6547677768465294,
            "idel_entropy": 0.529275348759811,
            "idle_rate": 0.2054794520547945,
            "qubit_frequency_dict": {
                "40": 5.4909,
                "34": 5.0471
            },
            "readout_frequency_dict": {
                "40": null,
                "34": null
            },
            "readoutError_dict": {
                "40": 2.23,
                "34": 17.76
            },
            "singleQubit_gate_error_dict": {
                "40": 0.15,
                "34": 0.29
            },
            "twoQubits_gate_error_dict": {
                "0": {
                    "twoQubits": [
                        40,
                        34
                    ],
                    "cz_error": 7.69
                },
                "1": {
                    "twoQubits": [
                        40,
                        34
                    ],
                    "cz_error": 7.69
                }
            },
            "t1_dict": {
                "40": 15.3278,
                "34": 18.4965
            },
            "t2_dict": {
                "40": 4.892,
                "34": 0.9374
            },
            "singleQubit_update_time": "2025-03-21 02:33:29",
            "readout_update_time": "2025-03-26 10:32:03",
            "twoQubitGate_update_time": "2025-03-26 08:28:51",
            "origin_circuit": "RZ Q1 -1.570796325\nX2P Q1\nRZ Q1 1.570796325\nX2M Q1\nCZ Q0 Q1\nX2P Q0\nRZ Q0 3.14159265\nX2M Q0\nRZ Q1 1.570796325\nX2P Q1\nRZ Q1 0.7853981625\nX2M Q1\nCZ Q0 Q1\nRZ Q0 2.7712183476226278\nX2P Q0\nRZ Q0 -2.4596526718808813\nX2M Q0\nRZ Q1 -1.570796325\nX2P Q1\nRZ Q1 1.570796325\nX2M Q1\nM Q1\nM Q0",
            "layout": [
                40,
                34
            ],
            "transpiled_circit": "RZ Q34 -1.570796325\nX2P Q34\nRZ Q34 1.570796325\nX2M Q34\nCZ Q40 Q34\nX2P Q40\nRZ Q40 3.14159265\nX2M Q40\nRZ Q34 1.570796325\nX2P Q34\nRZ Q34 0.7853981625\nX2M Q34\nCZ Q40 Q34\nRZ Q40 2.7712183476226278\nX2P Q40\nRZ Q40 -2.4596526718808813\nX2M Q40\nRZ Q34 -1.570796325\nX2P Q34\nRZ Q34 1.570796325\nX2M Q34\nM Q34\nM Q40"
        }
    }
}