{
    "transpiled_randomCircuit_2qubit_1": {
        "run_config": {
            "machine_time": "tianyan176-2",
            "repeat": 1,
            "shots": 8000,
            "layout": [
                7,
                13
            ],
            "layout_id": 86,
            "expected_fidelity": 0.8537808346785193,
            "real_fidelity": 0.9094011899264561,
            "begin_time": "2025-03-26 10:40:29",
            "end_time": "2025-03-26 10:40:40",
            "cost_time": "11.479737 s"
        },
        "circuit_features": {
            "num_qubits": 2,
            "num_gates": 21,
            "depth": 14,
            "program_communication": 1.0,
            "critical_depth": 1.0,
            "entanglement_ratio": 0.09523809523809523,
            "parallelism": 0.5,
            "liveness": 0.8214285714285714,
            "min_qubit_frequency": 5.1915,
            "max_qubit_frequency": 5.2499,
            "avg_qubit_frequency": 5.2207,
            "min_readout_frequency": null,
            "max_readout_frequency": null,
            "avg_readout_frequency": null,
            "min_readoutError": 2.44,
            "max_readoutError": 3.5,
            "avg_readoutError": 2.9699999999999998,
            "min_singleQubit_gate_error": 0.12,
            "max_singleQubit_gate_error": 0.14,
            "avg_singleQubit_gate_error": 0.13,
            "min_twoQubits_gate_error": 3.61,
            "max_twoQubits_gate_error": 3.61,
            "avg_twoQubits_gate_error": 3.61,
            "min_t1": 22.2184,
            "max_t1": 24.8103,
            "avg_t1": 23.51435,
            "min_t2": 2.2364,
            "max_t2": 2.6129,
            "avg_t2": 2.4246499999999997,
            "twoQubits_gate_error_accumulation": 7.22,
            "expected_fidelity": 0.8537808346785193,
            "idel_entropy": 0.529275348759811,
            "idle_rate": 0.2054794520547945,
            "qubit_frequency_dict": {
                "7": 5.2499,
                "13": 5.1915
            },
            "readout_frequency_dict": {
                "7": null,
                "13": null
            },
            "readoutError_dict": {
                "7": 2.44,
                "13": 3.5
            },
            "singleQubit_gate_error_dict": {
                "7": 0.14,
                "13": 0.12
            },
            "twoQubits_gate_error_dict": {
                "0": {
                    "twoQubits": [
                        7,
                        13
                    ],
                    "cz_error": 3.61
                },
                "1": {
                    "twoQubits": [
                        7,
                        13
                    ],
                    "cz_error": 3.61
                }
            },
            "t1_dict": {
                "7": 24.8103,
                "13": 22.2184
            },
            "t2_dict": {
                "7": 2.6129,
                "13": 2.2364
            },
            "singleQubit_update_time": "2025-03-21 02:33:29",
            "readout_update_time": "2025-03-26 10:32:03",
            "twoQubitGate_update_time": "2025-03-26 08:28:51",
            "origin_circuit": "RZ Q1 -1.570796325\nX2P Q1\nRZ Q1 1.570796325\nX2M Q1\nCZ Q0 Q1\nX2P Q0\nRZ Q0 3.14159265\nX2M Q0\nRZ Q1 1.570796325\nX2P Q1\nRZ Q1 0.7853981625\nX2M Q1\nCZ Q0 Q1\nRZ Q0 2.7712183476226278\nX2P Q0\nRZ Q0 -2.4596526718808813\nX2M Q0\nRZ Q1 -1.570796325\nX2P Q1\nRZ Q1 1.570796325\nX2M Q1\nM Q1\nM Q0",
            "layout": [
                7,
                13
            ],
            "transpiled_circit": "RZ Q13 -1.570796325\nX2P Q13\nRZ Q13 1.570796325\nX2M Q13\nCZ Q7 Q13\nX2P Q7\nRZ Q7 3.14159265\nX2M Q7\nRZ Q13 1.570796325\nX2P Q13\nRZ Q13 0.7853981625\nX2M Q13\nCZ Q7 Q13\nRZ Q7 2.7712183476226278\nX2P Q7\nRZ Q7 -2.4596526718808813\nX2M Q7\nRZ Q13 -1.570796325\nX2P Q13\nRZ Q13 1.570796325\nX2M Q13\nM Q13\nM Q7"
        }
    }
}