{
    "transpiled_randomCircuit_2qubit_1": {
        "run_config": {
            "machine_time": "tianyan176-2",
            "repeat": 1,
            "shots": 8000,
            "layout": [
                42,
                36
            ],
            "layout_id": 146,
            "expected_fidelity": 0.831789471719114,
            "real_fidelity": 0.9439059652462437,
            "begin_time": "2025-03-26 10:53:00",
            "end_time": "2025-03-26 10:53:11",
            "cost_time": "11.384587 s"
        },
        "circuit_features": {
            "num_qubits": 2,
            "num_gates": 21,
            "depth": 14,
            "program_communication": 1.0,
            "critical_depth": 1.0,
            "entanglement_ratio": 0.09523809523809523,
            "parallelism": 0.5,
            "liveness": 0.8214285714285714,
            "min_qubit_frequency": 5.3702,
            "max_qubit_frequency": 5.4707,
            "avg_qubit_frequency": 5.42045,
            "min_readout_frequency": null,
            "max_readout_frequency": null,
            "avg_readout_frequency": null,
            "min_readoutError": 2.04,
            "max_readoutError": 3.1,
            "avg_readoutError": 2.5700000000000003,
            "min_singleQubit_gate_error": 0.32,
            "max_singleQubit_gate_error": 0.34,
            "avg_singleQubit_gate_error": 0.33,
            "min_twoQubits_gate_error": 3.38,
            "max_twoQubits_gate_error": 3.38,
            "avg_twoQubits_gate_error": 3.38,
            "min_t1": 15.0164,
            "max_t1": 23.2062,
            "avg_t1": 19.1113,
            "min_t2": 3.1699,
            "max_t2": 4.9349,
            "avg_t2": 4.0524000000000004,
            "twoQubits_gate_error_accumulation": 6.76,
            "expected_fidelity": 0.831789471719114,
            "idel_entropy": 0.529275348759811,
            "idle_rate": 0.2054794520547945,
            "qubit_frequency_dict": {
                "42": 5.3702,
                "36": 5.4707
            },
            "readout_frequency_dict": {
                "42": null,
                "36": null
            },
            "readoutError_dict": {
                "42": 3.1,
                "36": 2.04
            },
            "singleQubit_gate_error_dict": {
                "42": 0.32,
                "36": 0.34
            },
            "twoQubits_gate_error_dict": {
                "0": {
                    "twoQubits": [
                        42,
                        36
                    ],
                    "cz_error": 3.38
                },
                "1": {
                    "twoQubits": [
                        42,
                        36
                    ],
                    "cz_error": 3.38
                }
            },
            "t1_dict": {
                "42": 23.2062,
                "36": 15.0164
            },
            "t2_dict": {
                "42": 4.9349,
                "36": 3.1699
            },
            "singleQubit_update_time": "2025-03-21 02:33:29",
            "readout_update_time": "2025-03-26 10:32:03",
            "twoQubitGate_update_time": "2025-03-26 08:28:51",
            "origin_circuit": "RZ Q1 -1.570796325\nX2P Q1\nRZ Q1 1.570796325\nX2M Q1\nCZ Q0 Q1\nX2P Q0\nRZ Q0 3.14159265\nX2M Q0\nRZ Q1 1.570796325\nX2P Q1\nRZ Q1 0.7853981625\nX2M Q1\nCZ Q0 Q1\nRZ Q0 2.7712183476226278\nX2P Q0\nRZ Q0 -2.4596526718808813\nX2M Q0\nRZ Q1 -1.570796325\nX2P Q1\nRZ Q1 1.570796325\nX2M Q1\nM Q1\nM Q0",
            "layout": [
                42,
                36
            ],
            "transpiled_circit": "RZ Q36 -1.570796325\nX2P Q36\nRZ Q36 1.570796325\nX2M Q36\nCZ Q42 Q36\nX2P Q42\nRZ Q42 3.14159265\nX2M Q42\nRZ Q36 1.570796325\nX2P Q36\nRZ Q36 0.7853981625\nX2M Q36\nCZ Q42 Q36\nRZ Q42 2.7712183476226278\nX2P Q42\nRZ Q42 -2.4596526718808813\nX2M Q42\nRZ Q36 -1.570796325\nX2P Q36\nRZ Q36 1.570796325\nX2M Q36\nM Q36\nM Q42"
        }
    }
}