{
    "transpiled_randomCircuit_2qubit_1": {
        "run_config": {
            "machine_time": "tianyan176-2",
            "repeat": 1,
            "shots": 8000,
            "layout": [
                44,
                49
            ],
            "layout_id": 129,
            "expected_fidelity": 0.9068729879882954,
            "real_fidelity": 0.9649313358498983,
            "begin_time": "2025-03-26 10:49:25",
            "end_time": "2025-03-26 10:49:39",
            "cost_time": "13.999053 s"
        },
        "circuit_features": {
            "num_qubits": 2,
            "num_gates": 21,
            "depth": 14,
            "program_communication": 1.0,
            "critical_depth": 1.0,
            "entanglement_ratio": 0.09523809523809523,
            "parallelism": 0.5,
            "liveness": 0.8214285714285714,
            "min_qubit_frequency": 5.4592,
            "max_qubit_frequency": 5.74,
            "avg_qubit_frequency": 5.599600000000001,
            "min_readout_frequency": null,
            "max_readout_frequency": null,
            "avg_readout_frequency": null,
            "min_readoutError": 1.22,
            "max_readoutError": 1.95,
            "avg_readoutError": 1.585,
            "min_singleQubit_gate_error": 0.16,
            "max_singleQubit_gate_error": 0.26,
            "avg_singleQubit_gate_error": 0.21000000000000002,
            "min_twoQubits_gate_error": 1.16,
            "max_twoQubits_gate_error": 1.16,
            "avg_twoQubits_gate_error": 1.16,
            "min_t1": 6.0438,
            "max_t1": 23.4787,
            "avg_t1": 14.76125,
            "min_t2": 3.5204,
            "max_t2": 3.5214,
            "avg_t2": 3.5209,
            "twoQubits_gate_error_accumulation": 2.32,
            "expected_fidelity": 0.9068729879882954,
            "idel_entropy": 0.529275348759811,
            "idle_rate": 0.2054794520547945,
            "qubit_frequency_dict": {
                "44": 5.4592,
                "49": 5.74
            },
            "readout_frequency_dict": {
                "44": null,
                "49": null
            },
            "readoutError_dict": {
                "44": 1.22,
                "49": 1.95
            },
            "singleQubit_gate_error_dict": {
                "44": 0.16,
                "49": 0.26
            },
            "twoQubits_gate_error_dict": {
                "0": {
                    "twoQubits": [
                        44,
                        49
                    ],
                    "cz_error": 1.16
                },
                "1": {
                    "twoQubits": [
                        44,
                        49
                    ],
                    "cz_error": 1.16
                }
            },
            "t1_dict": {
                "44": 23.4787,
                "49": 6.0438
            },
            "t2_dict": {
                "44": 3.5204,
                "49": 3.5214
            },
            "singleQubit_update_time": "2025-03-21 02:33:29",
            "readout_update_time": "2025-03-26 10:32:03",
            "twoQubitGate_update_time": "2025-03-26 08:28:51",
            "origin_circuit": "RZ Q1 -1.570796325\nX2P Q1\nRZ Q1 1.570796325\nX2M Q1\nCZ Q0 Q1\nX2P Q0\nRZ Q0 3.14159265\nX2M Q0\nRZ Q1 1.570796325\nX2P Q1\nRZ Q1 0.7853981625\nX2M Q1\nCZ Q0 Q1\nRZ Q0 2.7712183476226278\nX2P Q0\nRZ Q0 -2.4596526718808813\nX2M Q0\nRZ Q1 -1.570796325\nX2P Q1\nRZ Q1 1.570796325\nX2M Q1\nM Q1\nM Q0",
            "layout": [
                44,
                49
            ],
            "transpiled_circit": "RZ Q49 -1.570796325\nX2P Q49\nRZ Q49 1.570796325\nX2M Q49\nCZ Q44 Q49\nX2P Q44\nRZ Q44 3.14159265\nX2M Q44\nRZ Q49 1.570796325\nX2P Q49\nRZ Q49 0.7853981625\nX2M Q49\nCZ Q44 Q49\nRZ Q44 2.7712183476226278\nX2P Q44\nRZ Q44 -2.4596526718808813\nX2M Q44\nRZ Q49 -1.570796325\nX2P Q49\nRZ Q49 1.570796325\nX2M Q49\nM Q49\nM Q44"
        }
    }
}