{
    "transpiled_randomCircuit_2qubit_1": {
        "run_config": {
            "machine_time": "tianyan176-2",
            "repeat": 1,
            "shots": 8000,
            "layout": [
                56,
                62
            ],
            "layout_id": 177,
            "expected_fidelity": 0.7857092019759133,
            "real_fidelity": 0.7161855875741312,
            "begin_time": "2025-03-26 10:59:32",
            "end_time": "2025-03-26 10:59:49",
            "cost_time": "16.633788 s"
        },
        "circuit_features": {
            "num_qubits": 2,
            "num_gates": 21,
            "depth": 14,
            "program_communication": 1.0,
            "critical_depth": 1.0,
            "entanglement_ratio": 0.09523809523809523,
            "parallelism": 0.5,
            "liveness": 0.8214285714285714,
            "min_qubit_frequency": 5.1876,
            "max_qubit_frequency": 5.3942,
            "avg_qubit_frequency": 5.2909,
            "min_readout_frequency": null,
            "max_readout_frequency": null,
            "avg_readout_frequency": null,
            "min_readoutError": 1.24,
            "max_readoutError": 15.35,
            "avg_readoutError": 8.295,
            "min_singleQubit_gate_error": 0.19,
            "max_singleQubit_gate_error": 0.24,
            "avg_singleQubit_gate_error": 0.215,
            "min_twoQubits_gate_error": 0.99,
            "max_twoQubits_gate_error": 0.99,
            "avg_twoQubits_gate_error": 0.99,
            "min_t1": 6.7555,
            "max_t1": 28.552,
            "avg_t1": 17.65375,
            "min_t2": 2.0498,
            "max_t2": 6.7878,
            "avg_t2": 4.4188,
            "twoQubits_gate_error_accumulation": 1.98,
            "expected_fidelity": 0.7857092019759133,
            "idel_entropy": 0.529275348759811,
            "idle_rate": 0.2054794520547945,
            "qubit_frequency_dict": {
                "56": 5.3942,
                "62": 5.1876
            },
            "readout_frequency_dict": {
                "56": null,
                "62": null
            },
            "readoutError_dict": {
                "56": 1.24,
                "62": 15.35
            },
            "singleQubit_gate_error_dict": {
                "56": 0.19,
                "62": 0.24
            },
            "twoQubits_gate_error_dict": {
                "0": {
                    "twoQubits": [
                        56,
                        62
                    ],
                    "cz_error": 0.99
                },
                "1": {
                    "twoQubits": [
                        56,
                        62
                    ],
                    "cz_error": 0.99
                }
            },
            "t1_dict": {
                "56": 28.552,
                "62": 6.7555
            },
            "t2_dict": {
                "56": 6.7878,
                "62": 2.0498
            },
            "singleQubit_update_time": "2025-03-21 02:33:29",
            "readout_update_time": "2025-03-26 10:32:03",
            "twoQubitGate_update_time": "2025-03-26 08:28:51",
            "origin_circuit": "RZ Q1 -1.570796325\nX2P Q1\nRZ Q1 1.570796325\nX2M Q1\nCZ Q0 Q1\nX2P Q0\nRZ Q0 3.14159265\nX2M Q0\nRZ Q1 1.570796325\nX2P Q1\nRZ Q1 0.7853981625\nX2M Q1\nCZ Q0 Q1\nRZ Q0 2.7712183476226278\nX2P Q0\nRZ Q0 -2.4596526718808813\nX2M Q0\nRZ Q1 -1.570796325\nX2P Q1\nRZ Q1 1.570796325\nX2M Q1\nM Q1\nM Q0",
            "layout": [
                56,
                62
            ],
            "transpiled_circit": "RZ Q62 -1.570796325\nX2P Q62\nRZ Q62 1.570796325\nX2M Q62\nCZ Q56 Q62\nX2P Q56\nRZ Q56 3.14159265\nX2M Q56\nRZ Q62 1.570796325\nX2P Q62\nRZ Q62 0.7853981625\nX2M Q62\nCZ Q56 Q62\nRZ Q56 2.7712183476226278\nX2P Q56\nRZ Q56 -2.4596526718808813\nX2M Q56\nRZ Q62 -1.570796325\nX2P Q62\nRZ Q62 1.570796325\nX2M Q62\nM Q62\nM Q56"
        }
    }
}