{
    "transpiled_randomCircuit_2qubit_1": {
        "run_config": {
            "machine_time": "tianyan176-2",
            "repeat": 1,
            "shots": 8000,
            "layout": [
                27,
                34
            ],
            "layout_id": 50,
            "expected_fidelity": 0.7193371631804029,
            "real_fidelity": 0.8480931963067609,
            "begin_time": "2025-03-26 10:32:58",
            "end_time": "2025-03-26 10:33:09",
            "cost_time": "11.336896 s"
        },
        "circuit_features": {
            "num_qubits": 2,
            "num_gates": 21,
            "depth": 14,
            "program_communication": 1.0,
            "critical_depth": 1.0,
            "entanglement_ratio": 0.09523809523809523,
            "parallelism": 0.5,
            "liveness": 0.8214285714285714,
            "min_qubit_frequency": 5.0471,
            "max_qubit_frequency": 5.3514,
            "avg_qubit_frequency": 5.19925,
            "min_readout_frequency": null,
            "max_readout_frequency": null,
            "avg_readout_frequency": null,
            "min_readoutError": 2.7,
            "max_readoutError": 17.76,
            "avg_readoutError": 10.23,
            "min_singleQubit_gate_error": 0.18,
            "max_singleQubit_gate_error": 0.29,
            "avg_singleQubit_gate_error": 0.235,
            "min_twoQubits_gate_error": 2.91,
            "max_twoQubits_gate_error": 2.91,
            "avg_twoQubits_gate_error": 2.91,
            "min_t1": 18.4965,
            "max_t1": 24.4534,
            "avg_t1": 21.47495,
            "min_t2": 0.9374,
            "max_t2": 3.1575,
            "avg_t2": 2.04745,
            "twoQubits_gate_error_accumulation": 5.82,
            "expected_fidelity": 0.7193371631804029,
            "idel_entropy": 0.529275348759811,
            "idle_rate": 0.2054794520547945,
            "qubit_frequency_dict": {
                "27": 5.3514,
                "34": 5.0471
            },
            "readout_frequency_dict": {
                "27": null,
                "34": null
            },
            "readoutError_dict": {
                "27": 2.7,
                "34": 17.76
            },
            "singleQubit_gate_error_dict": {
                "27": 0.18,
                "34": 0.29
            },
            "twoQubits_gate_error_dict": {
                "0": {
                    "twoQubits": [
                        27,
                        34
                    ],
                    "cz_error": 2.91
                },
                "1": {
                    "twoQubits": [
                        27,
                        34
                    ],
                    "cz_error": 2.91
                }
            },
            "t1_dict": {
                "27": 24.4534,
                "34": 18.4965
            },
            "t2_dict": {
                "27": 3.1575,
                "34": 0.9374
            },
            "singleQubit_update_time": "2025-03-21 02:33:29",
            "readout_update_time": "2025-03-26 10:32:03",
            "twoQubitGate_update_time": "2025-03-26 08:28:51",
            "origin_circuit": "RZ Q1 -1.570796325\nX2P Q1\nRZ Q1 1.570796325\nX2M Q1\nCZ Q0 Q1\nX2P Q0\nRZ Q0 3.14159265\nX2M Q0\nRZ Q1 1.570796325\nX2P Q1\nRZ Q1 0.7853981625\nX2M Q1\nCZ Q0 Q1\nRZ Q0 2.7712183476226278\nX2P Q0\nRZ Q0 -2.4596526718808813\nX2M Q0\nRZ Q1 -1.570796325\nX2P Q1\nRZ Q1 1.570796325\nX2M Q1\nM Q1\nM Q0",
            "layout": [
                27,
                34
            ],
            "transpiled_circit": "RZ Q34 -1.570796325\nX2P Q34\nRZ Q34 1.570796325\nX2M Q34\nCZ Q27 Q34\nX2P Q27\nRZ Q27 3.14159265\nX2M Q27\nRZ Q34 1.570796325\nX2P Q34\nRZ Q34 0.7853981625\nX2M Q34\nCZ Q27 Q34\nRZ Q27 2.7712183476226278\nX2P Q27\nRZ Q27 -2.4596526718808813\nX2M Q27\nRZ Q34 -1.570796325\nX2P Q34\nRZ Q34 1.570796325\nX2M Q34\nM Q34\nM Q27"
        }
    }
}