{
    "transpiled_randomCircuit_2qubit_0": {
        "run_config": {
            "machine_time": "tianyan176-2",
            "repeat": 1,
            "shots": 8000,
            "layout": [
                20,
                13
            ],
            "layout_id": 28,
            "expected_fidelity": 0.9236742516397808,
            "real_fidelity": 0.9605597002165085,
            "begin_time": "2025-03-25 22:51:59",
            "end_time": "2025-03-25 22:52:12",
            "cost_time": "12.272378 s"
        },
        "circuit_features": {
            "num_qubits": 2,
            "num_gates": 11,
            "depth": 8,
            "program_communication": 1.0,
            "critical_depth": 1.0,
            "entanglement_ratio": 0.09090909090909091,
            "parallelism": 0.375,
            "liveness": 0.75,
            "min_qubit_frequency": 5.1915,
            "max_qubit_frequency": 5.3375,
            "avg_qubit_frequency": 5.2645,
            "min_readout_frequency": null,
            "max_readout_frequency": null,
            "avg_readout_frequency": null,
            "min_readoutError": 1.3,
            "max_readoutError": 4.34,
            "avg_readoutError": 2.82,
            "min_singleQubit_gate_error": 0.12,
            "max_singleQubit_gate_error": 0.15,
            "avg_singleQubit_gate_error": 0.135,
            "min_twoQubits_gate_error": 0.78,
            "max_twoQubits_gate_error": 0.78,
            "avg_twoQubits_gate_error": 0.78,
            "min_t1": 22.2184,
            "max_t1": 25.2821,
            "avg_t1": 23.75025,
            "min_t2": 2.2364,
            "max_t2": 3.3763,
            "avg_t2": 2.80635,
            "twoQubits_gate_error_accumulation": 0.78,
            "expected_fidelity": 0.9236742516397808,
            "idel_entropy": 0.5175658658907364,
            "idle_rate": 0.2926829268292683,
            "qubit_frequency_dict": {
                "20": 5.3375,
                "13": 5.1915
            },
            "readout_frequency_dict": {
                "20": null,
                "13": null
            },
            "readoutError_dict": {
                "20": 1.3,
                "13": 4.34
            },
            "singleQubit_gate_error_dict": {
                "20": 0.15,
                "13": 0.12
            },
            "twoQubits_gate_error_dict": {
                "0": {
                    "twoQubits": [
                        13,
                        20
                    ],
                    "cz_error": 0.78
                }
            },
            "t1_dict": {
                "20": 25.2821,
                "13": 22.2184
            },
            "t2_dict": {
                "20": 3.3763,
                "13": 2.2364
            },
            "singleQubit_update_time": "2025-03-21 02:33:29",
            "readout_update_time": "2025-03-25 22:31:14",
            "twoQubitGate_update_time": "2025-03-25 08:46:36",
            "origin_circuit": "X2P Q0\nRZ Q0 0\nX2M Q0\nRZ Q0 3.14159265\nY2P Q0\nY2M Q1\nRZ Q1 1.5707965\nY2P Q1\nCZ Q1 Q0\nRZ Q0 3.14159265\nY2P Q0\nM Q0\nM Q1",
            "layout": [
                20,
                13
            ],
            "transpiled_circit": "X2P Q20\nRZ Q20 0\nX2M Q20\nRZ Q20 3.14159265\nY2P Q20\nY2M Q13\nRZ Q13 1.5707965\nY2P Q13\nCZ Q13 Q20\nRZ Q20 3.14159265\nY2P Q20\nM Q20\nM Q13"
        }
    }
}