{
    "transpiled_randomCircuit_2qubit_0": {
        "run_config": {
            "machine_time": "tianyan176-2",
            "repeat": 1,
            "shots": 8000,
            "layout": [
                16,
                23
            ],
            "layout_id": 42,
            "expected_fidelity": 0.9244964044207171,
            "real_fidelity": 0.9450335598973703,
            "begin_time": "2025-03-25 22:55:32",
            "end_time": "2025-03-25 22:55:42",
            "cost_time": "10.823806 s"
        },
        "circuit_features": {
            "num_qubits": 2,
            "num_gates": 11,
            "depth": 8,
            "program_communication": 1.0,
            "critical_depth": 1.0,
            "entanglement_ratio": 0.09090909090909091,
            "parallelism": 0.375,
            "liveness": 0.75,
            "min_qubit_frequency": 5.1519,
            "max_qubit_frequency": 5.1999,
            "avg_qubit_frequency": 5.1759,
            "min_readout_frequency": null,
            "max_readout_frequency": null,
            "avg_readout_frequency": null,
            "min_readoutError": 2.47,
            "max_readoutError": 2.95,
            "avg_readoutError": 2.71,
            "min_singleQubit_gate_error": 0.13,
            "max_singleQubit_gate_error": 0.15,
            "avg_singleQubit_gate_error": 0.14,
            "min_twoQubits_gate_error": 0.91,
            "max_twoQubits_gate_error": 0.91,
            "avg_twoQubits_gate_error": 0.91,
            "min_t1": 21.0104,
            "max_t1": 24.5721,
            "avg_t1": 22.791249999999998,
            "min_t2": 1.9735,
            "max_t2": 2.0608,
            "avg_t2": 2.01715,
            "twoQubits_gate_error_accumulation": 0.91,
            "expected_fidelity": 0.9244964044207171,
            "idel_entropy": 0.5175658658907364,
            "idle_rate": 0.2926829268292683,
            "qubit_frequency_dict": {
                "16": 5.1519,
                "23": 5.1999
            },
            "readout_frequency_dict": {
                "16": null,
                "23": null
            },
            "readoutError_dict": {
                "16": 2.95,
                "23": 2.47
            },
            "singleQubit_gate_error_dict": {
                "16": 0.15,
                "23": 0.13
            },
            "twoQubits_gate_error_dict": {
                "0": {
                    "twoQubits": [
                        23,
                        16
                    ],
                    "cz_error": 0.91
                }
            },
            "t1_dict": {
                "16": 21.0104,
                "23": 24.5721
            },
            "t2_dict": {
                "16": 1.9735,
                "23": 2.0608
            },
            "singleQubit_update_time": "2025-03-21 02:33:29",
            "readout_update_time": "2025-03-25 22:31:14",
            "twoQubitGate_update_time": "2025-03-25 08:46:36",
            "origin_circuit": "X2P Q0\nRZ Q0 0\nX2M Q0\nRZ Q0 3.14159265\nY2P Q0\nY2M Q1\nRZ Q1 1.5707965\nY2P Q1\nCZ Q1 Q0\nRZ Q0 3.14159265\nY2P Q0\nM Q0\nM Q1",
            "layout": [
                16,
                23
            ],
            "transpiled_circit": "X2P Q16\nRZ Q16 0\nX2M Q16\nRZ Q16 3.14159265\nY2P Q16\nY2M Q23\nRZ Q23 1.5707965\nY2P Q23\nCZ Q23 Q16\nRZ Q16 3.14159265\nY2P Q16\nM Q16\nM Q23"
        }
    }
}