{
    "transpiled_randomCircuit_2qubit_0": {
        "run_config": {
            "machine_time": "tianyan176-2",
            "repeat": 1,
            "shots": 8000,
            "layout": [
                38,
                45
            ],
            "layout_id": 102,
            "expected_fidelity": 0.9246189513841908,
            "real_fidelity": 0.9295659996828581,
            "begin_time": "2025-03-25 23:09:24",
            "end_time": "2025-03-25 23:09:35",
            "cost_time": "11.202012 s"
        },
        "circuit_features": {
            "num_qubits": 2,
            "num_gates": 11,
            "depth": 8,
            "program_communication": 1.0,
            "critical_depth": 1.0,
            "entanglement_ratio": 0.09090909090909091,
            "parallelism": 0.375,
            "liveness": 0.75,
            "min_qubit_frequency": 5.1769,
            "max_qubit_frequency": 5.4993,
            "avg_qubit_frequency": 5.3381,
            "min_readout_frequency": null,
            "max_readout_frequency": null,
            "avg_readout_frequency": null,
            "min_readoutError": 2.05,
            "max_readoutError": 3.48,
            "avg_readoutError": 2.7649999999999997,
            "min_singleQubit_gate_error": 0.11,
            "max_singleQubit_gate_error": 0.16,
            "avg_singleQubit_gate_error": 0.135,
            "min_twoQubits_gate_error": 0.77,
            "max_twoQubits_gate_error": 0.77,
            "avg_twoQubits_gate_error": 0.77,
            "min_t1": 28.7526,
            "max_t1": 42.5819,
            "avg_t1": 35.667249999999996,
            "min_t2": 1.8213,
            "max_t2": 6.335,
            "avg_t2": 4.07815,
            "twoQubits_gate_error_accumulation": 0.77,
            "expected_fidelity": 0.9246189513841908,
            "idel_entropy": 0.5175658658907364,
            "idle_rate": 0.2926829268292683,
            "qubit_frequency_dict": {
                "38": 5.1769,
                "45": 5.4993
            },
            "readout_frequency_dict": {
                "38": null,
                "45": null
            },
            "readoutError_dict": {
                "38": 3.48,
                "45": 2.05
            },
            "singleQubit_gate_error_dict": {
                "38": 0.16,
                "45": 0.11
            },
            "twoQubits_gate_error_dict": {
                "0": {
                    "twoQubits": [
                        45,
                        38
                    ],
                    "cz_error": 0.77
                }
            },
            "t1_dict": {
                "38": 42.5819,
                "45": 28.7526
            },
            "t2_dict": {
                "38": 1.8213,
                "45": 6.335
            },
            "singleQubit_update_time": "2025-03-21 02:33:29",
            "readout_update_time": "2025-03-25 23:01:18",
            "twoQubitGate_update_time": "2025-03-25 08:46:36",
            "origin_circuit": "X2P Q0\nRZ Q0 0\nX2M Q0\nRZ Q0 3.14159265\nY2P Q0\nY2M Q1\nRZ Q1 1.5707965\nY2P Q1\nCZ Q1 Q0\nRZ Q0 3.14159265\nY2P Q0\nM Q0\nM Q1",
            "layout": [
                38,
                45
            ],
            "transpiled_circit": "X2P Q38\nRZ Q38 0\nX2M Q38\nRZ Q38 3.14159265\nY2P Q38\nY2M Q45\nRZ Q45 1.5707965\nY2P Q45\nCZ Q45 Q38\nRZ Q38 3.14159265\nY2P Q38\nM Q38\nM Q45"
        }
    }
}