{
    "transpiled_randomCircuit_2qubit_0": {
        "run_config": {
            "machine_time": "tianyan176-2",
            "repeat": 1,
            "shots": 8000,
            "layout": [
                13,
                7
            ],
            "layout_id": 38,
            "expected_fidelity": 0.8908727662708275,
            "real_fidelity": 0.9491906959727593,
            "begin_time": "2025-03-25 22:54:43",
            "end_time": "2025-03-25 22:54:54",
            "cost_time": "10.971495 s"
        },
        "circuit_features": {
            "num_qubits": 2,
            "num_gates": 11,
            "depth": 8,
            "program_communication": 1.0,
            "critical_depth": 1.0,
            "entanglement_ratio": 0.09090909090909091,
            "parallelism": 0.375,
            "liveness": 0.75,
            "min_qubit_frequency": 5.1915,
            "max_qubit_frequency": 5.2499,
            "avg_qubit_frequency": 5.2207,
            "min_readout_frequency": null,
            "max_readout_frequency": null,
            "avg_readout_frequency": null,
            "min_readoutError": 2.38,
            "max_readoutError": 4.34,
            "avg_readoutError": 3.36,
            "min_singleQubit_gate_error": 0.12,
            "max_singleQubit_gate_error": 0.14,
            "avg_singleQubit_gate_error": 0.13,
            "min_twoQubits_gate_error": 3.39,
            "max_twoQubits_gate_error": 3.39,
            "avg_twoQubits_gate_error": 3.39,
            "min_t1": 22.2184,
            "max_t1": 24.8103,
            "avg_t1": 23.51435,
            "min_t2": 2.2364,
            "max_t2": 2.6129,
            "avg_t2": 2.4246499999999997,
            "twoQubits_gate_error_accumulation": 3.39,
            "expected_fidelity": 0.8908727662708275,
            "idel_entropy": 0.5175658658907364,
            "idle_rate": 0.2926829268292683,
            "qubit_frequency_dict": {
                "13": 5.1915,
                "7": 5.2499
            },
            "readout_frequency_dict": {
                "13": null,
                "7": null
            },
            "readoutError_dict": {
                "13": 4.34,
                "7": 2.38
            },
            "singleQubit_gate_error_dict": {
                "13": 0.12,
                "7": 0.14
            },
            "twoQubits_gate_error_dict": {
                "0": {
                    "twoQubits": [
                        7,
                        13
                    ],
                    "cz_error": 3.39
                }
            },
            "t1_dict": {
                "13": 22.2184,
                "7": 24.8103
            },
            "t2_dict": {
                "13": 2.2364,
                "7": 2.6129
            },
            "singleQubit_update_time": "2025-03-21 02:33:29",
            "readout_update_time": "2025-03-25 22:31:14",
            "twoQubitGate_update_time": "2025-03-25 08:46:36",
            "origin_circuit": "X2P Q0\nRZ Q0 0\nX2M Q0\nRZ Q0 3.14159265\nY2P Q0\nY2M Q1\nRZ Q1 1.5707965\nY2P Q1\nCZ Q1 Q0\nRZ Q0 3.14159265\nY2P Q0\nM Q0\nM Q1",
            "layout": [
                13,
                7
            ],
            "transpiled_circit": "X2P Q13\nRZ Q13 0\nX2M Q13\nRZ Q13 3.14159265\nY2P Q13\nY2M Q7\nRZ Q7 1.5707965\nY2P Q7\nCZ Q7 Q13\nRZ Q13 3.14159265\nY2P Q13\nM Q13\nM Q7"
        }
    }
}