{
    "transpiled_randomCircuit_2qubit_0": {
        "run_config": {
            "machine_time": "tianyan176-2",
            "repeat": 1,
            "shots": 8000,
            "layout": [
                26,
                33
            ],
            "layout_id": 46,
            "expected_fidelity": 0.8418061534554646,
            "real_fidelity": 0.8547269549499733,
            "begin_time": "2025-03-25 22:56:21",
            "end_time": "2025-03-25 22:56:33",
            "cost_time": "12.144253 s"
        },
        "circuit_features": {
            "num_qubits": 2,
            "num_gates": 11,
            "depth": 8,
            "program_communication": 1.0,
            "critical_depth": 1.0,
            "entanglement_ratio": 0.09090909090909091,
            "parallelism": 0.375,
            "liveness": 0.75,
            "min_qubit_frequency": 4.9919,
            "max_qubit_frequency": 5.2574,
            "avg_qubit_frequency": 5.12465,
            "min_readout_frequency": null,
            "max_readout_frequency": null,
            "avg_readout_frequency": null,
            "min_readoutError": 1.41,
            "max_readoutError": 10.98,
            "avg_readoutError": 6.195,
            "min_singleQubit_gate_error": 0.09,
            "max_singleQubit_gate_error": 0.13,
            "avg_singleQubit_gate_error": 0.11,
            "min_twoQubits_gate_error": 3.1,
            "max_twoQubits_gate_error": 3.1,
            "avg_twoQubits_gate_error": 3.1,
            "min_t1": 20.6299,
            "max_t1": 22.856,
            "avg_t1": 21.74295,
            "min_t2": 1.6169,
            "max_t2": 2.3345,
            "avg_t2": 1.9756999999999998,
            "twoQubits_gate_error_accumulation": 3.1,
            "expected_fidelity": 0.8418061534554646,
            "idel_entropy": 0.5175658658907364,
            "idle_rate": 0.2926829268292683,
            "qubit_frequency_dict": {
                "26": 5.2574,
                "33": 4.9919
            },
            "readout_frequency_dict": {
                "26": null,
                "33": null
            },
            "readoutError_dict": {
                "26": 1.41,
                "33": 10.98
            },
            "singleQubit_gate_error_dict": {
                "26": 0.09,
                "33": 0.13
            },
            "twoQubits_gate_error_dict": {
                "0": {
                    "twoQubits": [
                        33,
                        26
                    ],
                    "cz_error": 3.1
                }
            },
            "t1_dict": {
                "26": 22.856,
                "33": 20.6299
            },
            "t2_dict": {
                "26": 2.3345,
                "33": 1.6169
            },
            "singleQubit_update_time": "2025-03-21 02:33:29",
            "readout_update_time": "2025-03-25 22:31:14",
            "twoQubitGate_update_time": "2025-03-25 08:46:36",
            "origin_circuit": "X2P Q0\nRZ Q0 0\nX2M Q0\nRZ Q0 3.14159265\nY2P Q0\nY2M Q1\nRZ Q1 1.5707965\nY2P Q1\nCZ Q1 Q0\nRZ Q0 3.14159265\nY2P Q0\nM Q0\nM Q1",
            "layout": [
                26,
                33
            ],
            "transpiled_circit": "X2P Q26\nRZ Q26 0\nX2M Q26\nRZ Q26 3.14159265\nY2P Q26\nY2M Q33\nRZ Q33 1.5707965\nY2P Q33\nCZ Q33 Q26\nRZ Q26 3.14159265\nY2P Q26\nM Q26\nM Q33"
        }
    }
}