{
    "transpiled_randomCircuit_2qubit_0": {
        "run_config": {
            "machine_time": "tianyan176-2",
            "repeat": 1,
            "shots": 8000,
            "layout": [
                25,
                31
            ],
            "layout_id": 54,
            "expected_fidelity": 0.9025039824417033,
            "real_fidelity": 0.9458654927763827,
            "begin_time": "2025-03-25 22:58:05",
            "end_time": "2025-03-25 22:58:16",
            "cost_time": "11.346328 s"
        },
        "circuit_features": {
            "num_qubits": 2,
            "num_gates": 11,
            "depth": 8,
            "program_communication": 1.0,
            "critical_depth": 1.0,
            "entanglement_ratio": 0.09090909090909091,
            "parallelism": 0.375,
            "liveness": 0.75,
            "min_qubit_frequency": 5.5121,
            "max_qubit_frequency": 5.5602,
            "avg_qubit_frequency": 5.53615,
            "min_readout_frequency": null,
            "max_readout_frequency": null,
            "avg_readout_frequency": null,
            "min_readoutError": 2.33,
            "max_readoutError": 3.38,
            "avg_readoutError": 2.855,
            "min_singleQubit_gate_error": 0.16,
            "max_singleQubit_gate_error": 0.29,
            "avg_singleQubit_gate_error": 0.22499999999999998,
            "min_twoQubits_gate_error": 1.93,
            "max_twoQubits_gate_error": 1.93,
            "avg_twoQubits_gate_error": 1.93,
            "min_t1": 8.7069,
            "max_t1": 13.5396,
            "avg_t1": 11.123249999999999,
            "min_t2": 4.0429,
            "max_t2": 5.3881,
            "avg_t2": 4.7155000000000005,
            "twoQubits_gate_error_accumulation": 1.93,
            "expected_fidelity": 0.9025039824417033,
            "idel_entropy": 0.5175658658907364,
            "idle_rate": 0.2926829268292683,
            "qubit_frequency_dict": {
                "25": 5.5602,
                "31": 5.5121
            },
            "readout_frequency_dict": {
                "25": null,
                "31": null
            },
            "readoutError_dict": {
                "25": 2.33,
                "31": 3.38
            },
            "singleQubit_gate_error_dict": {
                "25": 0.29,
                "31": 0.16
            },
            "twoQubits_gate_error_dict": {
                "0": {
                    "twoQubits": [
                        31,
                        25
                    ],
                    "cz_error": 1.93
                }
            },
            "t1_dict": {
                "25": 8.7069,
                "31": 13.5396
            },
            "t2_dict": {
                "25": 4.0429,
                "31": 5.3881
            },
            "singleQubit_update_time": "2025-03-21 02:33:29",
            "readout_update_time": "2025-03-25 22:31:14",
            "twoQubitGate_update_time": "2025-03-25 08:46:36",
            "origin_circuit": "X2P Q0\nRZ Q0 0\nX2M Q0\nRZ Q0 3.14159265\nY2P Q0\nY2M Q1\nRZ Q1 1.5707965\nY2P Q1\nCZ Q1 Q0\nRZ Q0 3.14159265\nY2P Q0\nM Q0\nM Q1",
            "layout": [
                25,
                31
            ],
            "transpiled_circit": "X2P Q25\nRZ Q25 0\nX2M Q25\nRZ Q25 3.14159265\nY2P Q25\nY2M Q31\nRZ Q31 1.5707965\nY2P Q31\nCZ Q31 Q25\nRZ Q25 3.14159265\nY2P Q25\nM Q25\nM Q31"
        }
    }
}