{
    "transpiled_randomCircuit_2qubit_0": {
        "run_config": {
            "machine_time": "tianyan176-2",
            "repeat": 1,
            "shots": 8000,
            "layout": [
                29,
                23
            ],
            "layout_id": 111,
            "expected_fidelity": 0.9104434892930823,
            "real_fidelity": 0.9499499779078424,
            "begin_time": "2025-03-25 23:11:13",
            "end_time": "2025-03-25 23:11:25",
            "cost_time": "12.12367 s"
        },
        "circuit_features": {
            "num_qubits": 2,
            "num_gates": 11,
            "depth": 8,
            "program_communication": 1.0,
            "critical_depth": 1.0,
            "entanglement_ratio": 0.09090909090909091,
            "parallelism": 0.375,
            "liveness": 0.75,
            "min_qubit_frequency": 5.1999,
            "max_qubit_frequency": 5.4057,
            "avg_qubit_frequency": 5.3028,
            "min_readout_frequency": null,
            "max_readout_frequency": null,
            "avg_readout_frequency": null,
            "min_readoutError": 2.31,
            "max_readoutError": 2.93,
            "avg_readoutError": 2.62,
            "min_singleQubit_gate_error": 0.13,
            "max_singleQubit_gate_error": 0.36,
            "avg_singleQubit_gate_error": 0.245,
            "min_twoQubits_gate_error": 1.15,
            "max_twoQubits_gate_error": 1.15,
            "avg_twoQubits_gate_error": 1.15,
            "min_t1": 15.5349,
            "max_t1": 24.5721,
            "avg_t1": 20.0535,
            "min_t2": 2.0608,
            "max_t2": 5.2353,
            "avg_t2": 3.6480499999999996,
            "twoQubits_gate_error_accumulation": 1.15,
            "expected_fidelity": 0.9104434892930823,
            "idel_entropy": 0.5175658658907364,
            "idle_rate": 0.2926829268292683,
            "qubit_frequency_dict": {
                "29": 5.4057,
                "23": 5.1999
            },
            "readout_frequency_dict": {
                "29": null,
                "23": null
            },
            "readoutError_dict": {
                "29": 2.93,
                "23": 2.31
            },
            "singleQubit_gate_error_dict": {
                "29": 0.36,
                "23": 0.13
            },
            "twoQubits_gate_error_dict": {
                "0": {
                    "twoQubits": [
                        23,
                        29
                    ],
                    "cz_error": 1.15
                }
            },
            "t1_dict": {
                "29": 15.5349,
                "23": 24.5721
            },
            "t2_dict": {
                "29": 5.2353,
                "23": 2.0608
            },
            "singleQubit_update_time": "2025-03-21 02:33:29",
            "readout_update_time": "2025-03-25 23:01:18",
            "twoQubitGate_update_time": "2025-03-25 08:46:36",
            "origin_circuit": "X2P Q0\nRZ Q0 0\nX2M Q0\nRZ Q0 3.14159265\nY2P Q0\nY2M Q1\nRZ Q1 1.5707965\nY2P Q1\nCZ Q1 Q0\nRZ Q0 3.14159265\nY2P Q0\nM Q0\nM Q1",
            "layout": [
                29,
                23
            ],
            "transpiled_circit": "X2P Q29\nRZ Q29 0\nX2M Q29\nRZ Q29 3.14159265\nY2P Q29\nY2M Q23\nRZ Q23 1.5707965\nY2P Q23\nCZ Q23 Q29\nRZ Q29 3.14159265\nY2P Q29\nM Q29\nM Q23"
        }
    }
}