{
    "transpiled_randomCircuit_2qubit_0": {
        "run_config": {
            "machine_time": "tianyan176-2",
            "repeat": 1,
            "shots": 8000,
            "layout": [
                13,
                8
            ],
            "layout_id": 35,
            "expected_fidelity": 0.9200340577565321,
            "real_fidelity": 0.9614937721111487,
            "begin_time": "2025-03-25 22:54:08",
            "end_time": "2025-03-25 22:54:20",
            "cost_time": "11.786418 s"
        },
        "circuit_features": {
            "num_qubits": 2,
            "num_gates": 11,
            "depth": 8,
            "program_communication": 1.0,
            "critical_depth": 1.0,
            "entanglement_ratio": 0.09090909090909091,
            "parallelism": 0.375,
            "liveness": 0.75,
            "min_qubit_frequency": 5.1915,
            "max_qubit_frequency": 5.5705,
            "avg_qubit_frequency": 5.381,
            "min_readout_frequency": null,
            "max_readout_frequency": null,
            "avg_readout_frequency": null,
            "min_readoutError": 1.35,
            "max_readoutError": 4.34,
            "avg_readoutError": 2.8449999999999998,
            "min_singleQubit_gate_error": 0.12,
            "max_singleQubit_gate_error": 0.16,
            "avg_singleQubit_gate_error": 0.14,
            "min_twoQubits_gate_error": 1.21,
            "max_twoQubits_gate_error": 1.21,
            "avg_twoQubits_gate_error": 1.21,
            "min_t1": 21.194,
            "max_t1": 22.2184,
            "avg_t1": 21.7062,
            "min_t2": 2.2364,
            "max_t2": 4.4089,
            "avg_t2": 3.3226500000000003,
            "twoQubits_gate_error_accumulation": 1.21,
            "expected_fidelity": 0.9200340577565321,
            "idel_entropy": 0.5175658658907364,
            "idle_rate": 0.2926829268292683,
            "qubit_frequency_dict": {
                "13": 5.1915,
                "8": 5.5705
            },
            "readout_frequency_dict": {
                "13": null,
                "8": null
            },
            "readoutError_dict": {
                "13": 4.34,
                "8": 1.35
            },
            "singleQubit_gate_error_dict": {
                "13": 0.12,
                "8": 0.16
            },
            "twoQubits_gate_error_dict": {
                "0": {
                    "twoQubits": [
                        8,
                        13
                    ],
                    "cz_error": 1.21
                }
            },
            "t1_dict": {
                "13": 22.2184,
                "8": 21.194
            },
            "t2_dict": {
                "13": 2.2364,
                "8": 4.4089
            },
            "singleQubit_update_time": "2025-03-21 02:33:29",
            "readout_update_time": "2025-03-25 22:31:14",
            "twoQubitGate_update_time": "2025-03-25 08:46:36",
            "origin_circuit": "X2P Q0\nRZ Q0 0\nX2M Q0\nRZ Q0 3.14159265\nY2P Q0\nY2M Q1\nRZ Q1 1.5707965\nY2P Q1\nCZ Q1 Q0\nRZ Q0 3.14159265\nY2P Q0\nM Q0\nM Q1",
            "layout": [
                13,
                8
            ],
            "transpiled_circit": "X2P Q13\nRZ Q13 0\nX2M Q13\nRZ Q13 3.14159265\nY2P Q13\nY2M Q8\nRZ Q8 1.5707965\nY2P Q8\nCZ Q8 Q13\nRZ Q13 3.14159265\nY2P Q13\nM Q13\nM Q8"
        }
    }
}