{
    "transpiled_randomCircuit_2qubit_0": {
        "run_config": {
            "machine_time": "tianyan176-2",
            "repeat": 1,
            "shots": 8000,
            "layout": [
                48,
                43
            ],
            "layout_id": 148,
            "expected_fidelity": 0.9043041405244063,
            "real_fidelity": 0.9371404101822006,
            "begin_time": "2025-03-25 23:18:29",
            "end_time": "2025-03-25 23:18:42",
            "cost_time": "13.221537 s"
        },
        "circuit_features": {
            "num_qubits": 2,
            "num_gates": 11,
            "depth": 8,
            "program_communication": 1.0,
            "critical_depth": 1.0,
            "entanglement_ratio": 0.09090909090909091,
            "parallelism": 0.375,
            "liveness": 0.75,
            "min_qubit_frequency": 5.1376,
            "max_qubit_frequency": 5.4413,
            "avg_qubit_frequency": 5.28945,
            "min_readout_frequency": null,
            "max_readout_frequency": null,
            "avg_readout_frequency": null,
            "min_readoutError": 1.2,
            "max_readoutError": 5.03,
            "avg_readoutError": 3.115,
            "min_singleQubit_gate_error": 0.13,
            "max_singleQubit_gate_error": 0.19,
            "avg_singleQubit_gate_error": 0.16,
            "min_twoQubits_gate_error": 1.95,
            "max_twoQubits_gate_error": 1.95,
            "avg_twoQubits_gate_error": 1.95,
            "min_t1": 21.3374,
            "max_t1": 32.6303,
            "avg_t1": 26.983849999999997,
            "min_t2": 2.0195,
            "max_t2": 2.4432,
            "avg_t2": 2.23135,
            "twoQubits_gate_error_accumulation": 1.95,
            "expected_fidelity": 0.9043041405244063,
            "idel_entropy": 0.5175658658907364,
            "idle_rate": 0.2926829268292683,
            "qubit_frequency_dict": {
                "48": 5.1376,
                "43": 5.4413
            },
            "readout_frequency_dict": {
                "48": null,
                "43": null
            },
            "readoutError_dict": {
                "48": 5.03,
                "43": 1.2
            },
            "singleQubit_gate_error_dict": {
                "48": 0.19,
                "43": 0.13
            },
            "twoQubits_gate_error_dict": {
                "0": {
                    "twoQubits": [
                        43,
                        48
                    ],
                    "cz_error": 1.95
                }
            },
            "t1_dict": {
                "48": 21.3374,
                "43": 32.6303
            },
            "t2_dict": {
                "48": 2.0195,
                "43": 2.4432
            },
            "singleQubit_update_time": "2025-03-21 02:33:29",
            "readout_update_time": "2025-03-25 23:01:18",
            "twoQubitGate_update_time": "2025-03-25 08:46:36",
            "origin_circuit": "X2P Q0\nRZ Q0 0\nX2M Q0\nRZ Q0 3.14159265\nY2P Q0\nY2M Q1\nRZ Q1 1.5707965\nY2P Q1\nCZ Q1 Q0\nRZ Q0 3.14159265\nY2P Q0\nM Q0\nM Q1",
            "layout": [
                48,
                43
            ],
            "transpiled_circit": "X2P Q48\nRZ Q48 0\nX2M Q48\nRZ Q48 3.14159265\nY2P Q48\nY2M Q43\nRZ Q43 1.5707965\nY2P Q43\nCZ Q43 Q48\nRZ Q48 3.14159265\nY2P Q48\nM Q48\nM Q43"
        }
    }
}