{
    "transpiled_randomCircuit_2qubit_0": {
        "run_config": {
            "machine_time": "tianyan176-2",
            "repeat": 1,
            "shots": 8000,
            "layout": [
                48,
                42
            ],
            "layout_id": 149,
            "expected_fidelity": 0.8952316249483031,
            "real_fidelity": 0.9451146694827744,
            "begin_time": "2025-03-25 23:18:43",
            "end_time": "2025-03-25 23:18:53",
            "cost_time": "10.848318 s"
        },
        "circuit_features": {
            "num_qubits": 2,
            "num_gates": 11,
            "depth": 8,
            "program_communication": 1.0,
            "critical_depth": 1.0,
            "entanglement_ratio": 0.09090909090909091,
            "parallelism": 0.375,
            "liveness": 0.75,
            "min_qubit_frequency": 5.1376,
            "max_qubit_frequency": 5.3702,
            "avg_qubit_frequency": 5.2539,
            "min_readout_frequency": null,
            "max_readout_frequency": null,
            "avg_readout_frequency": null,
            "min_readoutError": 3.22,
            "max_readoutError": 5.03,
            "avg_readoutError": 4.125,
            "min_singleQubit_gate_error": 0.19,
            "max_singleQubit_gate_error": 0.32,
            "avg_singleQubit_gate_error": 0.255,
            "min_twoQubits_gate_error": 0.34,
            "max_twoQubits_gate_error": 0.34,
            "avg_twoQubits_gate_error": 0.34,
            "min_t1": 21.3374,
            "max_t1": 23.2062,
            "avg_t1": 22.2718,
            "min_t2": 2.0195,
            "max_t2": 4.9349,
            "avg_t2": 3.4772,
            "twoQubits_gate_error_accumulation": 0.34,
            "expected_fidelity": 0.8952316249483031,
            "idel_entropy": 0.5175658658907364,
            "idle_rate": 0.2926829268292683,
            "qubit_frequency_dict": {
                "48": 5.1376,
                "42": 5.3702
            },
            "readout_frequency_dict": {
                "48": null,
                "42": null
            },
            "readoutError_dict": {
                "48": 5.03,
                "42": 3.22
            },
            "singleQubit_gate_error_dict": {
                "48": 0.19,
                "42": 0.32
            },
            "twoQubits_gate_error_dict": {
                "0": {
                    "twoQubits": [
                        42,
                        48
                    ],
                    "cz_error": 0.34
                }
            },
            "t1_dict": {
                "48": 21.3374,
                "42": 23.2062
            },
            "t2_dict": {
                "48": 2.0195,
                "42": 4.9349
            },
            "singleQubit_update_time": "2025-03-21 02:33:29",
            "readout_update_time": "2025-03-25 23:01:18",
            "twoQubitGate_update_time": "2025-03-25 08:46:36",
            "origin_circuit": "X2P Q0\nRZ Q0 0\nX2M Q0\nRZ Q0 3.14159265\nY2P Q0\nY2M Q1\nRZ Q1 1.5707965\nY2P Q1\nCZ Q1 Q0\nRZ Q0 3.14159265\nY2P Q0\nM Q0\nM Q1",
            "layout": [
                48,
                42
            ],
            "transpiled_circit": "X2P Q48\nRZ Q48 0\nX2M Q48\nRZ Q48 3.14159265\nY2P Q48\nY2M Q42\nRZ Q42 1.5707965\nY2P Q42\nCZ Q42 Q48\nRZ Q48 3.14159265\nY2P Q48\nM Q48\nM Q42"
        }
    }
}