{
    "transpiled_randomCircuit_2qubit_0": {
        "run_config": {
            "machine_time": "tianyan176-2",
            "repeat": 1,
            "shots": 8000,
            "layout": [
                30,
                24
            ],
            "layout_id": 144,
            "expected_fidelity": 0.7599088257899033,
            "real_fidelity": 0.8004165367127417,
            "begin_time": "2025-03-25 23:17:42",
            "end_time": "2025-03-25 23:17:53",
            "cost_time": "11.150422 s"
        },
        "circuit_features": {
            "num_qubits": 2,
            "num_gates": 11,
            "depth": 8,
            "program_communication": 1.0,
            "critical_depth": 1.0,
            "entanglement_ratio": 0.09090909090909091,
            "parallelism": 0.375,
            "liveness": 0.75,
            "min_qubit_frequency": 5.1355,
            "max_qubit_frequency": 5.3136,
            "avg_qubit_frequency": 5.224550000000001,
            "min_readout_frequency": null,
            "max_readout_frequency": null,
            "avg_readout_frequency": null,
            "min_readoutError": 4.89,
            "max_readoutError": 18.01,
            "avg_readoutError": 11.450000000000001,
            "min_singleQubit_gate_error": 0.11,
            "max_singleQubit_gate_error": 0.21,
            "avg_singleQubit_gate_error": 0.16,
            "min_twoQubits_gate_error": 0.78,
            "max_twoQubits_gate_error": 0.78,
            "avg_twoQubits_gate_error": 0.78,
            "min_t1": 20.8094,
            "max_t1": 29.3702,
            "avg_t1": 25.0898,
            "min_t2": 2.0051,
            "max_t2": 2.9482,
            "avg_t2": 2.4766500000000002,
            "twoQubits_gate_error_accumulation": 0.78,
            "expected_fidelity": 0.7599088257899033,
            "idel_entropy": 0.5175658658907364,
            "idle_rate": 0.2926829268292683,
            "qubit_frequency_dict": {
                "30": 5.3136,
                "24": 5.1355
            },
            "readout_frequency_dict": {
                "30": null,
                "24": null
            },
            "readoutError_dict": {
                "30": 18.01,
                "24": 4.89
            },
            "singleQubit_gate_error_dict": {
                "30": 0.21,
                "24": 0.11
            },
            "twoQubits_gate_error_dict": {
                "0": {
                    "twoQubits": [
                        24,
                        30
                    ],
                    "cz_error": 0.78
                }
            },
            "t1_dict": {
                "30": 29.3702,
                "24": 20.8094
            },
            "t2_dict": {
                "30": 2.9482,
                "24": 2.0051
            },
            "singleQubit_update_time": "2025-03-21 02:33:29",
            "readout_update_time": "2025-03-25 23:01:18",
            "twoQubitGate_update_time": "2025-03-25 08:46:36",
            "origin_circuit": "X2P Q0\nRZ Q0 0\nX2M Q0\nRZ Q0 3.14159265\nY2P Q0\nY2M Q1\nRZ Q1 1.5707965\nY2P Q1\nCZ Q1 Q0\nRZ Q0 3.14159265\nY2P Q0\nM Q0\nM Q1",
            "layout": [
                30,
                24
            ],
            "transpiled_circit": "X2P Q30\nRZ Q30 0\nX2M Q30\nRZ Q30 3.14159265\nY2P Q30\nY2M Q24\nRZ Q24 1.5707965\nY2P Q24\nCZ Q24 Q30\nRZ Q30 3.14159265\nY2P Q30\nM Q30\nM Q24"
        }
    }
}