{
    "transpiled_randomCircuit_2qubit_0": {
        "run_config": {
            "machine_time": "tianyan176-2",
            "repeat": 1,
            "shots": 8000,
            "layout": [
                26,
                20
            ],
            "layout_id": 44,
            "expected_fidelity": 0.9452010594107586,
            "real_fidelity": 0.9328280899893567,
            "begin_time": "2025-03-25 22:55:56",
            "end_time": "2025-03-25 22:56:09",
            "cost_time": "13.150055 s"
        },
        "circuit_features": {
            "num_qubits": 2,
            "num_gates": 11,
            "depth": 8,
            "program_communication": 1.0,
            "critical_depth": 1.0,
            "entanglement_ratio": 0.09090909090909091,
            "parallelism": 0.375,
            "liveness": 0.75,
            "min_qubit_frequency": 5.2574,
            "max_qubit_frequency": 5.3375,
            "avg_qubit_frequency": 5.2974499999999995,
            "min_readout_frequency": null,
            "max_readout_frequency": null,
            "avg_readout_frequency": null,
            "min_readoutError": 1.3,
            "max_readoutError": 1.41,
            "avg_readoutError": 1.355,
            "min_singleQubit_gate_error": 0.09,
            "max_singleQubit_gate_error": 0.15,
            "avg_singleQubit_gate_error": 0.12,
            "min_twoQubits_gate_error": 1.81,
            "max_twoQubits_gate_error": 1.81,
            "avg_twoQubits_gate_error": 1.81,
            "min_t1": 22.856,
            "max_t1": 25.2821,
            "avg_t1": 24.06905,
            "min_t2": 2.3345,
            "max_t2": 3.3763,
            "avg_t2": 2.8554,
            "twoQubits_gate_error_accumulation": 1.81,
            "expected_fidelity": 0.9452010594107586,
            "idel_entropy": 0.5175658658907364,
            "idle_rate": 0.2926829268292683,
            "qubit_frequency_dict": {
                "26": 5.2574,
                "20": 5.3375
            },
            "readout_frequency_dict": {
                "26": null,
                "20": null
            },
            "readoutError_dict": {
                "26": 1.41,
                "20": 1.3
            },
            "singleQubit_gate_error_dict": {
                "26": 0.09,
                "20": 0.15
            },
            "twoQubits_gate_error_dict": {
                "0": {
                    "twoQubits": [
                        20,
                        26
                    ],
                    "cz_error": 1.81
                }
            },
            "t1_dict": {
                "26": 22.856,
                "20": 25.2821
            },
            "t2_dict": {
                "26": 2.3345,
                "20": 3.3763
            },
            "singleQubit_update_time": "2025-03-21 02:33:29",
            "readout_update_time": "2025-03-25 22:31:14",
            "twoQubitGate_update_time": "2025-03-25 08:46:36",
            "origin_circuit": "X2P Q0\nRZ Q0 0\nX2M Q0\nRZ Q0 3.14159265\nY2P Q0\nY2M Q1\nRZ Q1 1.5707965\nY2P Q1\nCZ Q1 Q0\nRZ Q0 3.14159265\nY2P Q0\nM Q0\nM Q1",
            "layout": [
                26,
                20
            ],
            "transpiled_circit": "X2P Q26\nRZ Q26 0\nX2M Q26\nRZ Q26 3.14159265\nY2P Q26\nY2M Q20\nRZ Q20 1.5707965\nY2P Q20\nCZ Q20 Q26\nRZ Q26 3.14159265\nY2P Q26\nM Q26\nM Q20"
        }
    }
}