{
    "transpiled_randomCircuit_2qubit_0": {
        "run_config": {
            "machine_time": "tianyan176-2",
            "repeat": 1,
            "shots": 8000,
            "layout": [
                9,
                3
            ],
            "layout_id": 3,
            "expected_fidelity": 0.8479445716633015,
            "real_fidelity": 0.9016534761509554,
            "begin_time": "2025-03-25 22:46:51",
            "end_time": "2025-03-25 22:47:02",
            "cost_time": "10.795992 s"
        },
        "circuit_features": {
            "num_qubits": 2,
            "num_gates": 11,
            "depth": 8,
            "program_communication": 1.0,
            "critical_depth": 1.0,
            "entanglement_ratio": 0.09090909090909091,
            "parallelism": 0.375,
            "liveness": 0.75,
            "min_qubit_frequency": 5.1692,
            "max_qubit_frequency": 5.5403,
            "avg_qubit_frequency": 5.35475,
            "min_readout_frequency": null,
            "max_readout_frequency": null,
            "avg_readout_frequency": null,
            "min_readoutError": 1.12,
            "max_readoutError": 8.73,
            "avg_readoutError": 4.925000000000001,
            "min_singleQubit_gate_error": 0.11,
            "max_singleQubit_gate_error": 0.16,
            "avg_singleQubit_gate_error": 0.135,
            "min_twoQubits_gate_error": 4.86,
            "max_twoQubits_gate_error": 4.86,
            "avg_twoQubits_gate_error": 4.86,
            "min_t1": 27.1652,
            "max_t1": 27.6064,
            "avg_t1": 27.3858,
            "min_t2": 2.2101,
            "max_t2": 4.873,
            "avg_t2": 3.54155,
            "twoQubits_gate_error_accumulation": 4.86,
            "expected_fidelity": 0.8479445716633015,
            "idel_entropy": 0.5175658658907364,
            "idle_rate": 0.2926829268292683,
            "qubit_frequency_dict": {
                "9": 5.1692,
                "3": 5.5403
            },
            "readout_frequency_dict": {
                "9": null,
                "3": null
            },
            "readoutError_dict": {
                "9": 8.73,
                "3": 1.12
            },
            "singleQubit_gate_error_dict": {
                "9": 0.11,
                "3": 0.16
            },
            "twoQubits_gate_error_dict": {
                "0": {
                    "twoQubits": [
                        3,
                        9
                    ],
                    "cz_error": 4.86
                }
            },
            "t1_dict": {
                "9": 27.6064,
                "3": 27.1652
            },
            "t2_dict": {
                "9": 2.2101,
                "3": 4.873
            },
            "singleQubit_update_time": "2025-03-21 02:33:29",
            "readout_update_time": "2025-03-25 22:31:14",
            "twoQubitGate_update_time": "2025-03-25 08:46:36",
            "origin_circuit": "X2P Q0\nRZ Q0 0\nX2M Q0\nRZ Q0 3.14159265\nY2P Q0\nY2M Q1\nRZ Q1 1.5707965\nY2P Q1\nCZ Q1 Q0\nRZ Q0 3.14159265\nY2P Q0\nM Q0\nM Q1",
            "layout": [
                9,
                3
            ],
            "transpiled_circit": "X2P Q9\nRZ Q9 0\nX2M Q9\nRZ Q9 3.14159265\nY2P Q9\nY2M Q3\nRZ Q3 1.5707965\nY2P Q3\nCZ Q3 Q9\nRZ Q9 3.14159265\nY2P Q9\nM Q9\nM Q3"
        }
    }
}