{
    "transpiled_randomCircuit_2qubit_0": {
        "run_config": {
            "machine_time": "tianyan176-2",
            "repeat": 1,
            "shots": 8000,
            "layout": [
                28,
                22
            ],
            "layout_id": 55,
            "expected_fidelity": 0.8134764869542386,
            "real_fidelity": 0.7760891408779151,
            "begin_time": "2025-03-25 22:58:17",
            "end_time": "2025-03-25 22:58:28",
            "cost_time": "11.253124 s"
        },
        "circuit_features": {
            "num_qubits": 2,
            "num_gates": 11,
            "depth": 8,
            "program_communication": 1.0,
            "critical_depth": 1.0,
            "entanglement_ratio": 0.09090909090909091,
            "parallelism": 0.375,
            "liveness": 0.75,
            "min_qubit_frequency": 5.2429,
            "max_qubit_frequency": 5.4211,
            "avg_qubit_frequency": 5.332,
            "min_readout_frequency": null,
            "max_readout_frequency": null,
            "avg_readout_frequency": null,
            "min_readoutError": 4.21,
            "max_readoutError": 10.9,
            "avg_readoutError": 7.555,
            "min_singleQubit_gate_error": 0.12,
            "max_singleQubit_gate_error": 0.26,
            "avg_singleQubit_gate_error": 0.19,
            "min_twoQubits_gate_error": 3.13,
            "max_twoQubits_gate_error": 3.13,
            "avg_twoQubits_gate_error": 3.13,
            "min_t1": 9.7787,
            "max_t1": 39.9207,
            "avg_t1": 24.8497,
            "min_t2": 1.4092,
            "max_t2": 2.2739,
            "avg_t2": 1.8415499999999998,
            "twoQubits_gate_error_accumulation": 3.13,
            "expected_fidelity": 0.8134764869542386,
            "idel_entropy": 0.5175658658907364,
            "idle_rate": 0.2926829268292683,
            "qubit_frequency_dict": {
                "28": 5.2429,
                "22": 5.4211
            },
            "readout_frequency_dict": {
                "28": null,
                "22": null
            },
            "readoutError_dict": {
                "28": 10.9,
                "22": 4.21
            },
            "singleQubit_gate_error_dict": {
                "28": 0.12,
                "22": 0.26
            },
            "twoQubits_gate_error_dict": {
                "0": {
                    "twoQubits": [
                        22,
                        28
                    ],
                    "cz_error": 3.13
                }
            },
            "t1_dict": {
                "28": 39.9207,
                "22": 9.7787
            },
            "t2_dict": {
                "28": 2.2739,
                "22": 1.4092
            },
            "singleQubit_update_time": "2025-03-21 02:33:29",
            "readout_update_time": "2025-03-25 22:31:14",
            "twoQubitGate_update_time": "2025-03-25 08:46:36",
            "origin_circuit": "X2P Q0\nRZ Q0 0\nX2M Q0\nRZ Q0 3.14159265\nY2P Q0\nY2M Q1\nRZ Q1 1.5707965\nY2P Q1\nCZ Q1 Q0\nRZ Q0 3.14159265\nY2P Q0\nM Q0\nM Q1",
            "layout": [
                28,
                22
            ],
            "transpiled_circit": "X2P Q28\nRZ Q28 0\nX2M Q28\nRZ Q28 3.14159265\nY2P Q28\nY2M Q22\nRZ Q22 1.5707965\nY2P Q22\nCZ Q22 Q28\nRZ Q28 3.14159265\nY2P Q28\nM Q28\nM Q22"
        }
    }
}