{
    "transpiled_randomCircuit_2qubit_0": {
        "run_config": {
            "machine_time": "tianyan176-2",
            "repeat": 1,
            "shots": 8000,
            "layout": [
                24,
                18
            ],
            "layout_id": 93,
            "expected_fidelity": 0.8735715893227738,
            "real_fidelity": 0.9506749933752636,
            "begin_time": "2025-03-25 23:07:30",
            "end_time": "2025-03-25 23:07:43",
            "cost_time": "13.212385 s"
        },
        "circuit_features": {
            "num_qubits": 2,
            "num_gates": 11,
            "depth": 8,
            "program_communication": 1.0,
            "critical_depth": 1.0,
            "entanglement_ratio": 0.09090909090909091,
            "parallelism": 0.375,
            "liveness": 0.75,
            "min_qubit_frequency": 5.1355,
            "max_qubit_frequency": 5.2753,
            "avg_qubit_frequency": 5.2054,
            "min_readout_frequency": null,
            "max_readout_frequency": null,
            "avg_readout_frequency": null,
            "min_readoutError": 3.02,
            "max_readoutError": 4.89,
            "avg_readoutError": 3.955,
            "min_singleQubit_gate_error": 0.11,
            "max_singleQubit_gate_error": 0.6,
            "avg_singleQubit_gate_error": 0.355,
            "min_twoQubits_gate_error": 2.82,
            "max_twoQubits_gate_error": 2.82,
            "avg_twoQubits_gate_error": 2.82,
            "min_t1": 20.8094,
            "max_t1": 34.8112,
            "avg_t1": 27.810299999999998,
            "min_t2": 1.3775,
            "max_t2": 2.0051,
            "avg_t2": 1.6913,
            "twoQubits_gate_error_accumulation": 2.82,
            "expected_fidelity": 0.8735715893227738,
            "idel_entropy": 0.5175658658907364,
            "idle_rate": 0.2926829268292683,
            "qubit_frequency_dict": {
                "24": 5.1355,
                "18": 5.2753
            },
            "readout_frequency_dict": {
                "24": null,
                "18": null
            },
            "readoutError_dict": {
                "24": 4.89,
                "18": 3.02
            },
            "singleQubit_gate_error_dict": {
                "24": 0.11,
                "18": 0.6
            },
            "twoQubits_gate_error_dict": {
                "0": {
                    "twoQubits": [
                        18,
                        24
                    ],
                    "cz_error": 2.82
                }
            },
            "t1_dict": {
                "24": 20.8094,
                "18": 34.8112
            },
            "t2_dict": {
                "24": 2.0051,
                "18": 1.3775
            },
            "singleQubit_update_time": "2025-03-21 02:33:29",
            "readout_update_time": "2025-03-25 23:01:18",
            "twoQubitGate_update_time": "2025-03-25 08:46:36",
            "origin_circuit": "X2P Q0\nRZ Q0 0\nX2M Q0\nRZ Q0 3.14159265\nY2P Q0\nY2M Q1\nRZ Q1 1.5707965\nY2P Q1\nCZ Q1 Q0\nRZ Q0 3.14159265\nY2P Q0\nM Q0\nM Q1",
            "layout": [
                24,
                18
            ],
            "transpiled_circit": "X2P Q24\nRZ Q24 0\nX2M Q24\nRZ Q24 3.14159265\nY2P Q24\nY2M Q18\nRZ Q18 1.5707965\nY2P Q18\nCZ Q18 Q24\nRZ Q24 3.14159265\nY2P Q24\nM Q24\nM Q18"
        }
    }
}