{
    "transpiled_randomCircuit_2qubit_0": {
        "run_config": {
            "machine_time": "tianyan176-2",
            "repeat": 1,
            "shots": 8000,
            "layout": [
                35,
                40
            ],
            "layout_id": 83,
            "expected_fidelity": 0.8679456294410396,
            "real_fidelity": 0.8593552525943271,
            "begin_time": "2025-03-25 23:05:31",
            "end_time": "2025-03-25 23:05:43",
            "cost_time": "11.216805 s"
        },
        "circuit_features": {
            "num_qubits": 2,
            "num_gates": 11,
            "depth": 8,
            "program_communication": 1.0,
            "critical_depth": 1.0,
            "entanglement_ratio": 0.09090909090909091,
            "parallelism": 0.375,
            "liveness": 0.75,
            "min_qubit_frequency": 5.4909,
            "max_qubit_frequency": 5.624,
            "avg_qubit_frequency": 5.557449999999999,
            "min_readout_frequency": null,
            "max_readout_frequency": null,
            "avg_readout_frequency": null,
            "min_readoutError": 2.31,
            "max_readoutError": 6.86,
            "avg_readoutError": 4.585,
            "min_singleQubit_gate_error": 0.15,
            "max_singleQubit_gate_error": 0.22,
            "avg_singleQubit_gate_error": 0.185,
            "min_twoQubits_gate_error": 2.69,
            "max_twoQubits_gate_error": 2.69,
            "avg_twoQubits_gate_error": 2.69,
            "min_t1": 6.5598,
            "max_t1": 15.3278,
            "avg_t1": 10.9438,
            "min_t2": 4.1847,
            "max_t2": 4.892,
            "avg_t2": 4.53835,
            "twoQubits_gate_error_accumulation": 2.69,
            "expected_fidelity": 0.8679456294410396,
            "idel_entropy": 0.5175658658907364,
            "idle_rate": 0.2926829268292683,
            "qubit_frequency_dict": {
                "35": 5.624,
                "40": 5.4909
            },
            "readout_frequency_dict": {
                "35": null,
                "40": null
            },
            "readoutError_dict": {
                "35": 6.86,
                "40": 2.31
            },
            "singleQubit_gate_error_dict": {
                "35": 0.22,
                "40": 0.15
            },
            "twoQubits_gate_error_dict": {
                "0": {
                    "twoQubits": [
                        40,
                        35
                    ],
                    "cz_error": 2.69
                }
            },
            "t1_dict": {
                "35": 6.5598,
                "40": 15.3278
            },
            "t2_dict": {
                "35": 4.1847,
                "40": 4.892
            },
            "singleQubit_update_time": "2025-03-21 02:33:29",
            "readout_update_time": "2025-03-25 23:01:18",
            "twoQubitGate_update_time": "2025-03-25 08:46:36",
            "origin_circuit": "X2P Q0\nRZ Q0 0\nX2M Q0\nRZ Q0 3.14159265\nY2P Q0\nY2M Q1\nRZ Q1 1.5707965\nY2P Q1\nCZ Q1 Q0\nRZ Q0 3.14159265\nY2P Q0\nM Q0\nM Q1",
            "layout": [
                35,
                40
            ],
            "transpiled_circit": "X2P Q35\nRZ Q35 0\nX2M Q35\nRZ Q35 3.14159265\nY2P Q35\nY2M Q40\nRZ Q40 1.5707965\nY2P Q40\nCZ Q40 Q35\nRZ Q35 3.14159265\nY2P Q35\nM Q35\nM Q40"
        }
    }
}