{
    "transpiled_randomCircuit_2qubit_0": {
        "run_config": {
            "machine_time": "tianyan176-2",
            "repeat": 1,
            "shots": 8000,
            "layout": [
                29,
                35
            ],
            "layout_id": 110,
            "expected_fidelity": 0.8621034818382541,
            "real_fidelity": 0.8655984014614896,
            "begin_time": "2025-03-25 23:11:02",
            "end_time": "2025-03-25 23:11:12",
            "cost_time": "10.778373 s"
        },
        "circuit_features": {
            "num_qubits": 2,
            "num_gates": 11,
            "depth": 8,
            "program_communication": 1.0,
            "critical_depth": 1.0,
            "entanglement_ratio": 0.09090909090909091,
            "parallelism": 0.375,
            "liveness": 0.75,
            "min_qubit_frequency": 5.4057,
            "max_qubit_frequency": 5.624,
            "avg_qubit_frequency": 5.51485,
            "min_readout_frequency": null,
            "max_readout_frequency": null,
            "avg_readout_frequency": null,
            "min_readoutError": 2.93,
            "max_readoutError": 6.86,
            "avg_readoutError": 4.8950000000000005,
            "min_singleQubit_gate_error": 0.22,
            "max_singleQubit_gate_error": 0.36,
            "avg_singleQubit_gate_error": 0.29,
            "min_twoQubits_gate_error": 1.56,
            "max_twoQubits_gate_error": 1.56,
            "avg_twoQubits_gate_error": 1.56,
            "min_t1": 6.5598,
            "max_t1": 15.5349,
            "avg_t1": 11.04735,
            "min_t2": 4.1847,
            "max_t2": 5.2353,
            "avg_t2": 4.71,
            "twoQubits_gate_error_accumulation": 1.56,
            "expected_fidelity": 0.8621034818382541,
            "idel_entropy": 0.5175658658907364,
            "idle_rate": 0.2926829268292683,
            "qubit_frequency_dict": {
                "29": 5.4057,
                "35": 5.624
            },
            "readout_frequency_dict": {
                "29": null,
                "35": null
            },
            "readoutError_dict": {
                "29": 2.93,
                "35": 6.86
            },
            "singleQubit_gate_error_dict": {
                "29": 0.36,
                "35": 0.22
            },
            "twoQubits_gate_error_dict": {
                "0": {
                    "twoQubits": [
                        35,
                        29
                    ],
                    "cz_error": 1.56
                }
            },
            "t1_dict": {
                "29": 15.5349,
                "35": 6.5598
            },
            "t2_dict": {
                "29": 5.2353,
                "35": 4.1847
            },
            "singleQubit_update_time": "2025-03-21 02:33:29",
            "readout_update_time": "2025-03-25 23:01:18",
            "twoQubitGate_update_time": "2025-03-25 08:46:36",
            "origin_circuit": "X2P Q0\nRZ Q0 0\nX2M Q0\nRZ Q0 3.14159265\nY2P Q0\nY2M Q1\nRZ Q1 1.5707965\nY2P Q1\nCZ Q1 Q0\nRZ Q0 3.14159265\nY2P Q0\nM Q0\nM Q1",
            "layout": [
                29,
                35
            ],
            "transpiled_circit": "X2P Q29\nRZ Q29 0\nX2M Q29\nRZ Q29 3.14159265\nY2P Q29\nY2M Q35\nRZ Q35 1.5707965\nY2P Q35\nCZ Q35 Q29\nRZ Q29 3.14159265\nY2P Q29\nM Q29\nM Q35"
        }
    }
}