{
    "transpiled_randomCircuit_2qubit_0": {
        "run_config": {
            "machine_time": "tianyan176-2",
            "repeat": 1,
            "shots": 8000,
            "layout": [
                43,
                36
            ],
            "layout_id": 124,
            "expected_fidelity": 0.9200150251869651,
            "real_fidelity": 0.8865492318293787,
            "begin_time": "2025-03-25 23:13:49",
            "end_time": "2025-03-25 23:14:00",
            "cost_time": "10.937185 s"
        },
        "circuit_features": {
            "num_qubits": 2,
            "num_gates": 11,
            "depth": 8,
            "program_communication": 1.0,
            "critical_depth": 1.0,
            "entanglement_ratio": 0.09090909090909091,
            "parallelism": 0.375,
            "liveness": 0.75,
            "min_qubit_frequency": 5.4413,
            "max_qubit_frequency": 5.4707,
            "avg_qubit_frequency": 5.4559999999999995,
            "min_readout_frequency": null,
            "max_readout_frequency": null,
            "avg_readout_frequency": null,
            "min_readoutError": 1.2,
            "max_readoutError": 2.56,
            "avg_readoutError": 1.88,
            "min_singleQubit_gate_error": 0.13,
            "max_singleQubit_gate_error": 0.34,
            "avg_singleQubit_gate_error": 0.23500000000000001,
            "min_twoQubits_gate_error": 2.57,
            "max_twoQubits_gate_error": 2.57,
            "avg_twoQubits_gate_error": 2.57,
            "min_t1": 15.0164,
            "max_t1": 32.6303,
            "avg_t1": 23.823349999999998,
            "min_t2": 2.4432,
            "max_t2": 3.1699,
            "avg_t2": 2.80655,
            "twoQubits_gate_error_accumulation": 2.57,
            "expected_fidelity": 0.9200150251869651,
            "idel_entropy": 0.5175658658907364,
            "idle_rate": 0.2926829268292683,
            "qubit_frequency_dict": {
                "43": 5.4413,
                "36": 5.4707
            },
            "readout_frequency_dict": {
                "43": null,
                "36": null
            },
            "readoutError_dict": {
                "43": 1.2,
                "36": 2.56
            },
            "singleQubit_gate_error_dict": {
                "43": 0.13,
                "36": 0.34
            },
            "twoQubits_gate_error_dict": {
                "0": {
                    "twoQubits": [
                        36,
                        43
                    ],
                    "cz_error": 2.57
                }
            },
            "t1_dict": {
                "43": 32.6303,
                "36": 15.0164
            },
            "t2_dict": {
                "43": 2.4432,
                "36": 3.1699
            },
            "singleQubit_update_time": "2025-03-21 02:33:29",
            "readout_update_time": "2025-03-25 23:01:18",
            "twoQubitGate_update_time": "2025-03-25 08:46:36",
            "origin_circuit": "X2P Q0\nRZ Q0 0\nX2M Q0\nRZ Q0 3.14159265\nY2P Q0\nY2M Q1\nRZ Q1 1.5707965\nY2P Q1\nCZ Q1 Q0\nRZ Q0 3.14159265\nY2P Q0\nM Q0\nM Q1",
            "layout": [
                43,
                36
            ],
            "transpiled_circit": "X2P Q43\nRZ Q43 0\nX2M Q43\nRZ Q43 3.14159265\nY2P Q43\nY2M Q36\nRZ Q36 1.5707965\nY2P Q36\nCZ Q36 Q43\nRZ Q43 3.14159265\nY2P Q43\nM Q43\nM Q36"
        }
    }
}