{
    "transpiled_randomCircuit_2qubit_0": {
        "run_config": {
            "machine_time": "tianyan176-2",
            "repeat": 1,
            "shots": 8000,
            "layout": [
                45,
                39
            ],
            "layout_id": 132,
            "expected_fidelity": 0.8955814747960038,
            "real_fidelity": 0.9483832669806884,
            "begin_time": "2025-03-25 23:15:22",
            "end_time": "2025-03-25 23:15:34",
            "cost_time": "11.887219 s"
        },
        "circuit_features": {
            "num_qubits": 2,
            "num_gates": 11,
            "depth": 8,
            "program_communication": 1.0,
            "critical_depth": 1.0,
            "entanglement_ratio": 0.09090909090909091,
            "parallelism": 0.375,
            "liveness": 0.75,
            "min_qubit_frequency": 5.4583,
            "max_qubit_frequency": 5.4993,
            "avg_qubit_frequency": 5.4788,
            "min_readout_frequency": null,
            "max_readout_frequency": null,
            "avg_readout_frequency": null,
            "min_readoutError": 2.05,
            "max_readoutError": 3.16,
            "avg_readoutError": 2.605,
            "min_singleQubit_gate_error": 0.11,
            "max_singleQubit_gate_error": 0.28,
            "avg_singleQubit_gate_error": 0.195,
            "min_twoQubits_gate_error": 4.05,
            "max_twoQubits_gate_error": 4.05,
            "avg_twoQubits_gate_error": 4.05,
            "min_t1": 28.7526,
            "max_t1": 29.6403,
            "avg_t1": 29.19645,
            "min_t2": 2.2676,
            "max_t2": 6.335,
            "avg_t2": 4.3012999999999995,
            "twoQubits_gate_error_accumulation": 4.05,
            "expected_fidelity": 0.8955814747960038,
            "idel_entropy": 0.5175658658907364,
            "idle_rate": 0.2926829268292683,
            "qubit_frequency_dict": {
                "45": 5.4993,
                "39": 5.4583
            },
            "readout_frequency_dict": {
                "45": null,
                "39": null
            },
            "readoutError_dict": {
                "45": 2.05,
                "39": 3.16
            },
            "singleQubit_gate_error_dict": {
                "45": 0.11,
                "39": 0.28
            },
            "twoQubits_gate_error_dict": {
                "0": {
                    "twoQubits": [
                        39,
                        45
                    ],
                    "cz_error": 4.05
                }
            },
            "t1_dict": {
                "45": 28.7526,
                "39": 29.6403
            },
            "t2_dict": {
                "45": 6.335,
                "39": 2.2676
            },
            "singleQubit_update_time": "2025-03-21 02:33:29",
            "readout_update_time": "2025-03-25 23:01:18",
            "twoQubitGate_update_time": "2025-03-25 08:46:36",
            "origin_circuit": "X2P Q0\nRZ Q0 0\nX2M Q0\nRZ Q0 3.14159265\nY2P Q0\nY2M Q1\nRZ Q1 1.5707965\nY2P Q1\nCZ Q1 Q0\nRZ Q0 3.14159265\nY2P Q0\nM Q0\nM Q1",
            "layout": [
                45,
                39
            ],
            "transpiled_circit": "X2P Q45\nRZ Q45 0\nX2M Q45\nRZ Q45 3.14159265\nY2P Q45\nY2M Q39\nRZ Q39 1.5707965\nY2P Q39\nCZ Q39 Q45\nRZ Q45 3.14159265\nY2P Q45\nM Q45\nM Q39"
        }
    }
}