{
    "transpiled_randomCircuit_2qubit_0": {
        "run_config": {
            "machine_time": "tianyan176-2",
            "repeat": 1,
            "shots": 8000,
            "layout": [
                21,
                27
            ],
            "layout_id": 23,
            "expected_fidelity": 0.9372408444366495,
            "real_fidelity": 0.9545241839905598,
            "begin_time": "2025-03-25 22:50:58",
            "end_time": "2025-03-25 22:51:09",
            "cost_time": "10.807506 s"
        },
        "circuit_features": {
            "num_qubits": 2,
            "num_gates": 11,
            "depth": 8,
            "program_communication": 1.0,
            "critical_depth": 1.0,
            "entanglement_ratio": 0.09090909090909091,
            "parallelism": 0.375,
            "liveness": 0.75,
            "min_qubit_frequency": 5.1414,
            "max_qubit_frequency": 5.3514,
            "avg_qubit_frequency": 5.2463999999999995,
            "min_readout_frequency": null,
            "max_readout_frequency": null,
            "avg_readout_frequency": null,
            "min_readoutError": 2.04,
            "max_readoutError": 2.12,
            "avg_readoutError": 2.08,
            "min_singleQubit_gate_error": 0.08,
            "max_singleQubit_gate_error": 0.18,
            "avg_singleQubit_gate_error": 0.13,
            "min_twoQubits_gate_error": 1.17,
            "max_twoQubits_gate_error": 1.17,
            "avg_twoQubits_gate_error": 1.17,
            "min_t1": 24.4534,
            "max_t1": 42.5285,
            "avg_t1": 33.49095,
            "min_t2": 2.5943,
            "max_t2": 3.1575,
            "avg_t2": 2.8759,
            "twoQubits_gate_error_accumulation": 1.17,
            "expected_fidelity": 0.9372408444366495,
            "idel_entropy": 0.5175658658907364,
            "idle_rate": 0.2926829268292683,
            "qubit_frequency_dict": {
                "21": 5.1414,
                "27": 5.3514
            },
            "readout_frequency_dict": {
                "21": null,
                "27": null
            },
            "readoutError_dict": {
                "21": 2.12,
                "27": 2.04
            },
            "singleQubit_gate_error_dict": {
                "21": 0.08,
                "27": 0.18
            },
            "twoQubits_gate_error_dict": {
                "0": {
                    "twoQubits": [
                        27,
                        21
                    ],
                    "cz_error": 1.17
                }
            },
            "t1_dict": {
                "21": 42.5285,
                "27": 24.4534
            },
            "t2_dict": {
                "21": 2.5943,
                "27": 3.1575
            },
            "singleQubit_update_time": "2025-03-21 02:33:29",
            "readout_update_time": "2025-03-25 22:31:14",
            "twoQubitGate_update_time": "2025-03-25 08:46:36",
            "origin_circuit": "X2P Q0\nRZ Q0 0\nX2M Q0\nRZ Q0 3.14159265\nY2P Q0\nY2M Q1\nRZ Q1 1.5707965\nY2P Q1\nCZ Q1 Q0\nRZ Q0 3.14159265\nY2P Q0\nM Q0\nM Q1",
            "layout": [
                21,
                27
            ],
            "transpiled_circit": "X2P Q21\nRZ Q21 0\nX2M Q21\nRZ Q21 3.14159265\nY2P Q21\nY2M Q27\nRZ Q27 1.5707965\nY2P Q27\nCZ Q27 Q21\nRZ Q21 3.14159265\nY2P Q21\nM Q21\nM Q27"
        }
    }
}