{
    "transpiled_randomCircuit_2qubit_0": {
        "run_config": {
            "machine_time": "tianyan176-2",
            "repeat": 1,
            "shots": 8000,
            "layout": [
                55,
                49
            ],
            "layout_id": 179,
            "expected_fidelity": 0.9247324109231708,
            "real_fidelity": 0.9329555695918001,
            "begin_time": "2025-03-25 23:27:12",
            "end_time": "2025-03-25 23:27:23",
            "cost_time": "11.342183 s"
        },
        "circuit_features": {
            "num_qubits": 2,
            "num_gates": 11,
            "depth": 8,
            "program_communication": 1.0,
            "critical_depth": 1.0,
            "entanglement_ratio": 0.09090909090909091,
            "parallelism": 0.375,
            "liveness": 0.75,
            "min_qubit_frequency": 5.4472,
            "max_qubit_frequency": 5.74,
            "avg_qubit_frequency": 5.5936,
            "min_readout_frequency": null,
            "max_readout_frequency": null,
            "avg_readout_frequency": null,
            "min_readoutError": 1.42,
            "max_readoutError": 2.29,
            "avg_readoutError": 1.855,
            "min_singleQubit_gate_error": 0.26,
            "max_singleQubit_gate_error": 0.37,
            "avg_singleQubit_gate_error": 0.315,
            "min_twoQubits_gate_error": 0.7,
            "max_twoQubits_gate_error": 0.7,
            "avg_twoQubits_gate_error": 0.7,
            "min_t1": 6.0438,
            "max_t1": 33.0192,
            "avg_t1": 19.531499999999998,
            "min_t2": 3.5214,
            "max_t2": 4.6667,
            "avg_t2": 4.094049999999999,
            "twoQubits_gate_error_accumulation": 0.7,
            "expected_fidelity": 0.9247324109231708,
            "idel_entropy": 0.5175658658907364,
            "idle_rate": 0.2926829268292683,
            "qubit_frequency_dict": {
                "55": 5.4472,
                "49": 5.74
            },
            "readout_frequency_dict": {
                "55": null,
                "49": null
            },
            "readoutError_dict": {
                "55": 1.42,
                "49": 2.29
            },
            "singleQubit_gate_error_dict": {
                "55": 0.37,
                "49": 0.26
            },
            "twoQubits_gate_error_dict": {
                "0": {
                    "twoQubits": [
                        49,
                        55
                    ],
                    "cz_error": 0.7
                }
            },
            "t1_dict": {
                "55": 33.0192,
                "49": 6.0438
            },
            "t2_dict": {
                "55": 4.6667,
                "49": 3.5214
            },
            "singleQubit_update_time": "2025-03-21 02:33:29",
            "readout_update_time": "2025-03-25 23:01:18",
            "twoQubitGate_update_time": "2025-03-25 08:46:36",
            "origin_circuit": "X2P Q0\nRZ Q0 0\nX2M Q0\nRZ Q0 3.14159265\nY2P Q0\nY2M Q1\nRZ Q1 1.5707965\nY2P Q1\nCZ Q1 Q0\nRZ Q0 3.14159265\nY2P Q0\nM Q0\nM Q1",
            "layout": [
                55,
                49
            ],
            "transpiled_circit": "X2P Q55\nRZ Q55 0\nX2M Q55\nRZ Q55 3.14159265\nY2P Q55\nY2M Q49\nRZ Q49 1.5707965\nY2P Q49\nCZ Q49 Q55\nRZ Q55 3.14159265\nY2P Q55\nM Q55\nM Q49"
        }
    }
}