{
    "transpiled_randomCircuit_2qubit_0": {
        "run_config": {
            "machine_time": "tianyan176-2",
            "repeat": 1,
            "shots": 8000,
            "layout": [
                62,
                57
            ],
            "layout_id": 182,
            "expected_fidelity": 0.7581298068788662,
            "real_fidelity": 0.8905710321151978,
            "begin_time": "2025-03-25 23:27:47",
            "end_time": "2025-03-25 23:27:58",
            "cost_time": "11.097789 s"
        },
        "circuit_features": {
            "num_qubits": 2,
            "num_gates": 11,
            "depth": 8,
            "program_communication": 1.0,
            "critical_depth": 1.0,
            "entanglement_ratio": 0.09090909090909091,
            "parallelism": 0.375,
            "liveness": 0.75,
            "min_qubit_frequency": 5.1876,
            "max_qubit_frequency": 5.2959,
            "avg_qubit_frequency": 5.24175,
            "min_readout_frequency": null,
            "max_readout_frequency": null,
            "avg_readout_frequency": null,
            "min_readoutError": 2.95,
            "max_readoutError": 17.29,
            "avg_readoutError": 10.12,
            "min_singleQubit_gate_error": 0.18,
            "max_singleQubit_gate_error": 0.24,
            "avg_singleQubit_gate_error": 0.21,
            "min_twoQubits_gate_error": 3.43,
            "max_twoQubits_gate_error": 3.43,
            "avg_twoQubits_gate_error": 3.43,
            "min_t1": 6.7555,
            "max_t1": 23.273,
            "avg_t1": 15.01425,
            "min_t2": 2.0498,
            "max_t2": 2.9094,
            "avg_t2": 2.4796,
            "twoQubits_gate_error_accumulation": 3.43,
            "expected_fidelity": 0.7581298068788662,
            "idel_entropy": 0.5175658658907364,
            "idle_rate": 0.2926829268292683,
            "qubit_frequency_dict": {
                "62": 5.1876,
                "57": 5.2959
            },
            "readout_frequency_dict": {
                "62": null,
                "57": null
            },
            "readoutError_dict": {
                "62": 17.29,
                "57": 2.95
            },
            "singleQubit_gate_error_dict": {
                "62": 0.24,
                "57": 0.18
            },
            "twoQubits_gate_error_dict": {
                "0": {
                    "twoQubits": [
                        57,
                        62
                    ],
                    "cz_error": 3.43
                }
            },
            "t1_dict": {
                "62": 6.7555,
                "57": 23.273
            },
            "t2_dict": {
                "62": 2.0498,
                "57": 2.9094
            },
            "singleQubit_update_time": "2025-03-21 02:33:29",
            "readout_update_time": "2025-03-25 23:01:18",
            "twoQubitGate_update_time": "2025-03-25 08:46:36",
            "origin_circuit": "X2P Q0\nRZ Q0 0\nX2M Q0\nRZ Q0 3.14159265\nY2P Q0\nY2M Q1\nRZ Q1 1.5707965\nY2P Q1\nCZ Q1 Q0\nRZ Q0 3.14159265\nY2P Q0\nM Q0\nM Q1",
            "layout": [
                62,
                57
            ],
            "transpiled_circit": "X2P Q62\nRZ Q62 0\nX2M Q62\nRZ Q62 3.14159265\nY2P Q62\nY2M Q57\nRZ Q57 1.5707965\nY2P Q57\nCZ Q57 Q62\nRZ Q62 3.14159265\nY2P Q62\nM Q62\nM Q57"
        }
    }
}