{
    "transpiled_randomCircuit_2qubit_0": {
        "run_config": {
            "machine_time": "tianyan176-2",
            "repeat": 1,
            "shots": 8000,
            "layout": [
                41,
                47
            ],
            "layout_id": 120,
            "expected_fidelity": 0.8921483387068558,
            "real_fidelity": 0.8707086622029704,
            "begin_time": "2025-03-25 23:13:00",
            "end_time": "2025-03-25 23:13:14",
            "cost_time": "14.27829 s"
        },
        "circuit_features": {
            "num_qubits": 2,
            "num_gates": 11,
            "depth": 8,
            "program_communication": 1.0,
            "critical_depth": 1.0,
            "entanglement_ratio": 0.09090909090909091,
            "parallelism": 0.375,
            "liveness": 0.75,
            "min_qubit_frequency": 5.3315,
            "max_qubit_frequency": 5.4419,
            "avg_qubit_frequency": 5.3867,
            "min_readout_frequency": null,
            "max_readout_frequency": null,
            "avg_readout_frequency": null,
            "min_readoutError": 3.22,
            "max_readoutError": 4.44,
            "avg_readoutError": 3.83,
            "min_singleQubit_gate_error": 0.08,
            "max_singleQubit_gate_error": 0.24,
            "avg_singleQubit_gate_error": 0.16,
            "min_twoQubits_gate_error": 2.29,
            "max_twoQubits_gate_error": 2.29,
            "avg_twoQubits_gate_error": 2.29,
            "min_t1": 12.1295,
            "max_t1": 43.9429,
            "avg_t1": 28.0362,
            "min_t2": 4.6886,
            "max_t2": 6.2453,
            "avg_t2": 5.466950000000001,
            "twoQubits_gate_error_accumulation": 2.29,
            "expected_fidelity": 0.8921483387068558,
            "idel_entropy": 0.5175658658907364,
            "idle_rate": 0.2926829268292683,
            "qubit_frequency_dict": {
                "41": 5.3315,
                "47": 5.4419
            },
            "readout_frequency_dict": {
                "41": null,
                "47": null
            },
            "readoutError_dict": {
                "41": 4.44,
                "47": 3.22
            },
            "singleQubit_gate_error_dict": {
                "41": 0.08,
                "47": 0.24
            },
            "twoQubits_gate_error_dict": {
                "0": {
                    "twoQubits": [
                        47,
                        41
                    ],
                    "cz_error": 2.29
                }
            },
            "t1_dict": {
                "41": 43.9429,
                "47": 12.1295
            },
            "t2_dict": {
                "41": 4.6886,
                "47": 6.2453
            },
            "singleQubit_update_time": "2025-03-21 02:33:29",
            "readout_update_time": "2025-03-25 23:01:18",
            "twoQubitGate_update_time": "2025-03-25 08:46:36",
            "origin_circuit": "X2P Q0\nRZ Q0 0\nX2M Q0\nRZ Q0 3.14159265\nY2P Q0\nY2M Q1\nRZ Q1 1.5707965\nY2P Q1\nCZ Q1 Q0\nRZ Q0 3.14159265\nY2P Q0\nM Q0\nM Q1",
            "layout": [
                41,
                47
            ],
            "transpiled_circit": "X2P Q41\nRZ Q41 0\nX2M Q41\nRZ Q41 3.14159265\nY2P Q41\nY2M Q47\nRZ Q47 1.5707965\nY2P Q47\nCZ Q47 Q41\nRZ Q41 3.14159265\nY2P Q41\nM Q41\nM Q47"
        }
    }
}