{
    "transpiled_randomCircuit_2qubit_0": {
        "run_config": {
            "machine_time": "tianyan176-2",
            "repeat": 1,
            "shots": 8000,
            "layout": [
                13,
                19
            ],
            "layout_id": 37,
            "expected_fidelity": 0.9156310741083085,
            "real_fidelity": 0.9298352321072642,
            "begin_time": "2025-03-25 22:54:32",
            "end_time": "2025-03-25 22:54:43",
            "cost_time": "11.065415 s"
        },
        "circuit_features": {
            "num_qubits": 2,
            "num_gates": 11,
            "depth": 8,
            "program_communication": 1.0,
            "critical_depth": 1.0,
            "entanglement_ratio": 0.09090909090909091,
            "parallelism": 0.375,
            "liveness": 0.75,
            "min_qubit_frequency": 5.1915,
            "max_qubit_frequency": 5.4547,
            "avg_qubit_frequency": 5.3231,
            "min_readout_frequency": null,
            "max_readout_frequency": null,
            "avg_readout_frequency": null,
            "min_readoutError": 1.39,
            "max_readoutError": 4.34,
            "avg_readoutError": 2.8649999999999998,
            "min_singleQubit_gate_error": 0.12,
            "max_singleQubit_gate_error": 0.39,
            "avg_singleQubit_gate_error": 0.255,
            "min_twoQubits_gate_error": 0.96,
            "max_twoQubits_gate_error": 0.96,
            "avg_twoQubits_gate_error": 0.96,
            "min_t1": 22.2184,
            "max_t1": 33.3492,
            "avg_t1": 27.7838,
            "min_t2": 2.2364,
            "max_t2": 3.4857,
            "avg_t2": 2.86105,
            "twoQubits_gate_error_accumulation": 0.96,
            "expected_fidelity": 0.9156310741083085,
            "idel_entropy": 0.5175658658907364,
            "idle_rate": 0.2926829268292683,
            "qubit_frequency_dict": {
                "13": 5.1915,
                "19": 5.4547
            },
            "readout_frequency_dict": {
                "13": null,
                "19": null
            },
            "readoutError_dict": {
                "13": 4.34,
                "19": 1.39
            },
            "singleQubit_gate_error_dict": {
                "13": 0.12,
                "19": 0.39
            },
            "twoQubits_gate_error_dict": {
                "0": {
                    "twoQubits": [
                        19,
                        13
                    ],
                    "cz_error": 0.96
                }
            },
            "t1_dict": {
                "13": 22.2184,
                "19": 33.3492
            },
            "t2_dict": {
                "13": 2.2364,
                "19": 3.4857
            },
            "singleQubit_update_time": "2025-03-21 02:33:29",
            "readout_update_time": "2025-03-25 22:31:14",
            "twoQubitGate_update_time": "2025-03-25 08:46:36",
            "origin_circuit": "X2P Q0\nRZ Q0 0\nX2M Q0\nRZ Q0 3.14159265\nY2P Q0\nY2M Q1\nRZ Q1 1.5707965\nY2P Q1\nCZ Q1 Q0\nRZ Q0 3.14159265\nY2P Q0\nM Q0\nM Q1",
            "layout": [
                13,
                19
            ],
            "transpiled_circit": "X2P Q13\nRZ Q13 0\nX2M Q13\nRZ Q13 3.14159265\nY2P Q13\nY2M Q19\nRZ Q19 1.5707965\nY2P Q19\nCZ Q19 Q13\nRZ Q13 3.14159265\nY2P Q13\nM Q13\nM Q19"
        }
    }
}