{
    "transpiled_randomCircuit_2qubit_0": {
        "run_config": {
            "machine_time": "tianyan176-2",
            "repeat": 1,
            "shots": 8000,
            "layout": [
                10,
                15
            ],
            "layout_id": 16,
            "expected_fidelity": 0.9105804090596512,
            "real_fidelity": 0.937466239061062,
            "begin_time": "2025-03-25 22:49:27",
            "end_time": "2025-03-25 22:49:41",
            "cost_time": "13.961009 s"
        },
        "circuit_features": {
            "num_qubits": 2,
            "num_gates": 11,
            "depth": 8,
            "program_communication": 1.0,
            "critical_depth": 1.0,
            "entanglement_ratio": 0.09090909090909091,
            "parallelism": 0.375,
            "liveness": 0.75,
            "min_qubit_frequency": 5.4411,
            "max_qubit_frequency": 5.4961,
            "avg_qubit_frequency": 5.4686,
            "min_readout_frequency": null,
            "max_readout_frequency": null,
            "avg_readout_frequency": null,
            "min_readoutError": 1.45,
            "max_readoutError": 4.57,
            "avg_readoutError": 3.0100000000000002,
            "min_singleQubit_gate_error": 0.15,
            "max_singleQubit_gate_error": 0.23,
            "avg_singleQubit_gate_error": 0.19,
            "min_twoQubits_gate_error": 1.16,
            "max_twoQubits_gate_error": 1.16,
            "avg_twoQubits_gate_error": 1.16,
            "min_t1": 13.582,
            "max_t1": 29.7058,
            "avg_t1": 21.643900000000002,
            "min_t2": 5.0056,
            "max_t2": 5.2412,
            "avg_t2": 5.1234,
            "twoQubits_gate_error_accumulation": 1.16,
            "expected_fidelity": 0.9105804090596512,
            "idel_entropy": 0.5175658658907364,
            "idle_rate": 0.2926829268292683,
            "qubit_frequency_dict": {
                "10": 5.4411,
                "15": 5.4961
            },
            "readout_frequency_dict": {
                "10": null,
                "15": null
            },
            "readoutError_dict": {
                "10": 4.57,
                "15": 1.45
            },
            "singleQubit_gate_error_dict": {
                "10": 0.23,
                "15": 0.15
            },
            "twoQubits_gate_error_dict": {
                "0": {
                    "twoQubits": [
                        15,
                        10
                    ],
                    "cz_error": 1.16
                }
            },
            "t1_dict": {
                "10": 13.582,
                "15": 29.7058
            },
            "t2_dict": {
                "10": 5.0056,
                "15": 5.2412
            },
            "singleQubit_update_time": "2025-03-21 02:33:29",
            "readout_update_time": "2025-03-25 22:31:14",
            "twoQubitGate_update_time": "2025-03-25 08:46:36",
            "origin_circuit": "X2P Q0\nRZ Q0 0\nX2M Q0\nRZ Q0 3.14159265\nY2P Q0\nY2M Q1\nRZ Q1 1.5707965\nY2P Q1\nCZ Q1 Q0\nRZ Q0 3.14159265\nY2P Q0\nM Q0\nM Q1",
            "layout": [
                10,
                15
            ],
            "transpiled_circit": "X2P Q10\nRZ Q10 0\nX2M Q10\nRZ Q10 3.14159265\nY2P Q10\nY2M Q15\nRZ Q15 1.5707965\nY2P Q15\nCZ Q15 Q10\nRZ Q10 3.14159265\nY2P Q10\nM Q10\nM Q15"
        }
    }
}