{
    "transpiled_randomCircuit_2qubit_0": {
        "run_config": {
            "machine_time": "tianyan176-2",
            "repeat": 1,
            "shots": 8000,
            "layout": [
                27,
                34
            ],
            "layout_id": 50,
            "expected_fidelity": 0.8013669865509591,
            "real_fidelity": 0.8684532666356441,
            "begin_time": "2025-03-25 22:57:12",
            "end_time": "2025-03-25 22:57:24",
            "cost_time": "11.41454 s"
        },
        "circuit_features": {
            "num_qubits": 2,
            "num_gates": 11,
            "depth": 8,
            "program_communication": 1.0,
            "critical_depth": 1.0,
            "entanglement_ratio": 0.09090909090909091,
            "parallelism": 0.375,
            "liveness": 0.75,
            "min_qubit_frequency": 5.0471,
            "max_qubit_frequency": 5.3514,
            "avg_qubit_frequency": 5.19925,
            "min_readout_frequency": null,
            "max_readout_frequency": null,
            "avg_readout_frequency": null,
            "min_readoutError": 2.04,
            "max_readoutError": 14.13,
            "avg_readoutError": 8.085,
            "min_singleQubit_gate_error": 0.18,
            "max_singleQubit_gate_error": 0.29,
            "avg_singleQubit_gate_error": 0.235,
            "min_twoQubits_gate_error": 2.68,
            "max_twoQubits_gate_error": 2.68,
            "avg_twoQubits_gate_error": 2.68,
            "min_t1": 18.4965,
            "max_t1": 24.4534,
            "avg_t1": 21.47495,
            "min_t2": 0.9374,
            "max_t2": 3.1575,
            "avg_t2": 2.04745,
            "twoQubits_gate_error_accumulation": 2.68,
            "expected_fidelity": 0.8013669865509591,
            "idel_entropy": 0.5175658658907364,
            "idle_rate": 0.2926829268292683,
            "qubit_frequency_dict": {
                "27": 5.3514,
                "34": 5.0471
            },
            "readout_frequency_dict": {
                "27": null,
                "34": null
            },
            "readoutError_dict": {
                "27": 2.04,
                "34": 14.13
            },
            "singleQubit_gate_error_dict": {
                "27": 0.18,
                "34": 0.29
            },
            "twoQubits_gate_error_dict": {
                "0": {
                    "twoQubits": [
                        34,
                        27
                    ],
                    "cz_error": 2.68
                }
            },
            "t1_dict": {
                "27": 24.4534,
                "34": 18.4965
            },
            "t2_dict": {
                "27": 3.1575,
                "34": 0.9374
            },
            "singleQubit_update_time": "2025-03-21 02:33:29",
            "readout_update_time": "2025-03-25 22:31:14",
            "twoQubitGate_update_time": "2025-03-25 08:46:36",
            "origin_circuit": "X2P Q0\nRZ Q0 0\nX2M Q0\nRZ Q0 3.14159265\nY2P Q0\nY2M Q1\nRZ Q1 1.5707965\nY2P Q1\nCZ Q1 Q0\nRZ Q0 3.14159265\nY2P Q0\nM Q0\nM Q1",
            "layout": [
                27,
                34
            ],
            "transpiled_circit": "X2P Q27\nRZ Q27 0\nX2M Q27\nRZ Q27 3.14159265\nY2P Q27\nY2M Q34\nRZ Q34 1.5707965\nY2P Q34\nCZ Q34 Q27\nRZ Q27 3.14159265\nY2P Q27\nM Q27\nM Q34"
        }
    }
}