{
    "transpiled_randomCircuit_2qubit_0": {
        "run_config": {
            "machine_time": "tianyan176-2",
            "repeat": 1,
            "shots": 8000,
            "layout": [
                14,
                9
            ],
            "layout_id": 4,
            "expected_fidelity": 0.6959537684713514,
            "real_fidelity": 0.788343628337908,
            "begin_time": "2025-03-25 22:47:02",
            "end_time": "2025-03-25 22:47:14",
            "cost_time": "11.373756 s"
        },
        "circuit_features": {
            "num_qubits": 2,
            "num_gates": 11,
            "depth": 8,
            "program_communication": 1.0,
            "critical_depth": 1.0,
            "entanglement_ratio": 0.09090909090909091,
            "parallelism": 0.375,
            "liveness": 0.75,
            "min_qubit_frequency": 5.1692,
            "max_qubit_frequency": 5.4505,
            "avg_qubit_frequency": 5.30985,
            "min_readout_frequency": null,
            "max_readout_frequency": null,
            "avg_readout_frequency": null,
            "min_readoutError": 8.06,
            "max_readoutError": 8.73,
            "avg_readoutError": 8.395,
            "min_singleQubit_gate_error": 0.11,
            "max_singleQubit_gate_error": 0.98,
            "avg_singleQubit_gate_error": 0.545,
            "min_twoQubits_gate_error": 10.85,
            "max_twoQubits_gate_error": 10.85,
            "avg_twoQubits_gate_error": 10.85,
            "min_t1": 24.4302,
            "max_t1": 27.6064,
            "avg_t1": 26.0183,
            "min_t2": 2.2101,
            "max_t2": 3.6913,
            "avg_t2": 2.9507000000000003,
            "twoQubits_gate_error_accumulation": 10.85,
            "expected_fidelity": 0.6959537684713514,
            "idel_entropy": 0.5175658658907364,
            "idle_rate": 0.2926829268292683,
            "qubit_frequency_dict": {
                "14": 5.4505,
                "9": 5.1692
            },
            "readout_frequency_dict": {
                "14": null,
                "9": null
            },
            "readoutError_dict": {
                "14": 8.06,
                "9": 8.73
            },
            "singleQubit_gate_error_dict": {
                "14": 0.98,
                "9": 0.11
            },
            "twoQubits_gate_error_dict": {
                "0": {
                    "twoQubits": [
                        9,
                        14
                    ],
                    "cz_error": 10.85
                }
            },
            "t1_dict": {
                "14": 24.4302,
                "9": 27.6064
            },
            "t2_dict": {
                "14": 3.6913,
                "9": 2.2101
            },
            "singleQubit_update_time": "2025-03-21 02:33:29",
            "readout_update_time": "2025-03-25 22:31:14",
            "twoQubitGate_update_time": "2025-03-25 08:46:36",
            "origin_circuit": "X2P Q0\nRZ Q0 0\nX2M Q0\nRZ Q0 3.14159265\nY2P Q0\nY2M Q1\nRZ Q1 1.5707965\nY2P Q1\nCZ Q1 Q0\nRZ Q0 3.14159265\nY2P Q0\nM Q0\nM Q1",
            "layout": [
                14,
                9
            ],
            "transpiled_circit": "X2P Q14\nRZ Q14 0\nX2M Q14\nRZ Q14 3.14159265\nY2P Q14\nY2M Q9\nRZ Q9 1.5707965\nY2P Q9\nCZ Q9 Q14\nRZ Q14 3.14159265\nY2P Q14\nM Q14\nM Q9"
        }
    }
}