{
    "transpiled_randomCircuit_2qubit_0": {
        "run_config": {
            "machine_time": "tianyan176-2",
            "repeat": 1,
            "shots": 8000,
            "layout": [
                8,
                13
            ],
            "layout_id": 26,
            "expected_fidelity": 0.918561119796346,
            "real_fidelity": 0.9585308895538274,
            "begin_time": "2025-03-25 22:51:34",
            "end_time": "2025-03-25 22:51:45",
            "cost_time": "10.967424 s"
        },
        "circuit_features": {
            "num_qubits": 2,
            "num_gates": 11,
            "depth": 8,
            "program_communication": 1.0,
            "critical_depth": 1.0,
            "entanglement_ratio": 0.09090909090909091,
            "parallelism": 0.375,
            "liveness": 0.75,
            "min_qubit_frequency": 5.1915,
            "max_qubit_frequency": 5.5705,
            "avg_qubit_frequency": 5.381,
            "min_readout_frequency": null,
            "max_readout_frequency": null,
            "avg_readout_frequency": null,
            "min_readoutError": 1.35,
            "max_readoutError": 4.34,
            "avg_readoutError": 2.8449999999999998,
            "min_singleQubit_gate_error": 0.12,
            "max_singleQubit_gate_error": 0.16,
            "avg_singleQubit_gate_error": 0.14,
            "min_twoQubits_gate_error": 1.21,
            "max_twoQubits_gate_error": 1.21,
            "avg_twoQubits_gate_error": 1.21,
            "min_t1": 21.194,
            "max_t1": 22.2184,
            "avg_t1": 21.7062,
            "min_t2": 2.2364,
            "max_t2": 4.4089,
            "avg_t2": 3.3226500000000003,
            "twoQubits_gate_error_accumulation": 1.21,
            "expected_fidelity": 0.918561119796346,
            "idel_entropy": 0.5175658658907364,
            "idle_rate": 0.2926829268292683,
            "qubit_frequency_dict": {
                "8": 5.5705,
                "13": 5.1915
            },
            "readout_frequency_dict": {
                "8": null,
                "13": null
            },
            "readoutError_dict": {
                "8": 1.35,
                "13": 4.34
            },
            "singleQubit_gate_error_dict": {
                "8": 0.16,
                "13": 0.12
            },
            "twoQubits_gate_error_dict": {
                "0": {
                    "twoQubits": [
                        13,
                        8
                    ],
                    "cz_error": 1.21
                }
            },
            "t1_dict": {
                "8": 21.194,
                "13": 22.2184
            },
            "t2_dict": {
                "8": 4.4089,
                "13": 2.2364
            },
            "singleQubit_update_time": "2025-03-21 02:33:29",
            "readout_update_time": "2025-03-25 22:31:14",
            "twoQubitGate_update_time": "2025-03-25 08:46:36",
            "origin_circuit": "X2P Q0\nRZ Q0 0\nX2M Q0\nRZ Q0 3.14159265\nY2P Q0\nY2M Q1\nRZ Q1 1.5707965\nY2P Q1\nCZ Q1 Q0\nRZ Q0 3.14159265\nY2P Q0\nM Q0\nM Q1",
            "layout": [
                8,
                13
            ],
            "transpiled_circit": "X2P Q8\nRZ Q8 0\nX2M Q8\nRZ Q8 3.14159265\nY2P Q8\nY2M Q13\nRZ Q13 1.5707965\nY2P Q13\nCZ Q13 Q8\nRZ Q8 3.14159265\nY2P Q8\nM Q8\nM Q13"
        }
    }
}