{
    "transpiled_randomCircuit_2qubit_0": {
        "run_config": {
            "machine_time": "tianyan176-2",
            "repeat": 1,
            "shots": 8000,
            "layout": [
                24,
                19
            ],
            "layout_id": 91,
            "expected_fidelity": 0.9065882316504434,
            "real_fidelity": 0.947614593895587,
            "begin_time": "2025-03-25 23:07:04",
            "end_time": "2025-03-25 23:07:16",
            "cost_time": "12.021084 s"
        },
        "circuit_features": {
            "num_qubits": 2,
            "num_gates": 11,
            "depth": 8,
            "program_communication": 1.0,
            "critical_depth": 1.0,
            "entanglement_ratio": 0.09090909090909091,
            "parallelism": 0.375,
            "liveness": 0.75,
            "min_qubit_frequency": 5.1355,
            "max_qubit_frequency": 5.4547,
            "avg_qubit_frequency": 5.2951,
            "min_readout_frequency": null,
            "max_readout_frequency": null,
            "avg_readout_frequency": null,
            "min_readoutError": 1.54,
            "max_readoutError": 4.89,
            "avg_readoutError": 3.215,
            "min_singleQubit_gate_error": 0.11,
            "max_singleQubit_gate_error": 0.39,
            "avg_singleQubit_gate_error": 0.25,
            "min_twoQubits_gate_error": 1.29,
            "max_twoQubits_gate_error": 1.29,
            "avg_twoQubits_gate_error": 1.29,
            "min_t1": 20.8094,
            "max_t1": 33.3492,
            "avg_t1": 27.079300000000003,
            "min_t2": 2.0051,
            "max_t2": 3.4857,
            "avg_t2": 2.7454,
            "twoQubits_gate_error_accumulation": 1.29,
            "expected_fidelity": 0.9065882316504434,
            "idel_entropy": 0.5175658658907364,
            "idle_rate": 0.2926829268292683,
            "qubit_frequency_dict": {
                "24": 5.1355,
                "19": 5.4547
            },
            "readout_frequency_dict": {
                "24": null,
                "19": null
            },
            "readoutError_dict": {
                "24": 4.89,
                "19": 1.54
            },
            "singleQubit_gate_error_dict": {
                "24": 0.11,
                "19": 0.39
            },
            "twoQubits_gate_error_dict": {
                "0": {
                    "twoQubits": [
                        19,
                        24
                    ],
                    "cz_error": 1.29
                }
            },
            "t1_dict": {
                "24": 20.8094,
                "19": 33.3492
            },
            "t2_dict": {
                "24": 2.0051,
                "19": 3.4857
            },
            "singleQubit_update_time": "2025-03-21 02:33:29",
            "readout_update_time": "2025-03-25 23:01:18",
            "twoQubitGate_update_time": "2025-03-25 08:46:36",
            "origin_circuit": "X2P Q0\nRZ Q0 0\nX2M Q0\nRZ Q0 3.14159265\nY2P Q0\nY2M Q1\nRZ Q1 1.5707965\nY2P Q1\nCZ Q1 Q0\nRZ Q0 3.14159265\nY2P Q0\nM Q0\nM Q1",
            "layout": [
                24,
                19
            ],
            "transpiled_circit": "X2P Q24\nRZ Q24 0\nX2M Q24\nRZ Q24 3.14159265\nY2P Q24\nY2M Q19\nRZ Q19 1.5707965\nY2P Q19\nCZ Q19 Q24\nRZ Q24 3.14159265\nY2P Q24\nM Q24\nM Q19"
        }
    }
}