{
    "transpiled_randomCircuit_2qubit_0": {
        "run_config": {
            "machine_time": "tianyan176-2",
            "repeat": 1,
            "shots": 8000,
            "layout": [
                39,
                33
            ],
            "layout_id": 116,
            "expected_fidelity": 0.7734546544000199,
            "real_fidelity": 0.853350781383667,
            "begin_time": "2025-03-25 23:12:11",
            "end_time": "2025-03-25 23:12:23",
            "cost_time": "11.809066 s"
        },
        "circuit_features": {
            "num_qubits": 2,
            "num_gates": 11,
            "depth": 8,
            "program_communication": 1.0,
            "critical_depth": 1.0,
            "entanglement_ratio": 0.09090909090909091,
            "parallelism": 0.375,
            "liveness": 0.75,
            "min_qubit_frequency": 4.9919,
            "max_qubit_frequency": 5.4583,
            "avg_qubit_frequency": 5.2251,
            "min_readout_frequency": null,
            "max_readout_frequency": null,
            "avg_readout_frequency": null,
            "min_readoutError": 3.16,
            "max_readoutError": 10.27,
            "avg_readoutError": 6.715,
            "min_singleQubit_gate_error": 0.13,
            "max_singleQubit_gate_error": 0.28,
            "avg_singleQubit_gate_error": 0.20500000000000002,
            "min_twoQubits_gate_error": 8.87,
            "max_twoQubits_gate_error": 8.87,
            "avg_twoQubits_gate_error": 8.87,
            "min_t1": 20.6299,
            "max_t1": 29.6403,
            "avg_t1": 25.1351,
            "min_t2": 1.6169,
            "max_t2": 2.2676,
            "avg_t2": 1.94225,
            "twoQubits_gate_error_accumulation": 8.87,
            "expected_fidelity": 0.7734546544000199,
            "idel_entropy": 0.5175658658907364,
            "idle_rate": 0.2926829268292683,
            "qubit_frequency_dict": {
                "39": 5.4583,
                "33": 4.9919
            },
            "readout_frequency_dict": {
                "39": null,
                "33": null
            },
            "readoutError_dict": {
                "39": 3.16,
                "33": 10.27
            },
            "singleQubit_gate_error_dict": {
                "39": 0.28,
                "33": 0.13
            },
            "twoQubits_gate_error_dict": {
                "0": {
                    "twoQubits": [
                        33,
                        39
                    ],
                    "cz_error": 8.87
                }
            },
            "t1_dict": {
                "39": 29.6403,
                "33": 20.6299
            },
            "t2_dict": {
                "39": 2.2676,
                "33": 1.6169
            },
            "singleQubit_update_time": "2025-03-21 02:33:29",
            "readout_update_time": "2025-03-25 23:01:18",
            "twoQubitGate_update_time": "2025-03-25 08:46:36",
            "origin_circuit": "X2P Q0\nRZ Q0 0\nX2M Q0\nRZ Q0 3.14159265\nY2P Q0\nY2M Q1\nRZ Q1 1.5707965\nY2P Q1\nCZ Q1 Q0\nRZ Q0 3.14159265\nY2P Q0\nM Q0\nM Q1",
            "layout": [
                39,
                33
            ],
            "transpiled_circit": "X2P Q39\nRZ Q39 0\nX2M Q39\nRZ Q39 3.14159265\nY2P Q39\nY2M Q33\nRZ Q33 1.5707965\nY2P Q33\nCZ Q33 Q39\nRZ Q39 3.14159265\nY2P Q39\nM Q39\nM Q33"
        }
    }
}