{
    "transpiled_randomCircuit_2qubit_0": {
        "run_config": {
            "machine_time": "tianyan176-2",
            "repeat": 1,
            "shots": 8000,
            "layout": [
                55,
                48
            ],
            "layout_id": 178,
            "expected_fidelity": 0.8957966048040926,
            "real_fidelity": 0.9099563038092972,
            "begin_time": "2025-03-25 23:24:30",
            "end_time": "2025-03-25 23:27:11",
            "cost_time": "161.474088 s"
        },
        "circuit_features": {
            "num_qubits": 2,
            "num_gates": 11,
            "depth": 8,
            "program_communication": 1.0,
            "critical_depth": 1.0,
            "entanglement_ratio": 0.09090909090909091,
            "parallelism": 0.375,
            "liveness": 0.75,
            "min_qubit_frequency": 5.1376,
            "max_qubit_frequency": 5.4472,
            "avg_qubit_frequency": 5.2924,
            "min_readout_frequency": null,
            "max_readout_frequency": null,
            "avg_readout_frequency": null,
            "min_readoutError": 1.42,
            "max_readoutError": 5.03,
            "avg_readoutError": 3.225,
            "min_singleQubit_gate_error": 0.19,
            "max_singleQubit_gate_error": 0.37,
            "avg_singleQubit_gate_error": 0.28,
            "min_twoQubits_gate_error": 1.24,
            "max_twoQubits_gate_error": 1.24,
            "avg_twoQubits_gate_error": 1.24,
            "min_t1": 21.3374,
            "max_t1": 33.0192,
            "avg_t1": 27.1783,
            "min_t2": 2.0195,
            "max_t2": 4.6667,
            "avg_t2": 3.3430999999999997,
            "twoQubits_gate_error_accumulation": 1.24,
            "expected_fidelity": 0.8957966048040926,
            "idel_entropy": 0.5175658658907364,
            "idle_rate": 0.2926829268292683,
            "qubit_frequency_dict": {
                "55": 5.4472,
                "48": 5.1376
            },
            "readout_frequency_dict": {
                "55": null,
                "48": null
            },
            "readoutError_dict": {
                "55": 1.42,
                "48": 5.03
            },
            "singleQubit_gate_error_dict": {
                "55": 0.37,
                "48": 0.19
            },
            "twoQubits_gate_error_dict": {
                "0": {
                    "twoQubits": [
                        48,
                        55
                    ],
                    "cz_error": 1.24
                }
            },
            "t1_dict": {
                "55": 33.0192,
                "48": 21.3374
            },
            "t2_dict": {
                "55": 4.6667,
                "48": 2.0195
            },
            "singleQubit_update_time": "2025-03-21 02:33:29",
            "readout_update_time": "2025-03-25 23:01:18",
            "twoQubitGate_update_time": "2025-03-25 08:46:36",
            "origin_circuit": "X2P Q0\nRZ Q0 0\nX2M Q0\nRZ Q0 3.14159265\nY2P Q0\nY2M Q1\nRZ Q1 1.5707965\nY2P Q1\nCZ Q1 Q0\nRZ Q0 3.14159265\nY2P Q0\nM Q0\nM Q1",
            "layout": [
                55,
                48
            ],
            "transpiled_circit": "X2P Q55\nRZ Q55 0\nX2M Q55\nRZ Q55 3.14159265\nY2P Q55\nY2M Q48\nRZ Q48 1.5707965\nY2P Q48\nCZ Q48 Q55\nRZ Q55 3.14159265\nY2P Q55\nM Q55\nM Q48"
        }
    }
}