{
    "transpiled_randomCircuit_2qubit_0": {
        "run_config": {
            "machine_time": "tianyan176-2",
            "repeat": 1,
            "shots": 8000,
            "layout": [
                51,
                46
            ],
            "layout_id": 161,
            "expected_fidelity": 0.8710824379485335,
            "real_fidelity": 0.9621700470399529,
            "begin_time": "2025-03-25 23:21:02",
            "end_time": "2025-03-25 23:21:12",
            "cost_time": "10.786358 s"
        },
        "circuit_features": {
            "num_qubits": 2,
            "num_gates": 11,
            "depth": 8,
            "program_communication": 1.0,
            "critical_depth": 1.0,
            "entanglement_ratio": 0.09090909090909091,
            "parallelism": 0.375,
            "liveness": 0.75,
            "min_qubit_frequency": 5.0382,
            "max_qubit_frequency": 5.3877,
            "avg_qubit_frequency": 5.212949999999999,
            "min_readout_frequency": null,
            "max_readout_frequency": null,
            "avg_readout_frequency": null,
            "min_readoutError": 1.03,
            "max_readoutError": 7.96,
            "avg_readoutError": 4.495,
            "min_singleQubit_gate_error": 0.14,
            "max_singleQubit_gate_error": 0.17,
            "avg_singleQubit_gate_error": 0.15500000000000003,
            "min_twoQubits_gate_error": 2.82,
            "max_twoQubits_gate_error": 2.82,
            "avg_twoQubits_gate_error": 2.82,
            "min_t1": 22.2597,
            "max_t1": 28.9975,
            "avg_t1": 25.6286,
            "min_t2": 1.9999,
            "max_t2": 3.7232,
            "avg_t2": 2.86155,
            "twoQubits_gate_error_accumulation": 2.82,
            "expected_fidelity": 0.8710824379485335,
            "idel_entropy": 0.5175658658907364,
            "idle_rate": 0.2926829268292683,
            "qubit_frequency_dict": {
                "51": 5.3877,
                "46": 5.0382
            },
            "readout_frequency_dict": {
                "51": null,
                "46": null
            },
            "readoutError_dict": {
                "51": 1.03,
                "46": 7.96
            },
            "singleQubit_gate_error_dict": {
                "51": 0.17,
                "46": 0.14
            },
            "twoQubits_gate_error_dict": {
                "0": {
                    "twoQubits": [
                        46,
                        51
                    ],
                    "cz_error": 2.82
                }
            },
            "t1_dict": {
                "51": 28.9975,
                "46": 22.2597
            },
            "t2_dict": {
                "51": 3.7232,
                "46": 1.9999
            },
            "singleQubit_update_time": "2025-03-21 02:33:29",
            "readout_update_time": "2025-03-25 23:01:18",
            "twoQubitGate_update_time": "2025-03-25 08:46:36",
            "origin_circuit": "X2P Q0\nRZ Q0 0\nX2M Q0\nRZ Q0 3.14159265\nY2P Q0\nY2M Q1\nRZ Q1 1.5707965\nY2P Q1\nCZ Q1 Q0\nRZ Q0 3.14159265\nY2P Q0\nM Q0\nM Q1",
            "layout": [
                51,
                46
            ],
            "transpiled_circit": "X2P Q51\nRZ Q51 0\nX2M Q51\nRZ Q51 3.14159265\nY2P Q51\nY2M Q46\nRZ Q46 1.5707965\nY2P Q46\nCZ Q46 Q51\nRZ Q51 3.14159265\nY2P Q51\nM Q51\nM Q46"
        }
    }
}