{
    "transpiled_randomCircuit_2qubit_0": {
        "run_config": {
            "machine_time": "tianyan176-2",
            "repeat": 1,
            "shots": 8000,
            "layout": [
                33,
                38
            ],
            "layout_id": 70,
            "expected_fidelity": 0.8322452448357417,
            "real_fidelity": 0.8828129629930342,
            "begin_time": "2025-03-25 23:02:49",
            "end_time": "2025-03-25 23:03:00",
            "cost_time": "11.338442 s"
        },
        "circuit_features": {
            "num_qubits": 2,
            "num_gates": 11,
            "depth": 8,
            "program_communication": 1.0,
            "critical_depth": 1.0,
            "entanglement_ratio": 0.09090909090909091,
            "parallelism": 0.375,
            "liveness": 0.75,
            "min_qubit_frequency": 4.9919,
            "max_qubit_frequency": 5.1769,
            "avg_qubit_frequency": 5.0844000000000005,
            "min_readout_frequency": null,
            "max_readout_frequency": null,
            "avg_readout_frequency": null,
            "min_readoutError": 3.48,
            "max_readoutError": 10.27,
            "avg_readoutError": 6.875,
            "min_singleQubit_gate_error": 0.13,
            "max_singleQubit_gate_error": 0.16,
            "avg_singleQubit_gate_error": 0.14500000000000002,
            "min_twoQubits_gate_error": 2.56,
            "max_twoQubits_gate_error": 2.56,
            "avg_twoQubits_gate_error": 2.56,
            "min_t1": 20.6299,
            "max_t1": 42.5819,
            "avg_t1": 31.6059,
            "min_t2": 1.6169,
            "max_t2": 1.8213,
            "avg_t2": 1.7191,
            "twoQubits_gate_error_accumulation": 2.56,
            "expected_fidelity": 0.8322452448357417,
            "idel_entropy": 0.5175658658907364,
            "idle_rate": 0.2926829268292683,
            "qubit_frequency_dict": {
                "33": 4.9919,
                "38": 5.1769
            },
            "readout_frequency_dict": {
                "33": null,
                "38": null
            },
            "readoutError_dict": {
                "33": 10.27,
                "38": 3.48
            },
            "singleQubit_gate_error_dict": {
                "33": 0.13,
                "38": 0.16
            },
            "twoQubits_gate_error_dict": {
                "0": {
                    "twoQubits": [
                        38,
                        33
                    ],
                    "cz_error": 2.56
                }
            },
            "t1_dict": {
                "33": 20.6299,
                "38": 42.5819
            },
            "t2_dict": {
                "33": 1.6169,
                "38": 1.8213
            },
            "singleQubit_update_time": "2025-03-21 02:33:29",
            "readout_update_time": "2025-03-25 23:01:18",
            "twoQubitGate_update_time": "2025-03-25 08:46:36",
            "origin_circuit": "X2P Q0\nRZ Q0 0\nX2M Q0\nRZ Q0 3.14159265\nY2P Q0\nY2M Q1\nRZ Q1 1.5707965\nY2P Q1\nCZ Q1 Q0\nRZ Q0 3.14159265\nY2P Q0\nM Q0\nM Q1",
            "layout": [
                33,
                38
            ],
            "transpiled_circit": "X2P Q33\nRZ Q33 0\nX2M Q33\nRZ Q33 3.14159265\nY2P Q33\nY2M Q38\nRZ Q38 1.5707965\nY2P Q38\nCZ Q38 Q33\nRZ Q33 3.14159265\nY2P Q33\nM Q33\nM Q38"
        }
    }
}