{
    "transpiled_randomCircuit_2qubit_0": {
        "run_config": {
            "machine_time": "tianyan176-2",
            "repeat": 1,
            "shots": 8000,
            "layout": [
                64,
                58
            ],
            "layout_id": 187,
            "expected_fidelity": 0.7789169217598692,
            "real_fidelity": 0.8483716770870798,
            "begin_time": "2025-03-25 23:28:45",
            "end_time": "2025-03-25 23:28:56",
            "cost_time": "11.277846 s"
        },
        "circuit_features": {
            "num_qubits": 2,
            "num_gates": 11,
            "depth": 8,
            "program_communication": 1.0,
            "critical_depth": 1.0,
            "entanglement_ratio": 0.09090909090909091,
            "parallelism": 0.375,
            "liveness": 0.75,
            "min_qubit_frequency": 5.4556,
            "max_qubit_frequency": 5.5197,
            "avg_qubit_frequency": 5.48765,
            "min_readout_frequency": null,
            "max_readout_frequency": null,
            "avg_readout_frequency": null,
            "min_readoutError": 1.2,
            "max_readoutError": 18.6,
            "avg_readoutError": 9.9,
            "min_singleQubit_gate_error": 0.1,
            "max_singleQubit_gate_error": 0.21,
            "avg_singleQubit_gate_error": 0.155,
            "min_twoQubits_gate_error": 1.85,
            "max_twoQubits_gate_error": 1.85,
            "avg_twoQubits_gate_error": 1.85,
            "min_t1": 12.8438,
            "max_t1": 18.4159,
            "avg_t1": 15.629850000000001,
            "min_t2": 3.5267,
            "max_t2": 4.6743,
            "avg_t2": 4.1005,
            "twoQubits_gate_error_accumulation": 1.85,
            "expected_fidelity": 0.7789169217598692,
            "idel_entropy": 0.5175658658907364,
            "idle_rate": 0.2926829268292683,
            "qubit_frequency_dict": {
                "64": 5.5197,
                "58": 5.4556
            },
            "readout_frequency_dict": {
                "64": null,
                "58": null
            },
            "readoutError_dict": {
                "64": 18.6,
                "58": 1.2
            },
            "singleQubit_gate_error_dict": {
                "64": 0.1,
                "58": 0.21
            },
            "twoQubits_gate_error_dict": {
                "0": {
                    "twoQubits": [
                        58,
                        64
                    ],
                    "cz_error": 1.85
                }
            },
            "t1_dict": {
                "64": 18.4159,
                "58": 12.8438
            },
            "t2_dict": {
                "64": 3.5267,
                "58": 4.6743
            },
            "singleQubit_update_time": "2025-03-21 02:33:29",
            "readout_update_time": "2025-03-25 23:01:18",
            "twoQubitGate_update_time": "2025-03-25 08:46:36",
            "origin_circuit": "X2P Q0\nRZ Q0 0\nX2M Q0\nRZ Q0 3.14159265\nY2P Q0\nY2M Q1\nRZ Q1 1.5707965\nY2P Q1\nCZ Q1 Q0\nRZ Q0 3.14159265\nY2P Q0\nM Q0\nM Q1",
            "layout": [
                64,
                58
            ],
            "transpiled_circit": "X2P Q64\nRZ Q64 0\nX2M Q64\nRZ Q64 3.14159265\nY2P Q64\nY2M Q58\nRZ Q58 1.5707965\nY2P Q58\nCZ Q58 Q64\nRZ Q64 3.14159265\nY2P Q64\nM Q64\nM Q58"
        }
    }
}