{
    "transpiled_randomCircuit_2qubit_0": {
        "run_config": {
            "machine_time": "tianyan176-2",
            "repeat": 1,
            "shots": 8000,
            "layout": [
                13,
                20
            ],
            "layout_id": 36,
            "expected_fidelity": 0.9247848262371046,
            "real_fidelity": 0.9422513571724189,
            "begin_time": "2025-03-25 22:54:21",
            "end_time": "2025-03-25 22:54:31",
            "cost_time": "10.959293 s"
        },
        "circuit_features": {
            "num_qubits": 2,
            "num_gates": 11,
            "depth": 8,
            "program_communication": 1.0,
            "critical_depth": 1.0,
            "entanglement_ratio": 0.09090909090909091,
            "parallelism": 0.375,
            "liveness": 0.75,
            "min_qubit_frequency": 5.1915,
            "max_qubit_frequency": 5.3375,
            "avg_qubit_frequency": 5.2645,
            "min_readout_frequency": null,
            "max_readout_frequency": null,
            "avg_readout_frequency": null,
            "min_readoutError": 1.3,
            "max_readoutError": 4.34,
            "avg_readoutError": 2.82,
            "min_singleQubit_gate_error": 0.12,
            "max_singleQubit_gate_error": 0.15,
            "avg_singleQubit_gate_error": 0.135,
            "min_twoQubits_gate_error": 0.78,
            "max_twoQubits_gate_error": 0.78,
            "avg_twoQubits_gate_error": 0.78,
            "min_t1": 22.2184,
            "max_t1": 25.2821,
            "avg_t1": 23.75025,
            "min_t2": 2.2364,
            "max_t2": 3.3763,
            "avg_t2": 2.80635,
            "twoQubits_gate_error_accumulation": 0.78,
            "expected_fidelity": 0.9247848262371046,
            "idel_entropy": 0.5175658658907364,
            "idle_rate": 0.2926829268292683,
            "qubit_frequency_dict": {
                "13": 5.1915,
                "20": 5.3375
            },
            "readout_frequency_dict": {
                "13": null,
                "20": null
            },
            "readoutError_dict": {
                "13": 4.34,
                "20": 1.3
            },
            "singleQubit_gate_error_dict": {
                "13": 0.12,
                "20": 0.15
            },
            "twoQubits_gate_error_dict": {
                "0": {
                    "twoQubits": [
                        20,
                        13
                    ],
                    "cz_error": 0.78
                }
            },
            "t1_dict": {
                "13": 22.2184,
                "20": 25.2821
            },
            "t2_dict": {
                "13": 2.2364,
                "20": 3.3763
            },
            "singleQubit_update_time": "2025-03-21 02:33:29",
            "readout_update_time": "2025-03-25 22:31:14",
            "twoQubitGate_update_time": "2025-03-25 08:46:36",
            "origin_circuit": "X2P Q0\nRZ Q0 0\nX2M Q0\nRZ Q0 3.14159265\nY2P Q0\nY2M Q1\nRZ Q1 1.5707965\nY2P Q1\nCZ Q1 Q0\nRZ Q0 3.14159265\nY2P Q0\nM Q0\nM Q1",
            "layout": [
                13,
                20
            ],
            "transpiled_circit": "X2P Q13\nRZ Q13 0\nX2M Q13\nRZ Q13 3.14159265\nY2P Q13\nY2M Q20\nRZ Q20 1.5707965\nY2P Q20\nCZ Q20 Q13\nRZ Q13 3.14159265\nY2P Q13\nM Q13\nM Q20"
        }
    }
}