{
    "transpiled_randomCircuit_2qubit_0": {
        "run_config": {
            "machine_time": "tianyan176-2",
            "repeat": 1,
            "shots": 8000,
            "layout": [
                60,
                54
            ],
            "layout_id": 186,
            "expected_fidelity": 0.7487470188276717,
            "real_fidelity": 0.8954738720136032,
            "begin_time": "2025-03-25 23:28:33",
            "end_time": "2025-03-25 23:28:44",
            "cost_time": "11.367076 s"
        },
        "circuit_features": {
            "num_qubits": 2,
            "num_gates": 11,
            "depth": 8,
            "program_communication": 1.0,
            "critical_depth": 1.0,
            "entanglement_ratio": 0.09090909090909091,
            "parallelism": 0.375,
            "liveness": 0.75,
            "min_qubit_frequency": 5.058,
            "max_qubit_frequency": 5.3503,
            "avg_qubit_frequency": 5.20415,
            "min_readout_frequency": null,
            "max_readout_frequency": null,
            "avg_readout_frequency": null,
            "min_readoutError": 2.3,
            "max_readoutError": 18.52,
            "avg_readoutError": 10.41,
            "min_singleQubit_gate_error": 0.18,
            "max_singleQubit_gate_error": 0.33,
            "avg_singleQubit_gate_error": 0.255,
            "min_twoQubits_gate_error": 3.22,
            "max_twoQubits_gate_error": 3.22,
            "avg_twoQubits_gate_error": 3.22,
            "min_t1": 22.0289,
            "max_t1": 28.7803,
            "avg_t1": 25.404600000000002,
            "min_t2": 1.0635,
            "max_t2": 4.3417,
            "avg_t2": 2.7026000000000003,
            "twoQubits_gate_error_accumulation": 3.22,
            "expected_fidelity": 0.7487470188276717,
            "idel_entropy": 0.5175658658907364,
            "idle_rate": 0.2926829268292683,
            "qubit_frequency_dict": {
                "60": 5.058,
                "54": 5.3503
            },
            "readout_frequency_dict": {
                "60": null,
                "54": null
            },
            "readoutError_dict": {
                "60": 18.52,
                "54": 2.3
            },
            "singleQubit_gate_error_dict": {
                "60": 0.33,
                "54": 0.18
            },
            "twoQubits_gate_error_dict": {
                "0": {
                    "twoQubits": [
                        54,
                        60
                    ],
                    "cz_error": 3.22
                }
            },
            "t1_dict": {
                "60": 22.0289,
                "54": 28.7803
            },
            "t2_dict": {
                "60": 1.0635,
                "54": 4.3417
            },
            "singleQubit_update_time": "2025-03-21 02:33:29",
            "readout_update_time": "2025-03-25 23:01:18",
            "twoQubitGate_update_time": "2025-03-25 08:46:36",
            "origin_circuit": "X2P Q0\nRZ Q0 0\nX2M Q0\nRZ Q0 3.14159265\nY2P Q0\nY2M Q1\nRZ Q1 1.5707965\nY2P Q1\nCZ Q1 Q0\nRZ Q0 3.14159265\nY2P Q0\nM Q0\nM Q1",
            "layout": [
                60,
                54
            ],
            "transpiled_circit": "X2P Q60\nRZ Q60 0\nX2M Q60\nRZ Q60 3.14159265\nY2P Q60\nY2M Q54\nRZ Q54 1.5707965\nY2P Q54\nCZ Q54 Q60\nRZ Q60 3.14159265\nY2P Q60\nM Q60\nM Q54"
        }
    }
}