{
    "transpiled_randomCircuit_2qubit_0": {
        "run_config": {
            "machine_time": "tianyan176-2",
            "repeat": 1,
            "shots": 8000,
            "layout": [
                4,
                11
            ],
            "layout_id": 59,
            "expected_fidelity": 0.9339859177405412,
            "real_fidelity": 0.9542270900488597,
            "begin_time": "2025-03-25 22:59:05",
            "end_time": "2025-03-25 22:59:17",
            "cost_time": "11.372305 s"
        },
        "circuit_features": {
            "num_qubits": 2,
            "num_gates": 11,
            "depth": 8,
            "program_communication": 1.0,
            "critical_depth": 1.0,
            "entanglement_ratio": 0.09090909090909091,
            "parallelism": 0.375,
            "liveness": 0.75,
            "min_qubit_frequency": 5.5364,
            "max_qubit_frequency": 5.5939,
            "avg_qubit_frequency": 5.56515,
            "min_readout_frequency": null,
            "max_readout_frequency": null,
            "avg_readout_frequency": null,
            "min_readoutError": 2.26,
            "max_readoutError": 2.41,
            "avg_readoutError": 2.335,
            "min_singleQubit_gate_error": 0.12,
            "max_singleQubit_gate_error": 0.16,
            "avg_singleQubit_gate_error": 0.14,
            "min_twoQubits_gate_error": 0.78,
            "max_twoQubits_gate_error": 0.78,
            "avg_twoQubits_gate_error": 0.78,
            "min_t1": 14.1199,
            "max_t1": 37.0857,
            "avg_t1": 25.602800000000002,
            "min_t2": 4.3793,
            "max_t2": 6.1576,
            "avg_t2": 5.26845,
            "twoQubits_gate_error_accumulation": 0.78,
            "expected_fidelity": 0.9339859177405412,
            "idel_entropy": 0.5175658658907364,
            "idle_rate": 0.2926829268292683,
            "qubit_frequency_dict": {
                "4": 5.5939,
                "11": 5.5364
            },
            "readout_frequency_dict": {
                "4": null,
                "11": null
            },
            "readoutError_dict": {
                "4": 2.26,
                "11": 2.41
            },
            "singleQubit_gate_error_dict": {
                "4": 0.12,
                "11": 0.16
            },
            "twoQubits_gate_error_dict": {
                "0": {
                    "twoQubits": [
                        11,
                        4
                    ],
                    "cz_error": 0.78
                }
            },
            "t1_dict": {
                "4": 37.0857,
                "11": 14.1199
            },
            "t2_dict": {
                "4": 4.3793,
                "11": 6.1576
            },
            "singleQubit_update_time": "2025-03-21 02:33:29",
            "readout_update_time": "2025-03-25 22:31:14",
            "twoQubitGate_update_time": "2025-03-25 08:46:36",
            "origin_circuit": "X2P Q0\nRZ Q0 0\nX2M Q0\nRZ Q0 3.14159265\nY2P Q0\nY2M Q1\nRZ Q1 1.5707965\nY2P Q1\nCZ Q1 Q0\nRZ Q0 3.14159265\nY2P Q0\nM Q0\nM Q1",
            "layout": [
                4,
                11
            ],
            "transpiled_circit": "X2P Q4\nRZ Q4 0\nX2M Q4\nRZ Q4 3.14159265\nY2P Q4\nY2M Q11\nRZ Q11 1.5707965\nY2P Q11\nCZ Q11 Q4\nRZ Q4 3.14159265\nY2P Q4\nM Q4\nM Q11"
        }
    }
}