{
    "transpiled_randomCircuit_2qubit_0": {
        "run_config": {
            "machine_time": "tianyan176-2",
            "repeat": 1,
            "shots": 8000,
            "layout": [
                46,
                52
            ],
            "layout_id": 138,
            "expected_fidelity": 0.8870733092929955,
            "real_fidelity": 0.9510759487747903,
            "begin_time": "2025-03-25 23:16:34",
            "end_time": "2025-03-25 23:16:45",
            "cost_time": "10.838807 s"
        },
        "circuit_features": {
            "num_qubits": 2,
            "num_gates": 11,
            "depth": 8,
            "program_communication": 1.0,
            "critical_depth": 1.0,
            "entanglement_ratio": 0.09090909090909091,
            "parallelism": 0.375,
            "liveness": 0.75,
            "min_qubit_frequency": 5.0382,
            "max_qubit_frequency": 5.3182,
            "avg_qubit_frequency": 5.1782,
            "min_readout_frequency": null,
            "max_readout_frequency": null,
            "avg_readout_frequency": null,
            "min_readoutError": 1.66,
            "max_readoutError": 7.96,
            "avg_readoutError": 4.81,
            "min_singleQubit_gate_error": 0.07,
            "max_singleQubit_gate_error": 0.14,
            "avg_singleQubit_gate_error": 0.10500000000000001,
            "min_twoQubits_gate_error": 0.82,
            "max_twoQubits_gate_error": 0.82,
            "avg_twoQubits_gate_error": 0.82,
            "min_t1": 22.2597,
            "max_t1": 33.7964,
            "avg_t1": 28.02805,
            "min_t2": 1.9999,
            "max_t2": 3.432,
            "avg_t2": 2.71595,
            "twoQubits_gate_error_accumulation": 0.82,
            "expected_fidelity": 0.8870733092929955,
            "idel_entropy": 0.5175658658907364,
            "idle_rate": 0.2926829268292683,
            "qubit_frequency_dict": {
                "46": 5.0382,
                "52": 5.3182
            },
            "readout_frequency_dict": {
                "46": null,
                "52": null
            },
            "readoutError_dict": {
                "46": 7.96,
                "52": 1.66
            },
            "singleQubit_gate_error_dict": {
                "46": 0.14,
                "52": 0.07
            },
            "twoQubits_gate_error_dict": {
                "0": {
                    "twoQubits": [
                        52,
                        46
                    ],
                    "cz_error": 0.82
                }
            },
            "t1_dict": {
                "46": 22.2597,
                "52": 33.7964
            },
            "t2_dict": {
                "46": 1.9999,
                "52": 3.432
            },
            "singleQubit_update_time": "2025-03-21 02:33:29",
            "readout_update_time": "2025-03-25 23:01:18",
            "twoQubitGate_update_time": "2025-03-25 08:46:36",
            "origin_circuit": "X2P Q0\nRZ Q0 0\nX2M Q0\nRZ Q0 3.14159265\nY2P Q0\nY2M Q1\nRZ Q1 1.5707965\nY2P Q1\nCZ Q1 Q0\nRZ Q0 3.14159265\nY2P Q0\nM Q0\nM Q1",
            "layout": [
                46,
                52
            ],
            "transpiled_circit": "X2P Q46\nRZ Q46 0\nX2M Q46\nRZ Q46 3.14159265\nY2P Q46\nY2M Q52\nRZ Q52 1.5707965\nY2P Q52\nCZ Q52 Q46\nRZ Q46 3.14159265\nY2P Q46\nM Q46\nM Q52"
        }
    }
}