{
    "transpiled_randomCircuit_2qubit_0": {
        "run_config": {
            "machine_time": "tianyan176-2",
            "repeat": 1,
            "shots": 8000,
            "layout": [
                26,
                21
            ],
            "layout_id": 43,
            "expected_fidelity": 0.9431476409584852,
            "real_fidelity": 0.9594161992593758,
            "begin_time": "2025-03-25 22:55:43",
            "end_time": "2025-03-25 22:55:56",
            "cost_time": "13.010758 s"
        },
        "circuit_features": {
            "num_qubits": 2,
            "num_gates": 11,
            "depth": 8,
            "program_communication": 1.0,
            "critical_depth": 1.0,
            "entanglement_ratio": 0.09090909090909091,
            "parallelism": 0.375,
            "liveness": 0.75,
            "min_qubit_frequency": 5.1414,
            "max_qubit_frequency": 5.2574,
            "avg_qubit_frequency": 5.1994,
            "min_readout_frequency": null,
            "max_readout_frequency": null,
            "avg_readout_frequency": null,
            "min_readoutError": 1.41,
            "max_readoutError": 2.12,
            "avg_readoutError": 1.7650000000000001,
            "min_singleQubit_gate_error": 0.08,
            "max_singleQubit_gate_error": 0.09,
            "avg_singleQubit_gate_error": 0.08499999999999999,
            "min_twoQubits_gate_error": 1.41,
            "max_twoQubits_gate_error": 1.41,
            "avg_twoQubits_gate_error": 1.41,
            "min_t1": 22.856,
            "max_t1": 42.5285,
            "avg_t1": 32.69225,
            "min_t2": 2.3345,
            "max_t2": 2.5943,
            "avg_t2": 2.4644,
            "twoQubits_gate_error_accumulation": 1.41,
            "expected_fidelity": 0.9431476409584852,
            "idel_entropy": 0.5175658658907364,
            "idle_rate": 0.2926829268292683,
            "qubit_frequency_dict": {
                "26": 5.2574,
                "21": 5.1414
            },
            "readout_frequency_dict": {
                "26": null,
                "21": null
            },
            "readoutError_dict": {
                "26": 1.41,
                "21": 2.12
            },
            "singleQubit_gate_error_dict": {
                "26": 0.09,
                "21": 0.08
            },
            "twoQubits_gate_error_dict": {
                "0": {
                    "twoQubits": [
                        21,
                        26
                    ],
                    "cz_error": 1.41
                }
            },
            "t1_dict": {
                "26": 22.856,
                "21": 42.5285
            },
            "t2_dict": {
                "26": 2.3345,
                "21": 2.5943
            },
            "singleQubit_update_time": "2025-03-21 02:33:29",
            "readout_update_time": "2025-03-25 22:31:14",
            "twoQubitGate_update_time": "2025-03-25 08:46:36",
            "origin_circuit": "X2P Q0\nRZ Q0 0\nX2M Q0\nRZ Q0 3.14159265\nY2P Q0\nY2M Q1\nRZ Q1 1.5707965\nY2P Q1\nCZ Q1 Q0\nRZ Q0 3.14159265\nY2P Q0\nM Q0\nM Q1",
            "layout": [
                26,
                21
            ],
            "transpiled_circit": "X2P Q26\nRZ Q26 0\nX2M Q26\nRZ Q26 3.14159265\nY2P Q26\nY2M Q21\nRZ Q21 1.5707965\nY2P Q21\nCZ Q21 Q26\nRZ Q26 3.14159265\nY2P Q26\nM Q26\nM Q21"
        }
    }
}