{
    "transpiled_randomCircuit_2qubit_0": {
        "run_config": {
            "machine_time": "tianyan176-2",
            "repeat": 1,
            "shots": 8000,
            "layout": [
                31,
                36
            ],
            "layout_id": 81,
            "expected_fidelity": 0.8891631125005536,
            "real_fidelity": 0.9421757393989709,
            "begin_time": "2025-03-25 23:05:08",
            "end_time": "2025-03-25 23:05:19",
            "cost_time": "11.193216 s"
        },
        "circuit_features": {
            "num_qubits": 2,
            "num_gates": 11,
            "depth": 8,
            "program_communication": 1.0,
            "critical_depth": 1.0,
            "entanglement_ratio": 0.09090909090909091,
            "parallelism": 0.375,
            "liveness": 0.75,
            "min_qubit_frequency": 5.4707,
            "max_qubit_frequency": 5.5121,
            "avg_qubit_frequency": 5.4914000000000005,
            "min_readout_frequency": null,
            "max_readout_frequency": null,
            "avg_readout_frequency": null,
            "min_readoutError": 2.56,
            "max_readoutError": 3.42,
            "avg_readoutError": 2.99,
            "min_singleQubit_gate_error": 0.16,
            "max_singleQubit_gate_error": 0.34,
            "avg_singleQubit_gate_error": 0.25,
            "min_twoQubits_gate_error": 3.47,
            "max_twoQubits_gate_error": 3.47,
            "avg_twoQubits_gate_error": 3.47,
            "min_t1": 13.5396,
            "max_t1": 15.0164,
            "avg_t1": 14.278,
            "min_t2": 3.1699,
            "max_t2": 5.3881,
            "avg_t2": 4.279,
            "twoQubits_gate_error_accumulation": 3.47,
            "expected_fidelity": 0.8891631125005536,
            "idel_entropy": 0.5175658658907364,
            "idle_rate": 0.2926829268292683,
            "qubit_frequency_dict": {
                "31": 5.5121,
                "36": 5.4707
            },
            "readout_frequency_dict": {
                "31": null,
                "36": null
            },
            "readoutError_dict": {
                "31": 3.42,
                "36": 2.56
            },
            "singleQubit_gate_error_dict": {
                "31": 0.16,
                "36": 0.34
            },
            "twoQubits_gate_error_dict": {
                "0": {
                    "twoQubits": [
                        36,
                        31
                    ],
                    "cz_error": 3.47
                }
            },
            "t1_dict": {
                "31": 13.5396,
                "36": 15.0164
            },
            "t2_dict": {
                "31": 5.3881,
                "36": 3.1699
            },
            "singleQubit_update_time": "2025-03-21 02:33:29",
            "readout_update_time": "2025-03-25 23:01:18",
            "twoQubitGate_update_time": "2025-03-25 08:46:36",
            "origin_circuit": "X2P Q0\nRZ Q0 0\nX2M Q0\nRZ Q0 3.14159265\nY2P Q0\nY2M Q1\nRZ Q1 1.5707965\nY2P Q1\nCZ Q1 Q0\nRZ Q0 3.14159265\nY2P Q0\nM Q0\nM Q1",
            "layout": [
                31,
                36
            ],
            "transpiled_circit": "X2P Q31\nRZ Q31 0\nX2M Q31\nRZ Q31 3.14159265\nY2P Q31\nY2M Q36\nRZ Q36 1.5707965\nY2P Q36\nCZ Q36 Q31\nRZ Q31 3.14159265\nY2P Q31\nM Q31\nM Q36"
        }
    }
}