{
    "transpiled_randomCircuit_2qubit_0": {
        "run_config": {
            "machine_time": "tianyan176-2",
            "repeat": 1,
            "shots": 8000,
            "layout": [
                32,
                26
            ],
            "layout_id": 64,
            "expected_fidelity": 0.8735525520029608,
            "real_fidelity": 0.9106252063068517,
            "begin_time": "2025-03-25 23:00:06",
            "end_time": "2025-03-25 23:01:47",
            "cost_time": "101.681202 s"
        },
        "circuit_features": {
            "num_qubits": 2,
            "num_gates": 11,
            "depth": 8,
            "program_communication": 1.0,
            "critical_depth": 1.0,
            "entanglement_ratio": 0.09090909090909091,
            "parallelism": 0.375,
            "liveness": 0.75,
            "min_qubit_frequency": 5.2574,
            "max_qubit_frequency": 5.316,
            "avg_qubit_frequency": 5.2867,
            "min_readout_frequency": null,
            "max_readout_frequency": null,
            "avg_readout_frequency": null,
            "min_readoutError": 1.41,
            "max_readoutError": 3.49,
            "avg_readoutError": 2.45,
            "min_singleQubit_gate_error": 0.09,
            "max_singleQubit_gate_error": 0.17,
            "avg_singleQubit_gate_error": 0.13,
            "min_twoQubits_gate_error": 6.84,
            "max_twoQubits_gate_error": 6.84,
            "avg_twoQubits_gate_error": 6.84,
            "min_t1": 22.856,
            "max_t1": 30.0228,
            "avg_t1": 26.4394,
            "min_t2": 2.3345,
            "max_t2": 2.815,
            "avg_t2": 2.57475,
            "twoQubits_gate_error_accumulation": 6.84,
            "expected_fidelity": 0.8735525520029608,
            "idel_entropy": 0.5175658658907364,
            "idle_rate": 0.2926829268292683,
            "qubit_frequency_dict": {
                "32": 5.316,
                "26": 5.2574
            },
            "readout_frequency_dict": {
                "32": null,
                "26": null
            },
            "readoutError_dict": {
                "32": 3.49,
                "26": 1.41
            },
            "singleQubit_gate_error_dict": {
                "32": 0.17,
                "26": 0.09
            },
            "twoQubits_gate_error_dict": {
                "0": {
                    "twoQubits": [
                        26,
                        32
                    ],
                    "cz_error": 6.84
                }
            },
            "t1_dict": {
                "32": 30.0228,
                "26": 22.856
            },
            "t2_dict": {
                "32": 2.815,
                "26": 2.3345
            },
            "singleQubit_update_time": "2025-03-21 02:33:29",
            "readout_update_time": "2025-03-25 22:31:14",
            "twoQubitGate_update_time": "2025-03-25 08:46:36",
            "origin_circuit": "X2P Q0\nRZ Q0 0\nX2M Q0\nRZ Q0 3.14159265\nY2P Q0\nY2M Q1\nRZ Q1 1.5707965\nY2P Q1\nCZ Q1 Q0\nRZ Q0 3.14159265\nY2P Q0\nM Q0\nM Q1",
            "layout": [
                32,
                26
            ],
            "transpiled_circit": "X2P Q32\nRZ Q32 0\nX2M Q32\nRZ Q32 3.14159265\nY2P Q32\nY2M Q26\nRZ Q26 1.5707965\nY2P Q26\nCZ Q26 Q32\nRZ Q32 3.14159265\nY2P Q32\nM Q32\nM Q26"
        }
    }
}