{
    "transpiled_randomCircuit_2qubit_0": {
        "run_config": {
            "machine_time": "tianyan176-2",
            "repeat": 1,
            "shots": 8000,
            "layout": [
                34,
                27
            ],
            "layout_id": 75,
            "expected_fidelity": 0.8016886381976074,
            "real_fidelity": 0.8304920065238034,
            "begin_time": "2025-03-25 23:03:54",
            "end_time": "2025-03-25 23:04:05",
            "cost_time": "11.48152 s"
        },
        "circuit_features": {
            "num_qubits": 2,
            "num_gates": 11,
            "depth": 8,
            "program_communication": 1.0,
            "critical_depth": 1.0,
            "entanglement_ratio": 0.09090909090909091,
            "parallelism": 0.375,
            "liveness": 0.75,
            "min_qubit_frequency": 5.0471,
            "max_qubit_frequency": 5.3514,
            "avg_qubit_frequency": 5.19925,
            "min_readout_frequency": null,
            "max_readout_frequency": null,
            "avg_readout_frequency": null,
            "min_readoutError": 2.16,
            "max_readoutError": 13.61,
            "avg_readoutError": 7.885,
            "min_singleQubit_gate_error": 0.18,
            "max_singleQubit_gate_error": 0.29,
            "avg_singleQubit_gate_error": 0.235,
            "min_twoQubits_gate_error": 2.68,
            "max_twoQubits_gate_error": 2.68,
            "avg_twoQubits_gate_error": 2.68,
            "min_t1": 18.4965,
            "max_t1": 24.4534,
            "avg_t1": 21.47495,
            "min_t2": 0.9374,
            "max_t2": 3.1575,
            "avg_t2": 2.04745,
            "twoQubits_gate_error_accumulation": 2.68,
            "expected_fidelity": 0.8016886381976074,
            "idel_entropy": 0.5175658658907364,
            "idle_rate": 0.2926829268292683,
            "qubit_frequency_dict": {
                "34": 5.0471,
                "27": 5.3514
            },
            "readout_frequency_dict": {
                "34": null,
                "27": null
            },
            "readoutError_dict": {
                "34": 13.61,
                "27": 2.16
            },
            "singleQubit_gate_error_dict": {
                "34": 0.29,
                "27": 0.18
            },
            "twoQubits_gate_error_dict": {
                "0": {
                    "twoQubits": [
                        27,
                        34
                    ],
                    "cz_error": 2.68
                }
            },
            "t1_dict": {
                "34": 18.4965,
                "27": 24.4534
            },
            "t2_dict": {
                "34": 0.9374,
                "27": 3.1575
            },
            "singleQubit_update_time": "2025-03-21 02:33:29",
            "readout_update_time": "2025-03-25 23:01:18",
            "twoQubitGate_update_time": "2025-03-25 08:46:36",
            "origin_circuit": "X2P Q0\nRZ Q0 0\nX2M Q0\nRZ Q0 3.14159265\nY2P Q0\nY2M Q1\nRZ Q1 1.5707965\nY2P Q1\nCZ Q1 Q0\nRZ Q0 3.14159265\nY2P Q0\nM Q0\nM Q1",
            "layout": [
                34,
                27
            ],
            "transpiled_circit": "X2P Q34\nRZ Q34 0\nX2M Q34\nRZ Q34 3.14159265\nY2P Q34\nY2M Q27\nRZ Q27 1.5707965\nY2P Q27\nCZ Q27 Q34\nRZ Q34 3.14159265\nY2P Q34\nM Q34\nM Q27"
        }
    }
}