{
    "transpiled_randomCircuit_2qubit_0": {
        "run_config": {
            "machine_time": "tianyan176-2",
            "repeat": 1,
            "shots": 8000,
            "layout": [
                22,
                15
            ],
            "layout_id": 31,
            "expected_fidelity": 0.9153231508923425,
            "real_fidelity": 0.9233244627098234,
            "begin_time": "2025-03-25 22:52:37",
            "end_time": "2025-03-25 22:52:51",
            "cost_time": "13.228104 s"
        },
        "circuit_features": {
            "num_qubits": 2,
            "num_gates": 11,
            "depth": 8,
            "program_communication": 1.0,
            "critical_depth": 1.0,
            "entanglement_ratio": 0.09090909090909091,
            "parallelism": 0.375,
            "liveness": 0.75,
            "min_qubit_frequency": 5.4211,
            "max_qubit_frequency": 5.4961,
            "avg_qubit_frequency": 5.458600000000001,
            "min_readout_frequency": null,
            "max_readout_frequency": null,
            "avg_readout_frequency": null,
            "min_readoutError": 1.45,
            "max_readoutError": 4.21,
            "avg_readoutError": 2.83,
            "min_singleQubit_gate_error": 0.15,
            "max_singleQubit_gate_error": 0.26,
            "avg_singleQubit_gate_error": 0.20500000000000002,
            "min_twoQubits_gate_error": 0.81,
            "max_twoQubits_gate_error": 0.81,
            "avg_twoQubits_gate_error": 0.81,
            "min_t1": 9.7787,
            "max_t1": 29.7058,
            "avg_t1": 19.74225,
            "min_t2": 1.4092,
            "max_t2": 5.2412,
            "avg_t2": 3.3252,
            "twoQubits_gate_error_accumulation": 0.81,
            "expected_fidelity": 0.9153231508923425,
            "idel_entropy": 0.5175658658907364,
            "idle_rate": 0.2926829268292683,
            "qubit_frequency_dict": {
                "22": 5.4211,
                "15": 5.4961
            },
            "readout_frequency_dict": {
                "22": null,
                "15": null
            },
            "readoutError_dict": {
                "22": 4.21,
                "15": 1.45
            },
            "singleQubit_gate_error_dict": {
                "22": 0.26,
                "15": 0.15
            },
            "twoQubits_gate_error_dict": {
                "0": {
                    "twoQubits": [
                        15,
                        22
                    ],
                    "cz_error": 0.81
                }
            },
            "t1_dict": {
                "22": 9.7787,
                "15": 29.7058
            },
            "t2_dict": {
                "22": 1.4092,
                "15": 5.2412
            },
            "singleQubit_update_time": "2025-03-21 02:33:29",
            "readout_update_time": "2025-03-25 22:31:14",
            "twoQubitGate_update_time": "2025-03-25 08:46:36",
            "origin_circuit": "X2P Q0\nRZ Q0 0\nX2M Q0\nRZ Q0 3.14159265\nY2P Q0\nY2M Q1\nRZ Q1 1.5707965\nY2P Q1\nCZ Q1 Q0\nRZ Q0 3.14159265\nY2P Q0\nM Q0\nM Q1",
            "layout": [
                22,
                15
            ],
            "transpiled_circit": "X2P Q22\nRZ Q22 0\nX2M Q22\nRZ Q22 3.14159265\nY2P Q22\nY2M Q15\nRZ Q15 1.5707965\nY2P Q15\nCZ Q15 Q22\nRZ Q22 3.14159265\nY2P Q22\nM Q22\nM Q15"
        }
    }
}