{
    "transpiled_randomCircuit_2qubit_0": {
        "run_config": {
            "machine_time": "tianyan176-2",
            "repeat": 1,
            "shots": 8000,
            "layout": [
                7,
                13
            ],
            "layout_id": 86,
            "expected_fidelity": 0.8878146660029862,
            "real_fidelity": 0.9368236915742354,
            "begin_time": "2025-03-25 23:06:06",
            "end_time": "2025-03-25 23:06:17",
            "cost_time": "11.31096 s"
        },
        "circuit_features": {
            "num_qubits": 2,
            "num_gates": 11,
            "depth": 8,
            "program_communication": 1.0,
            "critical_depth": 1.0,
            "entanglement_ratio": 0.09090909090909091,
            "parallelism": 0.375,
            "liveness": 0.75,
            "min_qubit_frequency": 5.1915,
            "max_qubit_frequency": 5.2499,
            "avg_qubit_frequency": 5.2207,
            "min_readout_frequency": null,
            "max_readout_frequency": null,
            "avg_readout_frequency": null,
            "min_readoutError": 2.82,
            "max_readoutError": 4.16,
            "avg_readoutError": 3.49,
            "min_singleQubit_gate_error": 0.12,
            "max_singleQubit_gate_error": 0.14,
            "avg_singleQubit_gate_error": 0.13,
            "min_twoQubits_gate_error": 3.39,
            "max_twoQubits_gate_error": 3.39,
            "avg_twoQubits_gate_error": 3.39,
            "min_t1": 22.2184,
            "max_t1": 24.8103,
            "avg_t1": 23.51435,
            "min_t2": 2.2364,
            "max_t2": 2.6129,
            "avg_t2": 2.4246499999999997,
            "twoQubits_gate_error_accumulation": 3.39,
            "expected_fidelity": 0.8878146660029862,
            "idel_entropy": 0.5175658658907364,
            "idle_rate": 0.2926829268292683,
            "qubit_frequency_dict": {
                "7": 5.2499,
                "13": 5.1915
            },
            "readout_frequency_dict": {
                "7": null,
                "13": null
            },
            "readoutError_dict": {
                "7": 2.82,
                "13": 4.16
            },
            "singleQubit_gate_error_dict": {
                "7": 0.14,
                "13": 0.12
            },
            "twoQubits_gate_error_dict": {
                "0": {
                    "twoQubits": [
                        13,
                        7
                    ],
                    "cz_error": 3.39
                }
            },
            "t1_dict": {
                "7": 24.8103,
                "13": 22.2184
            },
            "t2_dict": {
                "7": 2.6129,
                "13": 2.2364
            },
            "singleQubit_update_time": "2025-03-21 02:33:29",
            "readout_update_time": "2025-03-25 23:01:18",
            "twoQubitGate_update_time": "2025-03-25 08:46:36",
            "origin_circuit": "X2P Q0\nRZ Q0 0\nX2M Q0\nRZ Q0 3.14159265\nY2P Q0\nY2M Q1\nRZ Q1 1.5707965\nY2P Q1\nCZ Q1 Q0\nRZ Q0 3.14159265\nY2P Q0\nM Q0\nM Q1",
            "layout": [
                7,
                13
            ],
            "transpiled_circit": "X2P Q7\nRZ Q7 0\nX2M Q7\nRZ Q7 3.14159265\nY2P Q7\nY2M Q13\nRZ Q13 1.5707965\nY2P Q13\nCZ Q13 Q7\nRZ Q7 3.14159265\nY2P Q7\nM Q7\nM Q13"
        }
    }
}