{
    "transpiled_randomCircuit_2qubit_0": {
        "run_config": {
            "machine_time": "tianyan176-2",
            "repeat": 1,
            "shots": 8000,
            "layout": [
                57,
                50
            ],
            "layout_id": 167,
            "expected_fidelity": 0.9349363434542243,
            "real_fidelity": 0.954841527874742,
            "begin_time": "2025-03-25 23:22:16",
            "end_time": "2025-03-25 23:22:29",
            "cost_time": "12.946053 s"
        },
        "circuit_features": {
            "num_qubits": 2,
            "num_gates": 11,
            "depth": 8,
            "program_communication": 1.0,
            "critical_depth": 1.0,
            "entanglement_ratio": 0.09090909090909091,
            "parallelism": 0.375,
            "liveness": 0.75,
            "min_qubit_frequency": 5.2959,
            "max_qubit_frequency": 5.5512,
            "avg_qubit_frequency": 5.42355,
            "min_readout_frequency": null,
            "max_readout_frequency": null,
            "avg_readout_frequency": null,
            "min_readoutError": 0.92,
            "max_readoutError": 2.95,
            "avg_readoutError": 1.935,
            "min_singleQubit_gate_error": 0.1,
            "max_singleQubit_gate_error": 0.18,
            "avg_singleQubit_gate_error": 0.14,
            "min_twoQubits_gate_error": 1.24,
            "max_twoQubits_gate_error": 1.24,
            "avg_twoQubits_gate_error": 1.24,
            "min_t1": 19.2536,
            "max_t1": 23.273,
            "avg_t1": 21.2633,
            "min_t2": 2.9094,
            "max_t2": 5.403,
            "avg_t2": 4.1562,
            "twoQubits_gate_error_accumulation": 1.24,
            "expected_fidelity": 0.9349363434542243,
            "idel_entropy": 0.5175658658907364,
            "idle_rate": 0.2926829268292683,
            "qubit_frequency_dict": {
                "57": 5.2959,
                "50": 5.5512
            },
            "readout_frequency_dict": {
                "57": null,
                "50": null
            },
            "readoutError_dict": {
                "57": 2.95,
                "50": 0.92
            },
            "singleQubit_gate_error_dict": {
                "57": 0.18,
                "50": 0.1
            },
            "twoQubits_gate_error_dict": {
                "0": {
                    "twoQubits": [
                        50,
                        57
                    ],
                    "cz_error": 1.24
                }
            },
            "t1_dict": {
                "57": 23.273,
                "50": 19.2536
            },
            "t2_dict": {
                "57": 2.9094,
                "50": 5.403
            },
            "singleQubit_update_time": "2025-03-21 02:33:29",
            "readout_update_time": "2025-03-25 23:01:18",
            "twoQubitGate_update_time": "2025-03-25 08:46:36",
            "origin_circuit": "X2P Q0\nRZ Q0 0\nX2M Q0\nRZ Q0 3.14159265\nY2P Q0\nY2M Q1\nRZ Q1 1.5707965\nY2P Q1\nCZ Q1 Q0\nRZ Q0 3.14159265\nY2P Q0\nM Q0\nM Q1",
            "layout": [
                57,
                50
            ],
            "transpiled_circit": "X2P Q57\nRZ Q57 0\nX2M Q57\nRZ Q57 3.14159265\nY2P Q57\nY2M Q50\nRZ Q50 1.5707965\nY2P Q50\nCZ Q50 Q57\nRZ Q57 3.14159265\nY2P Q57\nM Q57\nM Q50"
        }
    }
}