{
    "transpiled_randomCircuit_2qubit_0": {
        "run_config": {
            "machine_time": "tianyan176-2",
            "repeat": 1,
            "shots": 8000,
            "layout": [
                54,
                60
            ],
            "layout_id": 181,
            "expected_fidelity": 0.7532645605591848,
            "real_fidelity": 0.8595298229209448,
            "begin_time": "2025-03-25 23:27:35",
            "end_time": "2025-03-25 23:27:46",
            "cost_time": "11.174778 s"
        },
        "circuit_features": {
            "num_qubits": 2,
            "num_gates": 11,
            "depth": 8,
            "program_communication": 1.0,
            "critical_depth": 1.0,
            "entanglement_ratio": 0.09090909090909091,
            "parallelism": 0.375,
            "liveness": 0.75,
            "min_qubit_frequency": 5.058,
            "max_qubit_frequency": 5.3503,
            "avg_qubit_frequency": 5.20415,
            "min_readout_frequency": null,
            "max_readout_frequency": null,
            "avg_readout_frequency": null,
            "min_readoutError": 2.3,
            "max_readoutError": 18.52,
            "avg_readoutError": 10.41,
            "min_singleQubit_gate_error": 0.18,
            "max_singleQubit_gate_error": 0.33,
            "avg_singleQubit_gate_error": 0.255,
            "min_twoQubits_gate_error": 3.22,
            "max_twoQubits_gate_error": 3.22,
            "avg_twoQubits_gate_error": 3.22,
            "min_t1": 22.0289,
            "max_t1": 28.7803,
            "avg_t1": 25.404600000000002,
            "min_t2": 1.0635,
            "max_t2": 4.3417,
            "avg_t2": 2.7026000000000003,
            "twoQubits_gate_error_accumulation": 3.22,
            "expected_fidelity": 0.7532645605591848,
            "idel_entropy": 0.5175658658907364,
            "idle_rate": 0.2926829268292683,
            "qubit_frequency_dict": {
                "54": 5.3503,
                "60": 5.058
            },
            "readout_frequency_dict": {
                "54": null,
                "60": null
            },
            "readoutError_dict": {
                "54": 2.3,
                "60": 18.52
            },
            "singleQubit_gate_error_dict": {
                "54": 0.18,
                "60": 0.33
            },
            "twoQubits_gate_error_dict": {
                "0": {
                    "twoQubits": [
                        60,
                        54
                    ],
                    "cz_error": 3.22
                }
            },
            "t1_dict": {
                "54": 28.7803,
                "60": 22.0289
            },
            "t2_dict": {
                "54": 4.3417,
                "60": 1.0635
            },
            "singleQubit_update_time": "2025-03-21 02:33:29",
            "readout_update_time": "2025-03-25 23:01:18",
            "twoQubitGate_update_time": "2025-03-25 08:46:36",
            "origin_circuit": "X2P Q0\nRZ Q0 0\nX2M Q0\nRZ Q0 3.14159265\nY2P Q0\nY2M Q1\nRZ Q1 1.5707965\nY2P Q1\nCZ Q1 Q0\nRZ Q0 3.14159265\nY2P Q0\nM Q0\nM Q1",
            "layout": [
                54,
                60
            ],
            "transpiled_circit": "X2P Q54\nRZ Q54 0\nX2M Q54\nRZ Q54 3.14159265\nY2P Q54\nY2M Q60\nRZ Q60 1.5707965\nY2P Q60\nCZ Q60 Q54\nRZ Q54 3.14159265\nY2P Q54\nM Q54\nM Q60"
        }
    }
}