{
    "transpiled_randomCircuit_2qubit_0": {
        "run_config": {
            "machine_time": "tianyan176-2",
            "repeat": 1,
            "shots": 8000,
            "layout": [
                38,
                33
            ],
            "layout_id": 100,
            "expected_fidelity": 0.8312457010423261,
            "real_fidelity": 0.8866185342630791,
            "begin_time": "2025-03-25 23:08:58",
            "end_time": "2025-03-25 23:09:10",
            "cost_time": "12.122135 s"
        },
        "circuit_features": {
            "num_qubits": 2,
            "num_gates": 11,
            "depth": 8,
            "program_communication": 1.0,
            "critical_depth": 1.0,
            "entanglement_ratio": 0.09090909090909091,
            "parallelism": 0.375,
            "liveness": 0.75,
            "min_qubit_frequency": 4.9919,
            "max_qubit_frequency": 5.1769,
            "avg_qubit_frequency": 5.0844000000000005,
            "min_readout_frequency": null,
            "max_readout_frequency": null,
            "avg_readout_frequency": null,
            "min_readoutError": 3.48,
            "max_readoutError": 10.27,
            "avg_readoutError": 6.875,
            "min_singleQubit_gate_error": 0.13,
            "max_singleQubit_gate_error": 0.16,
            "avg_singleQubit_gate_error": 0.14500000000000002,
            "min_twoQubits_gate_error": 2.56,
            "max_twoQubits_gate_error": 2.56,
            "avg_twoQubits_gate_error": 2.56,
            "min_t1": 20.6299,
            "max_t1": 42.5819,
            "avg_t1": 31.6059,
            "min_t2": 1.6169,
            "max_t2": 1.8213,
            "avg_t2": 1.7191,
            "twoQubits_gate_error_accumulation": 2.56,
            "expected_fidelity": 0.8312457010423261,
            "idel_entropy": 0.5175658658907364,
            "idle_rate": 0.2926829268292683,
            "qubit_frequency_dict": {
                "38": 5.1769,
                "33": 4.9919
            },
            "readout_frequency_dict": {
                "38": null,
                "33": null
            },
            "readoutError_dict": {
                "38": 3.48,
                "33": 10.27
            },
            "singleQubit_gate_error_dict": {
                "38": 0.16,
                "33": 0.13
            },
            "twoQubits_gate_error_dict": {
                "0": {
                    "twoQubits": [
                        33,
                        38
                    ],
                    "cz_error": 2.56
                }
            },
            "t1_dict": {
                "38": 42.5819,
                "33": 20.6299
            },
            "t2_dict": {
                "38": 1.8213,
                "33": 1.6169
            },
            "singleQubit_update_time": "2025-03-21 02:33:29",
            "readout_update_time": "2025-03-25 23:01:18",
            "twoQubitGate_update_time": "2025-03-25 08:46:36",
            "origin_circuit": "X2P Q0\nRZ Q0 0\nX2M Q0\nRZ Q0 3.14159265\nY2P Q0\nY2M Q1\nRZ Q1 1.5707965\nY2P Q1\nCZ Q1 Q0\nRZ Q0 3.14159265\nY2P Q0\nM Q0\nM Q1",
            "layout": [
                38,
                33
            ],
            "transpiled_circit": "X2P Q38\nRZ Q38 0\nX2M Q38\nRZ Q38 3.14159265\nY2P Q38\nY2M Q33\nRZ Q33 1.5707965\nY2P Q33\nCZ Q33 Q38\nRZ Q38 3.14159265\nY2P Q38\nM Q38\nM Q33"
        }
    }
}