{
    "transpiled_randomCircuit_2qubit_0": {
        "run_config": {
            "machine_time": "tianyan176-2",
            "repeat": 1,
            "shots": 8000,
            "layout": [
                30,
                36
            ],
            "layout_id": 145,
            "expected_fidelity": 0.7514968599839654,
            "real_fidelity": 0.7897071092564273,
            "begin_time": "2025-03-25 23:17:53",
            "end_time": "2025-03-25 23:18:06",
            "cost_time": "12.79589 s"
        },
        "circuit_features": {
            "num_qubits": 2,
            "num_gates": 11,
            "depth": 8,
            "program_communication": 1.0,
            "critical_depth": 1.0,
            "entanglement_ratio": 0.09090909090909091,
            "parallelism": 0.375,
            "liveness": 0.75,
            "min_qubit_frequency": 5.3136,
            "max_qubit_frequency": 5.4707,
            "avg_qubit_frequency": 5.39215,
            "min_readout_frequency": null,
            "max_readout_frequency": null,
            "avg_readout_frequency": null,
            "min_readoutError": 2.56,
            "max_readoutError": 18.01,
            "avg_readoutError": 10.285,
            "min_singleQubit_gate_error": 0.21,
            "max_singleQubit_gate_error": 0.34,
            "avg_singleQubit_gate_error": 0.275,
            "min_twoQubits_gate_error": 3.56,
            "max_twoQubits_gate_error": 3.56,
            "avg_twoQubits_gate_error": 3.56,
            "min_t1": 15.0164,
            "max_t1": 29.3702,
            "avg_t1": 22.1933,
            "min_t2": 2.9482,
            "max_t2": 3.1699,
            "avg_t2": 3.05905,
            "twoQubits_gate_error_accumulation": 3.56,
            "expected_fidelity": 0.7514968599839654,
            "idel_entropy": 0.5175658658907364,
            "idle_rate": 0.2926829268292683,
            "qubit_frequency_dict": {
                "30": 5.3136,
                "36": 5.4707
            },
            "readout_frequency_dict": {
                "30": null,
                "36": null
            },
            "readoutError_dict": {
                "30": 18.01,
                "36": 2.56
            },
            "singleQubit_gate_error_dict": {
                "30": 0.21,
                "36": 0.34
            },
            "twoQubits_gate_error_dict": {
                "0": {
                    "twoQubits": [
                        36,
                        30
                    ],
                    "cz_error": 3.56
                }
            },
            "t1_dict": {
                "30": 29.3702,
                "36": 15.0164
            },
            "t2_dict": {
                "30": 2.9482,
                "36": 3.1699
            },
            "singleQubit_update_time": "2025-03-21 02:33:29",
            "readout_update_time": "2025-03-25 23:01:18",
            "twoQubitGate_update_time": "2025-03-25 08:46:36",
            "origin_circuit": "X2P Q0\nRZ Q0 0\nX2M Q0\nRZ Q0 3.14159265\nY2P Q0\nY2M Q1\nRZ Q1 1.5707965\nY2P Q1\nCZ Q1 Q0\nRZ Q0 3.14159265\nY2P Q0\nM Q0\nM Q1",
            "layout": [
                30,
                36
            ],
            "transpiled_circit": "X2P Q30\nRZ Q30 0\nX2M Q30\nRZ Q30 3.14159265\nY2P Q30\nY2M Q36\nRZ Q36 1.5707965\nY2P Q36\nCZ Q36 Q30\nRZ Q30 3.14159265\nY2P Q30\nM Q30\nM Q36"
        }
    }
}