{
    "transpiled_randomCircuit_2qubit_0": {
        "run_config": {
            "machine_time": "tianyan176-2",
            "repeat": 1,
            "shots": 8000,
            "layout": [
                21,
                15
            ],
            "layout_id": 21,
            "expected_fidelity": 0.9431631586802596,
            "real_fidelity": 0.963425060492293,
            "begin_time": "2025-03-25 22:50:32",
            "end_time": "2025-03-25 22:50:44",
            "cost_time": "12.129014 s"
        },
        "circuit_features": {
            "num_qubits": 2,
            "num_gates": 11,
            "depth": 8,
            "program_communication": 1.0,
            "critical_depth": 1.0,
            "entanglement_ratio": 0.09090909090909091,
            "parallelism": 0.375,
            "liveness": 0.75,
            "min_qubit_frequency": 5.1414,
            "max_qubit_frequency": 5.4961,
            "avg_qubit_frequency": 5.31875,
            "min_readout_frequency": null,
            "max_readout_frequency": null,
            "avg_readout_frequency": null,
            "min_readoutError": 1.45,
            "max_readoutError": 2.12,
            "avg_readoutError": 1.7850000000000001,
            "min_singleQubit_gate_error": 0.08,
            "max_singleQubit_gate_error": 0.15,
            "avg_singleQubit_gate_error": 0.11499999999999999,
            "min_twoQubits_gate_error": 1.23,
            "max_twoQubits_gate_error": 1.23,
            "avg_twoQubits_gate_error": 1.23,
            "min_t1": 29.7058,
            "max_t1": 42.5285,
            "avg_t1": 36.11715,
            "min_t2": 2.5943,
            "max_t2": 5.2412,
            "avg_t2": 3.91775,
            "twoQubits_gate_error_accumulation": 1.23,
            "expected_fidelity": 0.9431631586802596,
            "idel_entropy": 0.5175658658907364,
            "idle_rate": 0.2926829268292683,
            "qubit_frequency_dict": {
                "21": 5.1414,
                "15": 5.4961
            },
            "readout_frequency_dict": {
                "21": null,
                "15": null
            },
            "readoutError_dict": {
                "21": 2.12,
                "15": 1.45
            },
            "singleQubit_gate_error_dict": {
                "21": 0.08,
                "15": 0.15
            },
            "twoQubits_gate_error_dict": {
                "0": {
                    "twoQubits": [
                        15,
                        21
                    ],
                    "cz_error": 1.23
                }
            },
            "t1_dict": {
                "21": 42.5285,
                "15": 29.7058
            },
            "t2_dict": {
                "21": 2.5943,
                "15": 5.2412
            },
            "singleQubit_update_time": "2025-03-21 02:33:29",
            "readout_update_time": "2025-03-25 22:31:14",
            "twoQubitGate_update_time": "2025-03-25 08:46:36",
            "origin_circuit": "X2P Q0\nRZ Q0 0\nX2M Q0\nRZ Q0 3.14159265\nY2P Q0\nY2M Q1\nRZ Q1 1.5707965\nY2P Q1\nCZ Q1 Q0\nRZ Q0 3.14159265\nY2P Q0\nM Q0\nM Q1",
            "layout": [
                21,
                15
            ],
            "transpiled_circit": "X2P Q21\nRZ Q21 0\nX2M Q21\nRZ Q21 3.14159265\nY2P Q21\nY2M Q15\nRZ Q15 1.5707965\nY2P Q15\nCZ Q15 Q21\nRZ Q21 3.14159265\nY2P Q21\nM Q21\nM Q15"
        }
    }
}