{
    "transpiled_randomCircuit_2qubit_0": {
        "run_config": {
            "machine_time": "tianyan176-2",
            "repeat": 1,
            "shots": 8000,
            "layout": [
                10,
                4
            ],
            "layout_id": 19,
            "expected_fidelity": 0.9016241415486957,
            "real_fidelity": 0.9335489690691315,
            "begin_time": "2025-03-25 22:50:06",
            "end_time": "2025-03-25 22:50:18",
            "cost_time": "11.868469 s"
        },
        "circuit_features": {
            "num_qubits": 2,
            "num_gates": 11,
            "depth": 8,
            "program_communication": 1.0,
            "critical_depth": 1.0,
            "entanglement_ratio": 0.09090909090909091,
            "parallelism": 0.375,
            "liveness": 0.75,
            "min_qubit_frequency": 5.4411,
            "max_qubit_frequency": 5.5939,
            "avg_qubit_frequency": 5.5175,
            "min_readout_frequency": null,
            "max_readout_frequency": null,
            "avg_readout_frequency": null,
            "min_readoutError": 2.26,
            "max_readoutError": 4.57,
            "avg_readoutError": 3.415,
            "min_singleQubit_gate_error": 0.12,
            "max_singleQubit_gate_error": 0.23,
            "avg_singleQubit_gate_error": 0.175,
            "min_twoQubits_gate_error": 1.41,
            "max_twoQubits_gate_error": 1.41,
            "avg_twoQubits_gate_error": 1.41,
            "min_t1": 13.582,
            "max_t1": 37.0857,
            "avg_t1": 25.33385,
            "min_t2": 4.3793,
            "max_t2": 5.0056,
            "avg_t2": 4.69245,
            "twoQubits_gate_error_accumulation": 1.41,
            "expected_fidelity": 0.9016241415486957,
            "idel_entropy": 0.5175658658907364,
            "idle_rate": 0.2926829268292683,
            "qubit_frequency_dict": {
                "10": 5.4411,
                "4": 5.5939
            },
            "readout_frequency_dict": {
                "10": null,
                "4": null
            },
            "readoutError_dict": {
                "10": 4.57,
                "4": 2.26
            },
            "singleQubit_gate_error_dict": {
                "10": 0.23,
                "4": 0.12
            },
            "twoQubits_gate_error_dict": {
                "0": {
                    "twoQubits": [
                        4,
                        10
                    ],
                    "cz_error": 1.41
                }
            },
            "t1_dict": {
                "10": 13.582,
                "4": 37.0857
            },
            "t2_dict": {
                "10": 5.0056,
                "4": 4.3793
            },
            "singleQubit_update_time": "2025-03-21 02:33:29",
            "readout_update_time": "2025-03-25 22:31:14",
            "twoQubitGate_update_time": "2025-03-25 08:46:36",
            "origin_circuit": "X2P Q0\nRZ Q0 0\nX2M Q0\nRZ Q0 3.14159265\nY2P Q0\nY2M Q1\nRZ Q1 1.5707965\nY2P Q1\nCZ Q1 Q0\nRZ Q0 3.14159265\nY2P Q0\nM Q0\nM Q1",
            "layout": [
                10,
                4
            ],
            "transpiled_circit": "X2P Q10\nRZ Q10 0\nX2M Q10\nRZ Q10 3.14159265\nY2P Q10\nY2M Q4\nRZ Q4 1.5707965\nY2P Q4\nCZ Q4 Q10\nRZ Q10 3.14159265\nY2P Q10\nM Q10\nM Q4"
        }
    }
}