{
    "transpiled_randomCircuit_2qubit_0": {
        "run_config": {
            "machine_time": "tianyan176-2",
            "repeat": 1,
            "shots": 8000,
            "layout": [
                37,
                43
            ],
            "layout_id": 97,
            "expected_fidelity": 0.9381728374779025,
            "real_fidelity": 0.970149463260072,
            "begin_time": "2025-03-25 23:08:21",
            "end_time": "2025-03-25 23:08:34",
            "cost_time": "12.955109 s"
        },
        "circuit_features": {
            "num_qubits": 2,
            "num_gates": 11,
            "depth": 8,
            "program_communication": 1.0,
            "critical_depth": 1.0,
            "entanglement_ratio": 0.09090909090909091,
            "parallelism": 0.375,
            "liveness": 0.75,
            "min_qubit_frequency": 5.1539,
            "max_qubit_frequency": 5.4413,
            "avg_qubit_frequency": 5.2976,
            "min_readout_frequency": null,
            "max_readout_frequency": null,
            "avg_readout_frequency": null,
            "min_readoutError": 1.2,
            "max_readoutError": 2.42,
            "avg_readoutError": 1.81,
            "min_singleQubit_gate_error": 0.13,
            "max_singleQubit_gate_error": 0.22,
            "avg_singleQubit_gate_error": 0.175,
            "min_twoQubits_gate_error": 0.79,
            "max_twoQubits_gate_error": 0.79,
            "avg_twoQubits_gate_error": 0.79,
            "min_t1": 28.0461,
            "max_t1": 32.6303,
            "avg_t1": 30.3382,
            "min_t2": 1.8098,
            "max_t2": 2.4432,
            "avg_t2": 2.1265,
            "twoQubits_gate_error_accumulation": 0.79,
            "expected_fidelity": 0.9381728374779025,
            "idel_entropy": 0.5175658658907364,
            "idle_rate": 0.2926829268292683,
            "qubit_frequency_dict": {
                "37": 5.1539,
                "43": 5.4413
            },
            "readout_frequency_dict": {
                "37": null,
                "43": null
            },
            "readoutError_dict": {
                "37": 2.42,
                "43": 1.2
            },
            "singleQubit_gate_error_dict": {
                "37": 0.22,
                "43": 0.13
            },
            "twoQubits_gate_error_dict": {
                "0": {
                    "twoQubits": [
                        43,
                        37
                    ],
                    "cz_error": 0.79
                }
            },
            "t1_dict": {
                "37": 28.0461,
                "43": 32.6303
            },
            "t2_dict": {
                "37": 1.8098,
                "43": 2.4432
            },
            "singleQubit_update_time": "2025-03-21 02:33:29",
            "readout_update_time": "2025-03-25 23:01:18",
            "twoQubitGate_update_time": "2025-03-25 08:46:36",
            "origin_circuit": "X2P Q0\nRZ Q0 0\nX2M Q0\nRZ Q0 3.14159265\nY2P Q0\nY2M Q1\nRZ Q1 1.5707965\nY2P Q1\nCZ Q1 Q0\nRZ Q0 3.14159265\nY2P Q0\nM Q0\nM Q1",
            "layout": [
                37,
                43
            ],
            "transpiled_circit": "X2P Q37\nRZ Q37 0\nX2M Q37\nRZ Q37 3.14159265\nY2P Q37\nY2M Q43\nRZ Q43 1.5707965\nY2P Q43\nCZ Q43 Q37\nRZ Q37 3.14159265\nY2P Q37\nM Q37\nM Q43"
        }
    }
}