{
    "transpiled_randomCircuit_2qubit_0": {
        "run_config": {
            "machine_time": "tianyan176-2",
            "repeat": 1,
            "shots": 8000,
            "layout": [
                5,
                11
            ],
            "layout_id": 122,
            "expected_fidelity": 0.9246917786537439,
            "real_fidelity": 0.9398646300990678,
            "begin_time": "2025-03-25 23:13:27",
            "end_time": "2025-03-25 23:13:37",
            "cost_time": "10.797874 s"
        },
        "circuit_features": {
            "num_qubits": 2,
            "num_gates": 11,
            "depth": 8,
            "program_communication": 1.0,
            "critical_depth": 1.0,
            "entanglement_ratio": 0.09090909090909091,
            "parallelism": 0.375,
            "liveness": 0.75,
            "min_qubit_frequency": 5.2468,
            "max_qubit_frequency": 5.5364,
            "avg_qubit_frequency": 5.3916,
            "min_readout_frequency": null,
            "max_readout_frequency": null,
            "avg_readout_frequency": null,
            "min_readoutError": 2.46,
            "max_readoutError": 2.92,
            "avg_readoutError": 2.69,
            "min_singleQubit_gate_error": 0.14,
            "max_singleQubit_gate_error": 0.16,
            "avg_singleQubit_gate_error": 0.15000000000000002,
            "min_twoQubits_gate_error": 0.91,
            "max_twoQubits_gate_error": 0.91,
            "avg_twoQubits_gate_error": 0.91,
            "min_t1": 14.1199,
            "max_t1": 32.2286,
            "avg_t1": 23.17425,
            "min_t2": 3.6853,
            "max_t2": 6.1576,
            "avg_t2": 4.92145,
            "twoQubits_gate_error_accumulation": 0.91,
            "expected_fidelity": 0.9246917786537439,
            "idel_entropy": 0.5175658658907364,
            "idle_rate": 0.2926829268292683,
            "qubit_frequency_dict": {
                "5": 5.2468,
                "11": 5.5364
            },
            "readout_frequency_dict": {
                "5": null,
                "11": null
            },
            "readoutError_dict": {
                "5": 2.92,
                "11": 2.46
            },
            "singleQubit_gate_error_dict": {
                "5": 0.14,
                "11": 0.16
            },
            "twoQubits_gate_error_dict": {
                "0": {
                    "twoQubits": [
                        11,
                        5
                    ],
                    "cz_error": 0.91
                }
            },
            "t1_dict": {
                "5": 32.2286,
                "11": 14.1199
            },
            "t2_dict": {
                "5": 3.6853,
                "11": 6.1576
            },
            "singleQubit_update_time": "2025-03-21 02:33:29",
            "readout_update_time": "2025-03-25 23:01:18",
            "twoQubitGate_update_time": "2025-03-25 08:46:36",
            "origin_circuit": "X2P Q0\nRZ Q0 0\nX2M Q0\nRZ Q0 3.14159265\nY2P Q0\nY2M Q1\nRZ Q1 1.5707965\nY2P Q1\nCZ Q1 Q0\nRZ Q0 3.14159265\nY2P Q0\nM Q0\nM Q1",
            "layout": [
                5,
                11
            ],
            "transpiled_circit": "X2P Q5\nRZ Q5 0\nX2M Q5\nRZ Q5 3.14159265\nY2P Q5\nY2M Q11\nRZ Q11 1.5707965\nY2P Q11\nCZ Q11 Q5\nRZ Q5 3.14159265\nY2P Q5\nM Q5\nM Q11"
        }
    }
}