{
    "transpiled_randomCircuit_2qubit_0": {
        "run_config": {
            "machine_time": "tianyan176-2",
            "repeat": 1,
            "shots": 8000,
            "layout": [
                19,
                24
            ],
            "layout_id": 62,
            "expected_fidelity": 0.8966988617178773,
            "real_fidelity": 0.920844629019936,
            "begin_time": "2025-03-25 22:59:40",
            "end_time": "2025-03-25 22:59:54",
            "cost_time": "13.446338 s"
        },
        "circuit_features": {
            "num_qubits": 2,
            "num_gates": 11,
            "depth": 8,
            "program_communication": 1.0,
            "critical_depth": 1.0,
            "entanglement_ratio": 0.09090909090909091,
            "parallelism": 0.375,
            "liveness": 0.75,
            "min_qubit_frequency": 5.1355,
            "max_qubit_frequency": 5.4547,
            "avg_qubit_frequency": 5.2951,
            "min_readout_frequency": null,
            "max_readout_frequency": null,
            "avg_readout_frequency": null,
            "min_readoutError": 1.39,
            "max_readoutError": 5.01,
            "avg_readoutError": 3.1999999999999997,
            "min_singleQubit_gate_error": 0.11,
            "max_singleQubit_gate_error": 0.39,
            "avg_singleQubit_gate_error": 0.25,
            "min_twoQubits_gate_error": 1.29,
            "max_twoQubits_gate_error": 1.29,
            "avg_twoQubits_gate_error": 1.29,
            "min_t1": 20.8094,
            "max_t1": 33.3492,
            "avg_t1": 27.079300000000003,
            "min_t2": 2.0051,
            "max_t2": 3.4857,
            "avg_t2": 2.7454,
            "twoQubits_gate_error_accumulation": 1.29,
            "expected_fidelity": 0.8966988617178773,
            "idel_entropy": 0.5175658658907364,
            "idle_rate": 0.2926829268292683,
            "qubit_frequency_dict": {
                "19": 5.4547,
                "24": 5.1355
            },
            "readout_frequency_dict": {
                "19": null,
                "24": null
            },
            "readoutError_dict": {
                "19": 1.39,
                "24": 5.01
            },
            "singleQubit_gate_error_dict": {
                "19": 0.39,
                "24": 0.11
            },
            "twoQubits_gate_error_dict": {
                "0": {
                    "twoQubits": [
                        24,
                        19
                    ],
                    "cz_error": 1.29
                }
            },
            "t1_dict": {
                "19": 33.3492,
                "24": 20.8094
            },
            "t2_dict": {
                "19": 3.4857,
                "24": 2.0051
            },
            "singleQubit_update_time": "2025-03-21 02:33:29",
            "readout_update_time": "2025-03-25 22:31:14",
            "twoQubitGate_update_time": "2025-03-25 08:46:36",
            "origin_circuit": "X2P Q0\nRZ Q0 0\nX2M Q0\nRZ Q0 3.14159265\nY2P Q0\nY2M Q1\nRZ Q1 1.5707965\nY2P Q1\nCZ Q1 Q0\nRZ Q0 3.14159265\nY2P Q0\nM Q0\nM Q1",
            "layout": [
                19,
                24
            ],
            "transpiled_circit": "X2P Q19\nRZ Q19 0\nX2M Q19\nRZ Q19 3.14159265\nY2P Q19\nY2M Q24\nRZ Q24 1.5707965\nY2P Q24\nCZ Q24 Q19\nRZ Q19 3.14159265\nY2P Q19\nM Q19\nM Q24"
        }
    }
}