{
    "transpiled_randomCircuit_2qubit_0": {
        "run_config": {
            "machine_time": "tianyan176-2",
            "repeat": 1,
            "shots": 8000,
            "layout": [
                33,
                26
            ],
            "layout_id": 68,
            "expected_fidelity": 0.8489666212076279,
            "real_fidelity": 0.9001046400523968,
            "begin_time": "2025-03-25 23:02:25",
            "end_time": "2025-03-25 23:02:37",
            "cost_time": "11.389724 s"
        },
        "circuit_features": {
            "num_qubits": 2,
            "num_gates": 11,
            "depth": 8,
            "program_communication": 1.0,
            "critical_depth": 1.0,
            "entanglement_ratio": 0.09090909090909091,
            "parallelism": 0.375,
            "liveness": 0.75,
            "min_qubit_frequency": 4.9919,
            "max_qubit_frequency": 5.2574,
            "avg_qubit_frequency": 5.12465,
            "min_readout_frequency": null,
            "max_readout_frequency": null,
            "avg_readout_frequency": null,
            "min_readoutError": 1.2,
            "max_readoutError": 10.27,
            "avg_readoutError": 5.734999999999999,
            "min_singleQubit_gate_error": 0.09,
            "max_singleQubit_gate_error": 0.13,
            "avg_singleQubit_gate_error": 0.11,
            "min_twoQubits_gate_error": 3.1,
            "max_twoQubits_gate_error": 3.1,
            "avg_twoQubits_gate_error": 3.1,
            "min_t1": 20.6299,
            "max_t1": 22.856,
            "avg_t1": 21.74295,
            "min_t2": 1.6169,
            "max_t2": 2.3345,
            "avg_t2": 1.9756999999999998,
            "twoQubits_gate_error_accumulation": 3.1,
            "expected_fidelity": 0.8489666212076279,
            "idel_entropy": 0.5175658658907364,
            "idle_rate": 0.2926829268292683,
            "qubit_frequency_dict": {
                "33": 4.9919,
                "26": 5.2574
            },
            "readout_frequency_dict": {
                "33": null,
                "26": null
            },
            "readoutError_dict": {
                "33": 10.27,
                "26": 1.2
            },
            "singleQubit_gate_error_dict": {
                "33": 0.13,
                "26": 0.09
            },
            "twoQubits_gate_error_dict": {
                "0": {
                    "twoQubits": [
                        26,
                        33
                    ],
                    "cz_error": 3.1
                }
            },
            "t1_dict": {
                "33": 20.6299,
                "26": 22.856
            },
            "t2_dict": {
                "33": 1.6169,
                "26": 2.3345
            },
            "singleQubit_update_time": "2025-03-21 02:33:29",
            "readout_update_time": "2025-03-25 23:01:18",
            "twoQubitGate_update_time": "2025-03-25 08:46:36",
            "origin_circuit": "X2P Q0\nRZ Q0 0\nX2M Q0\nRZ Q0 3.14159265\nY2P Q0\nY2M Q1\nRZ Q1 1.5707965\nY2P Q1\nCZ Q1 Q0\nRZ Q0 3.14159265\nY2P Q0\nM Q0\nM Q1",
            "layout": [
                33,
                26
            ],
            "transpiled_circit": "X2P Q33\nRZ Q33 0\nX2M Q33\nRZ Q33 3.14159265\nY2P Q33\nY2M Q26\nRZ Q26 1.5707965\nY2P Q26\nCZ Q26 Q33\nRZ Q33 3.14159265\nY2P Q33\nM Q33\nM Q26"
        }
    }
}