{
    "transpiled_randomCircuit_2qubit_0": {
        "run_config": {
            "machine_time": "tianyan176-2",
            "repeat": 1,
            "shots": 8000,
            "layout": [
                11,
                16
            ],
            "layout_id": 72,
            "expected_fidelity": 0.9281731525254082,
            "real_fidelity": 0.9671239125668498,
            "begin_time": "2025-03-25 23:03:15",
            "end_time": "2025-03-25 23:03:26",
            "cost_time": "11.329069 s"
        },
        "circuit_features": {
            "num_qubits": 2,
            "num_gates": 11,
            "depth": 8,
            "program_communication": 1.0,
            "critical_depth": 1.0,
            "entanglement_ratio": 0.09090909090909091,
            "parallelism": 0.375,
            "liveness": 0.75,
            "min_qubit_frequency": 5.1519,
            "max_qubit_frequency": 5.5364,
            "avg_qubit_frequency": 5.344150000000001,
            "min_readout_frequency": null,
            "max_readout_frequency": null,
            "avg_readout_frequency": null,
            "min_readoutError": 2.46,
            "max_readoutError": 2.81,
            "avg_readoutError": 2.635,
            "min_singleQubit_gate_error": 0.15,
            "max_singleQubit_gate_error": 0.16,
            "avg_singleQubit_gate_error": 0.155,
            "min_twoQubits_gate_error": 0.54,
            "max_twoQubits_gate_error": 0.54,
            "avg_twoQubits_gate_error": 0.54,
            "min_t1": 14.1199,
            "max_t1": 21.0104,
            "avg_t1": 17.56515,
            "min_t2": 1.9735,
            "max_t2": 6.1576,
            "avg_t2": 4.06555,
            "twoQubits_gate_error_accumulation": 0.54,
            "expected_fidelity": 0.9281731525254082,
            "idel_entropy": 0.5175658658907364,
            "idle_rate": 0.2926829268292683,
            "qubit_frequency_dict": {
                "11": 5.5364,
                "16": 5.1519
            },
            "readout_frequency_dict": {
                "11": null,
                "16": null
            },
            "readoutError_dict": {
                "11": 2.46,
                "16": 2.81
            },
            "singleQubit_gate_error_dict": {
                "11": 0.16,
                "16": 0.15
            },
            "twoQubits_gate_error_dict": {
                "0": {
                    "twoQubits": [
                        16,
                        11
                    ],
                    "cz_error": 0.54
                }
            },
            "t1_dict": {
                "11": 14.1199,
                "16": 21.0104
            },
            "t2_dict": {
                "11": 6.1576,
                "16": 1.9735
            },
            "singleQubit_update_time": "2025-03-21 02:33:29",
            "readout_update_time": "2025-03-25 23:01:18",
            "twoQubitGate_update_time": "2025-03-25 08:46:36",
            "origin_circuit": "X2P Q0\nRZ Q0 0\nX2M Q0\nRZ Q0 3.14159265\nY2P Q0\nY2M Q1\nRZ Q1 1.5707965\nY2P Q1\nCZ Q1 Q0\nRZ Q0 3.14159265\nY2P Q0\nM Q0\nM Q1",
            "layout": [
                11,
                16
            ],
            "transpiled_circit": "X2P Q11\nRZ Q11 0\nX2M Q11\nRZ Q11 3.14159265\nY2P Q11\nY2M Q16\nRZ Q16 1.5707965\nY2P Q16\nCZ Q16 Q11\nRZ Q11 3.14159265\nY2P Q11\nM Q11\nM Q16"
        }
    }
}