{
    "transpiled_randomCircuit_2qubit_0": {
        "run_config": {
            "machine_time": "tianyan176-2",
            "repeat": 1,
            "shots": 8000,
            "layout": [
                36,
                42
            ],
            "layout_id": 115,
            "expected_fidelity": 0.8932093499433791,
            "real_fidelity": 0.9452306336429274,
            "begin_time": "2025-03-25 23:11:59",
            "end_time": "2025-03-25 23:12:10",
            "cost_time": "11.19794 s"
        },
        "circuit_features": {
            "num_qubits": 2,
            "num_gates": 11,
            "depth": 8,
            "program_communication": 1.0,
            "critical_depth": 1.0,
            "entanglement_ratio": 0.09090909090909091,
            "parallelism": 0.375,
            "liveness": 0.75,
            "min_qubit_frequency": 5.3702,
            "max_qubit_frequency": 5.4707,
            "avg_qubit_frequency": 5.42045,
            "min_readout_frequency": null,
            "max_readout_frequency": null,
            "avg_readout_frequency": null,
            "min_readoutError": 2.56,
            "max_readoutError": 3.22,
            "avg_readoutError": 2.89,
            "min_singleQubit_gate_error": 0.32,
            "max_singleQubit_gate_error": 0.34,
            "avg_singleQubit_gate_error": 0.33,
            "min_twoQubits_gate_error": 2.06,
            "max_twoQubits_gate_error": 2.06,
            "avg_twoQubits_gate_error": 2.06,
            "min_t1": 15.0164,
            "max_t1": 23.2062,
            "avg_t1": 19.1113,
            "min_t2": 3.1699,
            "max_t2": 4.9349,
            "avg_t2": 4.0524000000000004,
            "twoQubits_gate_error_accumulation": 2.06,
            "expected_fidelity": 0.8932093499433791,
            "idel_entropy": 0.5175658658907364,
            "idle_rate": 0.2926829268292683,
            "qubit_frequency_dict": {
                "36": 5.4707,
                "42": 5.3702
            },
            "readout_frequency_dict": {
                "36": null,
                "42": null
            },
            "readoutError_dict": {
                "36": 2.56,
                "42": 3.22
            },
            "singleQubit_gate_error_dict": {
                "36": 0.34,
                "42": 0.32
            },
            "twoQubits_gate_error_dict": {
                "0": {
                    "twoQubits": [
                        42,
                        36
                    ],
                    "cz_error": 2.06
                }
            },
            "t1_dict": {
                "36": 15.0164,
                "42": 23.2062
            },
            "t2_dict": {
                "36": 3.1699,
                "42": 4.9349
            },
            "singleQubit_update_time": "2025-03-21 02:33:29",
            "readout_update_time": "2025-03-25 23:01:18",
            "twoQubitGate_update_time": "2025-03-25 08:46:36",
            "origin_circuit": "X2P Q0\nRZ Q0 0\nX2M Q0\nRZ Q0 3.14159265\nY2P Q0\nY2M Q1\nRZ Q1 1.5707965\nY2P Q1\nCZ Q1 Q0\nRZ Q0 3.14159265\nY2P Q0\nM Q0\nM Q1",
            "layout": [
                36,
                42
            ],
            "transpiled_circit": "X2P Q36\nRZ Q36 0\nX2M Q36\nRZ Q36 3.14159265\nY2P Q36\nY2M Q42\nRZ Q42 1.5707965\nY2P Q42\nCZ Q42 Q36\nRZ Q36 3.14159265\nY2P Q36\nM Q36\nM Q42"
        }
    }
}