{
    "transpiled_randomCircuit_2qubit_0": {
        "run_config": {
            "machine_time": "tianyan176-2",
            "repeat": 1,
            "shots": 8000,
            "layout": [
                28,
                34
            ],
            "layout_id": 56,
            "expected_fidelity": 0.7314331869194558,
            "real_fidelity": 0.8511389695392583,
            "begin_time": "2025-03-25 22:58:28",
            "end_time": "2025-03-25 22:58:39",
            "cost_time": "11.166685 s"
        },
        "circuit_features": {
            "num_qubits": 2,
            "num_gates": 11,
            "depth": 8,
            "program_communication": 1.0,
            "critical_depth": 1.0,
            "entanglement_ratio": 0.09090909090909091,
            "parallelism": 0.375,
            "liveness": 0.75,
            "min_qubit_frequency": 5.0471,
            "max_qubit_frequency": 5.2429,
            "avg_qubit_frequency": 5.145,
            "min_readout_frequency": null,
            "max_readout_frequency": null,
            "avg_readout_frequency": null,
            "min_readoutError": 10.9,
            "max_readoutError": 14.13,
            "avg_readoutError": 12.515,
            "min_singleQubit_gate_error": 0.12,
            "max_singleQubit_gate_error": 0.29,
            "avg_singleQubit_gate_error": 0.205,
            "min_twoQubits_gate_error": 2.75,
            "max_twoQubits_gate_error": 2.75,
            "avg_twoQubits_gate_error": 2.75,
            "min_t1": 18.4965,
            "max_t1": 39.9207,
            "avg_t1": 29.208599999999997,
            "min_t2": 0.9374,
            "max_t2": 2.2739,
            "avg_t2": 1.6056499999999998,
            "twoQubits_gate_error_accumulation": 2.75,
            "expected_fidelity": 0.7314331869194558,
            "idel_entropy": 0.5175658658907364,
            "idle_rate": 0.2926829268292683,
            "qubit_frequency_dict": {
                "28": 5.2429,
                "34": 5.0471
            },
            "readout_frequency_dict": {
                "28": null,
                "34": null
            },
            "readoutError_dict": {
                "28": 10.9,
                "34": 14.13
            },
            "singleQubit_gate_error_dict": {
                "28": 0.12,
                "34": 0.29
            },
            "twoQubits_gate_error_dict": {
                "0": {
                    "twoQubits": [
                        34,
                        28
                    ],
                    "cz_error": 2.75
                }
            },
            "t1_dict": {
                "28": 39.9207,
                "34": 18.4965
            },
            "t2_dict": {
                "28": 2.2739,
                "34": 0.9374
            },
            "singleQubit_update_time": "2025-03-21 02:33:29",
            "readout_update_time": "2025-03-25 22:31:14",
            "twoQubitGate_update_time": "2025-03-25 08:46:36",
            "origin_circuit": "X2P Q0\nRZ Q0 0\nX2M Q0\nRZ Q0 3.14159265\nY2P Q0\nY2M Q1\nRZ Q1 1.5707965\nY2P Q1\nCZ Q1 Q0\nRZ Q0 3.14159265\nY2P Q0\nM Q0\nM Q1",
            "layout": [
                28,
                34
            ],
            "transpiled_circit": "X2P Q28\nRZ Q28 0\nX2M Q28\nRZ Q28 3.14159265\nY2P Q28\nY2M Q34\nRZ Q34 1.5707965\nY2P Q34\nCZ Q34 Q28\nRZ Q28 3.14159265\nY2P Q28\nM Q28\nM Q34"
        }
    }
}