{
    "transpiled_randomCircuit_2qubit_0": {
        "run_config": {
            "machine_time": "tianyan176-2",
            "repeat": 1,
            "shots": 8000,
            "layout": [
                12,
                19
            ],
            "layout_id": 107,
            "expected_fidelity": 0.8984105014563575,
            "real_fidelity": 0.9173572403742131,
            "begin_time": "2025-03-25 23:10:24",
            "end_time": "2025-03-25 23:10:36",
            "cost_time": "12.94556 s"
        },
        "circuit_features": {
            "num_qubits": 2,
            "num_gates": 11,
            "depth": 8,
            "program_communication": 1.0,
            "critical_depth": 1.0,
            "entanglement_ratio": 0.09090909090909091,
            "parallelism": 0.375,
            "liveness": 0.75,
            "min_qubit_frequency": 5.4547,
            "max_qubit_frequency": 5.5417,
            "avg_qubit_frequency": 5.4982,
            "min_readout_frequency": null,
            "max_readout_frequency": null,
            "avg_readout_frequency": null,
            "min_readoutError": 1.54,
            "max_readoutError": 3.22,
            "avg_readoutError": 2.38,
            "min_singleQubit_gate_error": 0.39,
            "max_singleQubit_gate_error": 0.51,
            "avg_singleQubit_gate_error": 0.45,
            "min_twoQubits_gate_error": 1.13,
            "max_twoQubits_gate_error": 1.13,
            "avg_twoQubits_gate_error": 1.13,
            "min_t1": 13.3829,
            "max_t1": 33.3492,
            "avg_t1": 23.36605,
            "min_t2": 3.2493,
            "max_t2": 3.4857,
            "avg_t2": 3.3674999999999997,
            "twoQubits_gate_error_accumulation": 1.13,
            "expected_fidelity": 0.8984105014563575,
            "idel_entropy": 0.5175658658907364,
            "idle_rate": 0.2926829268292683,
            "qubit_frequency_dict": {
                "12": 5.5417,
                "19": 5.4547
            },
            "readout_frequency_dict": {
                "12": null,
                "19": null
            },
            "readoutError_dict": {
                "12": 3.22,
                "19": 1.54
            },
            "singleQubit_gate_error_dict": {
                "12": 0.51,
                "19": 0.39
            },
            "twoQubits_gate_error_dict": {
                "0": {
                    "twoQubits": [
                        19,
                        12
                    ],
                    "cz_error": 1.13
                }
            },
            "t1_dict": {
                "12": 13.3829,
                "19": 33.3492
            },
            "t2_dict": {
                "12": 3.2493,
                "19": 3.4857
            },
            "singleQubit_update_time": "2025-03-21 02:33:29",
            "readout_update_time": "2025-03-25 23:01:18",
            "twoQubitGate_update_time": "2025-03-25 08:46:36",
            "origin_circuit": "X2P Q0\nRZ Q0 0\nX2M Q0\nRZ Q0 3.14159265\nY2P Q0\nY2M Q1\nRZ Q1 1.5707965\nY2P Q1\nCZ Q1 Q0\nRZ Q0 3.14159265\nY2P Q0\nM Q0\nM Q1",
            "layout": [
                12,
                19
            ],
            "transpiled_circit": "X2P Q12\nRZ Q12 0\nX2M Q12\nRZ Q12 3.14159265\nY2P Q12\nY2M Q19\nRZ Q19 1.5707965\nY2P Q19\nCZ Q19 Q12\nRZ Q12 3.14159265\nY2P Q12\nM Q12\nM Q19"
        }
    }
}