{
    "transpiled_randomCircuit_2qubit_0": {
        "run_config": {
            "machine_time": "tianyan176-2",
            "repeat": 1,
            "shots": 8000,
            "layout": [
                49,
                43
            ],
            "layout_id": 152,
            "expected_fidelity": 0.9344290709894703,
            "real_fidelity": 0.9517056594698166,
            "begin_time": "2025-03-25 23:19:16",
            "end_time": "2025-03-25 23:19:28",
            "cost_time": "11.9019 s"
        },
        "circuit_features": {
            "num_qubits": 2,
            "num_gates": 11,
            "depth": 8,
            "program_communication": 1.0,
            "critical_depth": 1.0,
            "entanglement_ratio": 0.09090909090909091,
            "parallelism": 0.375,
            "liveness": 0.75,
            "min_qubit_frequency": 5.4413,
            "max_qubit_frequency": 5.74,
            "avg_qubit_frequency": 5.59065,
            "min_readout_frequency": null,
            "max_readout_frequency": null,
            "avg_readout_frequency": null,
            "min_readoutError": 1.2,
            "max_readoutError": 2.29,
            "avg_readoutError": 1.745,
            "min_singleQubit_gate_error": 0.13,
            "max_singleQubit_gate_error": 0.26,
            "avg_singleQubit_gate_error": 0.195,
            "min_twoQubits_gate_error": 1.04,
            "max_twoQubits_gate_error": 1.04,
            "avg_twoQubits_gate_error": 1.04,
            "min_t1": 6.0438,
            "max_t1": 32.6303,
            "avg_t1": 19.337049999999998,
            "min_t2": 2.4432,
            "max_t2": 3.5214,
            "avg_t2": 2.9823,
            "twoQubits_gate_error_accumulation": 1.04,
            "expected_fidelity": 0.9344290709894703,
            "idel_entropy": 0.5175658658907364,
            "idle_rate": 0.2926829268292683,
            "qubit_frequency_dict": {
                "49": 5.74,
                "43": 5.4413
            },
            "readout_frequency_dict": {
                "49": null,
                "43": null
            },
            "readoutError_dict": {
                "49": 2.29,
                "43": 1.2
            },
            "singleQubit_gate_error_dict": {
                "49": 0.26,
                "43": 0.13
            },
            "twoQubits_gate_error_dict": {
                "0": {
                    "twoQubits": [
                        43,
                        49
                    ],
                    "cz_error": 1.04
                }
            },
            "t1_dict": {
                "49": 6.0438,
                "43": 32.6303
            },
            "t2_dict": {
                "49": 3.5214,
                "43": 2.4432
            },
            "singleQubit_update_time": "2025-03-21 02:33:29",
            "readout_update_time": "2025-03-25 23:01:18",
            "twoQubitGate_update_time": "2025-03-25 08:46:36",
            "origin_circuit": "X2P Q0\nRZ Q0 0\nX2M Q0\nRZ Q0 3.14159265\nY2P Q0\nY2M Q1\nRZ Q1 1.5707965\nY2P Q1\nCZ Q1 Q0\nRZ Q0 3.14159265\nY2P Q0\nM Q0\nM Q1",
            "layout": [
                49,
                43
            ],
            "transpiled_circit": "X2P Q49\nRZ Q49 0\nX2M Q49\nRZ Q49 3.14159265\nY2P Q49\nY2M Q43\nRZ Q43 1.5707965\nY2P Q43\nCZ Q43 Q49\nRZ Q49 3.14159265\nY2P Q49\nM Q49\nM Q43"
        }
    }
}