{
    "transpiled_randomCircuit_2qubit_0": {
        "run_config": {
            "machine_time": "tianyan176-2",
            "repeat": 1,
            "shots": 8000,
            "layout": [
                14,
                21
            ],
            "layout_id": 5,
            "expected_fidelity": 0.8316617075564099,
            "real_fidelity": 0.9030943975247981,
            "begin_time": "2025-03-25 22:47:14",
            "end_time": "2025-03-25 22:47:26",
            "cost_time": "11.95961 s"
        },
        "circuit_features": {
            "num_qubits": 2,
            "num_gates": 11,
            "depth": 8,
            "program_communication": 1.0,
            "critical_depth": 1.0,
            "entanglement_ratio": 0.09090909090909091,
            "parallelism": 0.375,
            "liveness": 0.75,
            "min_qubit_frequency": 5.1414,
            "max_qubit_frequency": 5.4505,
            "avg_qubit_frequency": 5.2959499999999995,
            "min_readout_frequency": null,
            "max_readout_frequency": null,
            "avg_readout_frequency": null,
            "min_readoutError": 2.12,
            "max_readoutError": 8.06,
            "avg_readoutError": 5.09,
            "min_singleQubit_gate_error": 0.08,
            "max_singleQubit_gate_error": 0.98,
            "avg_singleQubit_gate_error": 0.53,
            "min_twoQubits_gate_error": 0.75,
            "max_twoQubits_gate_error": 0.75,
            "avg_twoQubits_gate_error": 0.75,
            "min_t1": 24.4302,
            "max_t1": 42.5285,
            "avg_t1": 33.47935,
            "min_t2": 2.5943,
            "max_t2": 3.6913,
            "avg_t2": 3.1428000000000003,
            "twoQubits_gate_error_accumulation": 0.75,
            "expected_fidelity": 0.8316617075564099,
            "idel_entropy": 0.5175658658907364,
            "idle_rate": 0.2926829268292683,
            "qubit_frequency_dict": {
                "14": 5.4505,
                "21": 5.1414
            },
            "readout_frequency_dict": {
                "14": null,
                "21": null
            },
            "readoutError_dict": {
                "14": 8.06,
                "21": 2.12
            },
            "singleQubit_gate_error_dict": {
                "14": 0.98,
                "21": 0.08
            },
            "twoQubits_gate_error_dict": {
                "0": {
                    "twoQubits": [
                        21,
                        14
                    ],
                    "cz_error": 0.75
                }
            },
            "t1_dict": {
                "14": 24.4302,
                "21": 42.5285
            },
            "t2_dict": {
                "14": 3.6913,
                "21": 2.5943
            },
            "singleQubit_update_time": "2025-03-21 02:33:29",
            "readout_update_time": "2025-03-25 22:31:14",
            "twoQubitGate_update_time": "2025-03-25 08:46:36",
            "origin_circuit": "X2P Q0\nRZ Q0 0\nX2M Q0\nRZ Q0 3.14159265\nY2P Q0\nY2M Q1\nRZ Q1 1.5707965\nY2P Q1\nCZ Q1 Q0\nRZ Q0 3.14159265\nY2P Q0\nM Q0\nM Q1",
            "layout": [
                14,
                21
            ],
            "transpiled_circit": "X2P Q14\nRZ Q14 0\nX2M Q14\nRZ Q14 3.14159265\nY2P Q14\nY2M Q21\nRZ Q21 1.5707965\nY2P Q21\nCZ Q21 Q14\nRZ Q14 3.14159265\nY2P Q14\nM Q14\nM Q21"
        }
    }
}