{
    "transpiled_randomCircuit_2qubit_0": {
        "run_config": {
            "machine_time": "tianyan176-2",
            "repeat": 1,
            "shots": 8000,
            "layout": [
                40,
                47
            ],
            "layout_id": 106,
            "expected_fidelity": 0.915466018173126,
            "real_fidelity": 0.9358681664063577,
            "begin_time": "2025-03-25 23:10:12",
            "end_time": "2025-03-25 23:10:23",
            "cost_time": "10.820035 s"
        },
        "circuit_features": {
            "num_qubits": 2,
            "num_gates": 11,
            "depth": 8,
            "program_communication": 1.0,
            "critical_depth": 1.0,
            "entanglement_ratio": 0.09090909090909091,
            "parallelism": 0.375,
            "liveness": 0.75,
            "min_qubit_frequency": 5.4419,
            "max_qubit_frequency": 5.4909,
            "avg_qubit_frequency": 5.4664,
            "min_readout_frequency": null,
            "max_readout_frequency": null,
            "avg_readout_frequency": null,
            "min_readoutError": 2.31,
            "max_readoutError": 3.22,
            "avg_readoutError": 2.765,
            "min_singleQubit_gate_error": 0.15,
            "max_singleQubit_gate_error": 0.24,
            "avg_singleQubit_gate_error": 0.195,
            "min_twoQubits_gate_error": 1.44,
            "max_twoQubits_gate_error": 1.44,
            "avg_twoQubits_gate_error": 1.44,
            "min_t1": 12.1295,
            "max_t1": 15.3278,
            "avg_t1": 13.72865,
            "min_t2": 4.892,
            "max_t2": 6.2453,
            "avg_t2": 5.56865,
            "twoQubits_gate_error_accumulation": 1.44,
            "expected_fidelity": 0.915466018173126,
            "idel_entropy": 0.5175658658907364,
            "idle_rate": 0.2926829268292683,
            "qubit_frequency_dict": {
                "40": 5.4909,
                "47": 5.4419
            },
            "readout_frequency_dict": {
                "40": null,
                "47": null
            },
            "readoutError_dict": {
                "40": 2.31,
                "47": 3.22
            },
            "singleQubit_gate_error_dict": {
                "40": 0.15,
                "47": 0.24
            },
            "twoQubits_gate_error_dict": {
                "0": {
                    "twoQubits": [
                        47,
                        40
                    ],
                    "cz_error": 1.44
                }
            },
            "t1_dict": {
                "40": 15.3278,
                "47": 12.1295
            },
            "t2_dict": {
                "40": 4.892,
                "47": 6.2453
            },
            "singleQubit_update_time": "2025-03-21 02:33:29",
            "readout_update_time": "2025-03-25 23:01:18",
            "twoQubitGate_update_time": "2025-03-25 08:46:36",
            "origin_circuit": "X2P Q0\nRZ Q0 0\nX2M Q0\nRZ Q0 3.14159265\nY2P Q0\nY2M Q1\nRZ Q1 1.5707965\nY2P Q1\nCZ Q1 Q0\nRZ Q0 3.14159265\nY2P Q0\nM Q0\nM Q1",
            "layout": [
                40,
                47
            ],
            "transpiled_circit": "X2P Q40\nRZ Q40 0\nX2M Q40\nRZ Q40 3.14159265\nY2P Q40\nY2M Q47\nRZ Q47 1.5707965\nY2P Q47\nCZ Q47 Q40\nRZ Q40 3.14159265\nY2P Q40\nM Q40\nM Q47"
        }
    }
}