{
    "transpiled_randomCircuit_2qubit_0": {
        "run_config": {
            "machine_time": "tianyan176-2",
            "repeat": 1,
            "shots": 8000,
            "layout": [
                51,
                58
            ],
            "layout_id": 163,
            "expected_fidelity": 0.950282323270808,
            "real_fidelity": 0.9558534407595664,
            "begin_time": "2025-03-25 23:21:24",
            "end_time": "2025-03-25 23:21:37",
            "cost_time": "12.977903 s"
        },
        "circuit_features": {
            "num_qubits": 2,
            "num_gates": 11,
            "depth": 8,
            "program_communication": 1.0,
            "critical_depth": 1.0,
            "entanglement_ratio": 0.09090909090909091,
            "parallelism": 0.375,
            "liveness": 0.75,
            "min_qubit_frequency": 5.3877,
            "max_qubit_frequency": 5.4556,
            "avg_qubit_frequency": 5.42165,
            "min_readout_frequency": null,
            "max_readout_frequency": null,
            "avg_readout_frequency": null,
            "min_readoutError": 1.03,
            "max_readoutError": 1.2,
            "avg_readoutError": 1.115,
            "min_singleQubit_gate_error": 0.17,
            "max_singleQubit_gate_error": 0.21,
            "avg_singleQubit_gate_error": 0.19,
            "min_twoQubits_gate_error": 1.03,
            "max_twoQubits_gate_error": 1.03,
            "avg_twoQubits_gate_error": 1.03,
            "min_t1": 12.8438,
            "max_t1": 28.9975,
            "avg_t1": 20.92065,
            "min_t2": 3.7232,
            "max_t2": 4.6743,
            "avg_t2": 4.1987499999999995,
            "twoQubits_gate_error_accumulation": 1.03,
            "expected_fidelity": 0.950282323270808,
            "idel_entropy": 0.5175658658907364,
            "idle_rate": 0.2926829268292683,
            "qubit_frequency_dict": {
                "51": 5.3877,
                "58": 5.4556
            },
            "readout_frequency_dict": {
                "51": null,
                "58": null
            },
            "readoutError_dict": {
                "51": 1.03,
                "58": 1.2
            },
            "singleQubit_gate_error_dict": {
                "51": 0.17,
                "58": 0.21
            },
            "twoQubits_gate_error_dict": {
                "0": {
                    "twoQubits": [
                        58,
                        51
                    ],
                    "cz_error": 1.03
                }
            },
            "t1_dict": {
                "51": 28.9975,
                "58": 12.8438
            },
            "t2_dict": {
                "51": 3.7232,
                "58": 4.6743
            },
            "singleQubit_update_time": "2025-03-21 02:33:29",
            "readout_update_time": "2025-03-25 23:01:18",
            "twoQubitGate_update_time": "2025-03-25 08:46:36",
            "origin_circuit": "X2P Q0\nRZ Q0 0\nX2M Q0\nRZ Q0 3.14159265\nY2P Q0\nY2M Q1\nRZ Q1 1.5707965\nY2P Q1\nCZ Q1 Q0\nRZ Q0 3.14159265\nY2P Q0\nM Q0\nM Q1",
            "layout": [
                51,
                58
            ],
            "transpiled_circit": "X2P Q51\nRZ Q51 0\nX2M Q51\nRZ Q51 3.14159265\nY2P Q51\nY2M Q58\nRZ Q58 1.5707965\nY2P Q58\nCZ Q58 Q51\nRZ Q51 3.14159265\nY2P Q51\nM Q51\nM Q58"
        }
    }
}