{
    "transpiled_randomCircuit_2qubit_0": {
        "run_config": {
            "machine_time": "tianyan176-2",
            "repeat": 1,
            "shots": 8000,
            "layout": [
                58,
                63
            ],
            "layout_id": 173,
            "expected_fidelity": 0.7899709637908882,
            "real_fidelity": 0.8369219561200805,
            "begin_time": "2025-03-25 23:23:28",
            "end_time": "2025-03-25 23:23:39",
            "cost_time": "11.201858 s"
        },
        "circuit_features": {
            "num_qubits": 2,
            "num_gates": 11,
            "depth": 8,
            "program_communication": 1.0,
            "critical_depth": 1.0,
            "entanglement_ratio": 0.09090909090909091,
            "parallelism": 0.375,
            "liveness": 0.75,
            "min_qubit_frequency": 5.133,
            "max_qubit_frequency": 5.4556,
            "avg_qubit_frequency": 5.2943,
            "min_readout_frequency": null,
            "max_readout_frequency": null,
            "avg_readout_frequency": null,
            "min_readoutError": 1.2,
            "max_readoutError": 17.55,
            "avg_readoutError": 9.375,
            "min_singleQubit_gate_error": 0.08,
            "max_singleQubit_gate_error": 0.21,
            "avg_singleQubit_gate_error": 0.145,
            "min_twoQubits_gate_error": 1.35,
            "max_twoQubits_gate_error": 1.35,
            "avg_twoQubits_gate_error": 1.35,
            "min_t1": 12.8438,
            "max_t1": 19.8057,
            "avg_t1": 16.32475,
            "min_t2": 1.8917,
            "max_t2": 4.6743,
            "avg_t2": 3.283,
            "twoQubits_gate_error_accumulation": 1.35,
            "expected_fidelity": 0.7899709637908882,
            "idel_entropy": 0.5175658658907364,
            "idle_rate": 0.2926829268292683,
            "qubit_frequency_dict": {
                "58": 5.4556,
                "63": 5.133
            },
            "readout_frequency_dict": {
                "58": null,
                "63": null
            },
            "readoutError_dict": {
                "58": 1.2,
                "63": 17.55
            },
            "singleQubit_gate_error_dict": {
                "58": 0.21,
                "63": 0.08
            },
            "twoQubits_gate_error_dict": {
                "0": {
                    "twoQubits": [
                        63,
                        58
                    ],
                    "cz_error": 1.35
                }
            },
            "t1_dict": {
                "58": 12.8438,
                "63": 19.8057
            },
            "t2_dict": {
                "58": 4.6743,
                "63": 1.8917
            },
            "singleQubit_update_time": "2025-03-21 02:33:29",
            "readout_update_time": "2025-03-25 23:01:18",
            "twoQubitGate_update_time": "2025-03-25 08:46:36",
            "origin_circuit": "X2P Q0\nRZ Q0 0\nX2M Q0\nRZ Q0 3.14159265\nY2P Q0\nY2M Q1\nRZ Q1 1.5707965\nY2P Q1\nCZ Q1 Q0\nRZ Q0 3.14159265\nY2P Q0\nM Q0\nM Q1",
            "layout": [
                58,
                63
            ],
            "transpiled_circit": "X2P Q58\nRZ Q58 0\nX2M Q58\nRZ Q58 3.14159265\nY2P Q58\nY2M Q63\nRZ Q63 1.5707965\nY2P Q63\nCZ Q63 Q58\nRZ Q58 3.14159265\nY2P Q58\nM Q58\nM Q63"
        }
    }
}