{
    "transpiled_randomCircuit_2qubit_0": {
        "run_config": {
            "machine_time": "tianyan176-2",
            "repeat": 1,
            "shots": 8000,
            "layout": [
                10,
                16
            ],
            "layout_id": 18,
            "expected_fidelity": 0.8994424720201901,
            "real_fidelity": 0.9395524227411944,
            "begin_time": "2025-03-25 22:49:53",
            "end_time": "2025-03-25 22:50:06",
            "cost_time": "13.022112 s"
        },
        "circuit_features": {
            "num_qubits": 2,
            "num_gates": 11,
            "depth": 8,
            "program_communication": 1.0,
            "critical_depth": 1.0,
            "entanglement_ratio": 0.09090909090909091,
            "parallelism": 0.375,
            "liveness": 0.75,
            "min_qubit_frequency": 5.1519,
            "max_qubit_frequency": 5.4411,
            "avg_qubit_frequency": 5.2965,
            "min_readout_frequency": null,
            "max_readout_frequency": null,
            "avg_readout_frequency": null,
            "min_readoutError": 2.95,
            "max_readoutError": 4.57,
            "avg_readoutError": 3.7600000000000002,
            "min_singleQubit_gate_error": 0.15,
            "max_singleQubit_gate_error": 0.23,
            "avg_singleQubit_gate_error": 0.19,
            "min_twoQubits_gate_error": 0.86,
            "max_twoQubits_gate_error": 0.86,
            "avg_twoQubits_gate_error": 0.86,
            "min_t1": 13.582,
            "max_t1": 21.0104,
            "avg_t1": 17.2962,
            "min_t2": 1.9735,
            "max_t2": 5.0056,
            "avg_t2": 3.4895500000000004,
            "twoQubits_gate_error_accumulation": 0.86,
            "expected_fidelity": 0.8994424720201901,
            "idel_entropy": 0.5175658658907364,
            "idle_rate": 0.2926829268292683,
            "qubit_frequency_dict": {
                "10": 5.4411,
                "16": 5.1519
            },
            "readout_frequency_dict": {
                "10": null,
                "16": null
            },
            "readoutError_dict": {
                "10": 4.57,
                "16": 2.95
            },
            "singleQubit_gate_error_dict": {
                "10": 0.23,
                "16": 0.15
            },
            "twoQubits_gate_error_dict": {
                "0": {
                    "twoQubits": [
                        16,
                        10
                    ],
                    "cz_error": 0.86
                }
            },
            "t1_dict": {
                "10": 13.582,
                "16": 21.0104
            },
            "t2_dict": {
                "10": 5.0056,
                "16": 1.9735
            },
            "singleQubit_update_time": "2025-03-21 02:33:29",
            "readout_update_time": "2025-03-25 22:31:14",
            "twoQubitGate_update_time": "2025-03-25 08:46:36",
            "origin_circuit": "X2P Q0\nRZ Q0 0\nX2M Q0\nRZ Q0 3.14159265\nY2P Q0\nY2M Q1\nRZ Q1 1.5707965\nY2P Q1\nCZ Q1 Q0\nRZ Q0 3.14159265\nY2P Q0\nM Q0\nM Q1",
            "layout": [
                10,
                16
            ],
            "transpiled_circit": "X2P Q10\nRZ Q10 0\nX2M Q10\nRZ Q10 3.14159265\nY2P Q10\nY2M Q16\nRZ Q16 1.5707965\nY2P Q16\nCZ Q16 Q10\nRZ Q10 3.14159265\nY2P Q10\nM Q10\nM Q16"
        }
    }
}