{
    "transpiled_randomCircuit_2qubit_0": {
        "run_config": {
            "machine_time": "tianyan176-2",
            "repeat": 1,
            "shots": 8000,
            "layout": [
                8,
                2
            ],
            "layout_id": 25,
            "expected_fidelity": 0.9180841264173256,
            "real_fidelity": 0.9555403143294133,
            "begin_time": "2025-03-25 22:51:21",
            "end_time": "2025-03-25 22:51:34",
            "cost_time": "13.251302 s"
        },
        "circuit_features": {
            "num_qubits": 2,
            "num_gates": 11,
            "depth": 8,
            "program_communication": 1.0,
            "critical_depth": 1.0,
            "entanglement_ratio": 0.09090909090909091,
            "parallelism": 0.375,
            "liveness": 0.75,
            "min_qubit_frequency": 5.2174,
            "max_qubit_frequency": 5.5705,
            "avg_qubit_frequency": 5.39395,
            "min_readout_frequency": null,
            "max_readout_frequency": null,
            "avg_readout_frequency": null,
            "min_readoutError": 1.35,
            "max_readoutError": 2.22,
            "avg_readoutError": 1.7850000000000001,
            "min_singleQubit_gate_error": 0.16,
            "max_singleQubit_gate_error": 0.48,
            "avg_singleQubit_gate_error": 0.32,
            "min_twoQubits_gate_error": 2.35,
            "max_twoQubits_gate_error": 2.35,
            "avg_twoQubits_gate_error": 2.35,
            "min_t1": 21.194,
            "max_t1": 24.9775,
            "avg_t1": 23.085749999999997,
            "min_t2": 2.0827,
            "max_t2": 4.4089,
            "avg_t2": 3.2458,
            "twoQubits_gate_error_accumulation": 2.35,
            "expected_fidelity": 0.9180841264173256,
            "idel_entropy": 0.5175658658907364,
            "idle_rate": 0.2926829268292683,
            "qubit_frequency_dict": {
                "8": 5.5705,
                "2": 5.2174
            },
            "readout_frequency_dict": {
                "8": null,
                "2": null
            },
            "readoutError_dict": {
                "8": 1.35,
                "2": 2.22
            },
            "singleQubit_gate_error_dict": {
                "8": 0.16,
                "2": 0.48
            },
            "twoQubits_gate_error_dict": {
                "0": {
                    "twoQubits": [
                        2,
                        8
                    ],
                    "cz_error": 2.35
                }
            },
            "t1_dict": {
                "8": 21.194,
                "2": 24.9775
            },
            "t2_dict": {
                "8": 4.4089,
                "2": 2.0827
            },
            "singleQubit_update_time": "2025-03-21 02:33:29",
            "readout_update_time": "2025-03-25 22:31:14",
            "twoQubitGate_update_time": "2025-03-25 08:46:36",
            "origin_circuit": "X2P Q0\nRZ Q0 0\nX2M Q0\nRZ Q0 3.14159265\nY2P Q0\nY2M Q1\nRZ Q1 1.5707965\nY2P Q1\nCZ Q1 Q0\nRZ Q0 3.14159265\nY2P Q0\nM Q0\nM Q1",
            "layout": [
                8,
                2
            ],
            "transpiled_circit": "X2P Q8\nRZ Q8 0\nX2M Q8\nRZ Q8 3.14159265\nY2P Q8\nY2M Q2\nRZ Q2 1.5707965\nY2P Q2\nCZ Q2 Q8\nRZ Q8 3.14159265\nY2P Q8\nM Q8\nM Q2"
        }
    }
}