{
    "transpiled_randomCircuit_2qubit_0": {
        "run_config": {
            "machine_time": "tianyan176-2",
            "repeat": 1,
            "shots": 8000,
            "layout": [
                25,
                20
            ],
            "layout_id": 51,
            "expected_fidelity": 0.9055654591379427,
            "real_fidelity": 0.9456737478916659,
            "begin_time": "2025-03-25 22:57:24",
            "end_time": "2025-03-25 22:57:37",
            "cost_time": "13.483171 s"
        },
        "circuit_features": {
            "num_qubits": 2,
            "num_gates": 11,
            "depth": 8,
            "program_communication": 1.0,
            "critical_depth": 1.0,
            "entanglement_ratio": 0.09090909090909091,
            "parallelism": 0.375,
            "liveness": 0.75,
            "min_qubit_frequency": 5.3375,
            "max_qubit_frequency": 5.5602,
            "avg_qubit_frequency": 5.44885,
            "min_readout_frequency": null,
            "max_readout_frequency": null,
            "avg_readout_frequency": null,
            "min_readoutError": 1.3,
            "max_readoutError": 2.33,
            "avg_readoutError": 1.815,
            "min_singleQubit_gate_error": 0.15,
            "max_singleQubit_gate_error": 0.29,
            "avg_singleQubit_gate_error": 0.21999999999999997,
            "min_twoQubits_gate_error": 3.7,
            "max_twoQubits_gate_error": 3.7,
            "avg_twoQubits_gate_error": 3.7,
            "min_t1": 8.7069,
            "max_t1": 25.2821,
            "avg_t1": 16.9945,
            "min_t2": 3.3763,
            "max_t2": 4.0429,
            "avg_t2": 3.7096,
            "twoQubits_gate_error_accumulation": 3.7,
            "expected_fidelity": 0.9055654591379427,
            "idel_entropy": 0.5175658658907364,
            "idle_rate": 0.2926829268292683,
            "qubit_frequency_dict": {
                "25": 5.5602,
                "20": 5.3375
            },
            "readout_frequency_dict": {
                "25": null,
                "20": null
            },
            "readoutError_dict": {
                "25": 2.33,
                "20": 1.3
            },
            "singleQubit_gate_error_dict": {
                "25": 0.29,
                "20": 0.15
            },
            "twoQubits_gate_error_dict": {
                "0": {
                    "twoQubits": [
                        20,
                        25
                    ],
                    "cz_error": 3.7
                }
            },
            "t1_dict": {
                "25": 8.7069,
                "20": 25.2821
            },
            "t2_dict": {
                "25": 4.0429,
                "20": 3.3763
            },
            "singleQubit_update_time": "2025-03-21 02:33:29",
            "readout_update_time": "2025-03-25 22:31:14",
            "twoQubitGate_update_time": "2025-03-25 08:46:36",
            "origin_circuit": "X2P Q0\nRZ Q0 0\nX2M Q0\nRZ Q0 3.14159265\nY2P Q0\nY2M Q1\nRZ Q1 1.5707965\nY2P Q1\nCZ Q1 Q0\nRZ Q0 3.14159265\nY2P Q0\nM Q0\nM Q1",
            "layout": [
                25,
                20
            ],
            "transpiled_circit": "X2P Q25\nRZ Q25 0\nX2M Q25\nRZ Q25 3.14159265\nY2P Q25\nY2M Q20\nRZ Q20 1.5707965\nY2P Q20\nCZ Q20 Q25\nRZ Q25 3.14159265\nY2P Q25\nM Q25\nM Q20"
        }
    }
}