{
    "transpiled_randomCircuit_2qubit_0": {
        "run_config": {
            "machine_time": "tianyan176-2",
            "repeat": 1,
            "shots": 8000,
            "layout": [
                16,
                22
            ],
            "layout_id": 40,
            "expected_fidelity": 0.9051917817012698,
            "real_fidelity": 0.9262260689212803,
            "begin_time": "2025-03-25 22:55:06",
            "end_time": "2025-03-25 22:55:19",
            "cost_time": "13.102938 s"
        },
        "circuit_features": {
            "num_qubits": 2,
            "num_gates": 11,
            "depth": 8,
            "program_communication": 1.0,
            "critical_depth": 1.0,
            "entanglement_ratio": 0.09090909090909091,
            "parallelism": 0.375,
            "liveness": 0.75,
            "min_qubit_frequency": 5.1519,
            "max_qubit_frequency": 5.4211,
            "avg_qubit_frequency": 5.2865,
            "min_readout_frequency": null,
            "max_readout_frequency": null,
            "avg_readout_frequency": null,
            "min_readoutError": 2.95,
            "max_readoutError": 4.21,
            "avg_readoutError": 3.58,
            "min_singleQubit_gate_error": 0.15,
            "max_singleQubit_gate_error": 0.26,
            "avg_singleQubit_gate_error": 0.20500000000000002,
            "min_twoQubits_gate_error": 0.83,
            "max_twoQubits_gate_error": 0.83,
            "avg_twoQubits_gate_error": 0.83,
            "min_t1": 9.7787,
            "max_t1": 21.0104,
            "avg_t1": 15.39455,
            "min_t2": 1.4092,
            "max_t2": 1.9735,
            "avg_t2": 1.69135,
            "twoQubits_gate_error_accumulation": 0.83,
            "expected_fidelity": 0.9051917817012698,
            "idel_entropy": 0.5175658658907364,
            "idle_rate": 0.2926829268292683,
            "qubit_frequency_dict": {
                "16": 5.1519,
                "22": 5.4211
            },
            "readout_frequency_dict": {
                "16": null,
                "22": null
            },
            "readoutError_dict": {
                "16": 2.95,
                "22": 4.21
            },
            "singleQubit_gate_error_dict": {
                "16": 0.15,
                "22": 0.26
            },
            "twoQubits_gate_error_dict": {
                "0": {
                    "twoQubits": [
                        22,
                        16
                    ],
                    "cz_error": 0.83
                }
            },
            "t1_dict": {
                "16": 21.0104,
                "22": 9.7787
            },
            "t2_dict": {
                "16": 1.9735,
                "22": 1.4092
            },
            "singleQubit_update_time": "2025-03-21 02:33:29",
            "readout_update_time": "2025-03-25 22:31:14",
            "twoQubitGate_update_time": "2025-03-25 08:46:36",
            "origin_circuit": "X2P Q0\nRZ Q0 0\nX2M Q0\nRZ Q0 3.14159265\nY2P Q0\nY2M Q1\nRZ Q1 1.5707965\nY2P Q1\nCZ Q1 Q0\nRZ Q0 3.14159265\nY2P Q0\nM Q0\nM Q1",
            "layout": [
                16,
                22
            ],
            "transpiled_circit": "X2P Q16\nRZ Q16 0\nX2M Q16\nRZ Q16 3.14159265\nY2P Q16\nY2M Q22\nRZ Q22 1.5707965\nY2P Q22\nCZ Q22 Q16\nRZ Q16 3.14159265\nY2P Q16\nM Q16\nM Q22"
        }
    }
}