{
    "transpiled_randomCircuit_2qubit_0": {
        "run_config": {
            "machine_time": "tianyan176-2",
            "repeat": 1,
            "shots": 8000,
            "layout": [
                52,
                47
            ],
            "layout_id": 165,
            "expected_fidelity": 0.9237292776134154,
            "real_fidelity": 0.9231210942979117,
            "begin_time": "2025-03-25 23:21:51",
            "end_time": "2025-03-25 23:22:02",
            "cost_time": "10.78711 s"
        },
        "circuit_features": {
            "num_qubits": 2,
            "num_gates": 11,
            "depth": 8,
            "program_communication": 1.0,
            "critical_depth": 1.0,
            "entanglement_ratio": 0.09090909090909091,
            "parallelism": 0.375,
            "liveness": 0.75,
            "min_qubit_frequency": 5.3182,
            "max_qubit_frequency": 5.4419,
            "avg_qubit_frequency": 5.380050000000001,
            "min_readout_frequency": null,
            "max_readout_frequency": null,
            "avg_readout_frequency": null,
            "min_readoutError": 1.66,
            "max_readoutError": 3.22,
            "avg_readoutError": 2.44,
            "min_singleQubit_gate_error": 0.07,
            "max_singleQubit_gate_error": 0.24,
            "avg_singleQubit_gate_error": 0.155,
            "min_twoQubits_gate_error": 1.76,
            "max_twoQubits_gate_error": 1.76,
            "avg_twoQubits_gate_error": 1.76,
            "min_t1": 12.1295,
            "max_t1": 33.7964,
            "avg_t1": 22.96295,
            "min_t2": 3.432,
            "max_t2": 6.2453,
            "avg_t2": 4.83865,
            "twoQubits_gate_error_accumulation": 1.76,
            "expected_fidelity": 0.9237292776134154,
            "idel_entropy": 0.5175658658907364,
            "idle_rate": 0.2926829268292683,
            "qubit_frequency_dict": {
                "52": 5.3182,
                "47": 5.4419
            },
            "readout_frequency_dict": {
                "52": null,
                "47": null
            },
            "readoutError_dict": {
                "52": 1.66,
                "47": 3.22
            },
            "singleQubit_gate_error_dict": {
                "52": 0.07,
                "47": 0.24
            },
            "twoQubits_gate_error_dict": {
                "0": {
                    "twoQubits": [
                        47,
                        52
                    ],
                    "cz_error": 1.76
                }
            },
            "t1_dict": {
                "52": 33.7964,
                "47": 12.1295
            },
            "t2_dict": {
                "52": 3.432,
                "47": 6.2453
            },
            "singleQubit_update_time": "2025-03-21 02:33:29",
            "readout_update_time": "2025-03-25 23:01:18",
            "twoQubitGate_update_time": "2025-03-25 08:46:36",
            "origin_circuit": "X2P Q0\nRZ Q0 0\nX2M Q0\nRZ Q0 3.14159265\nY2P Q0\nY2M Q1\nRZ Q1 1.5707965\nY2P Q1\nCZ Q1 Q0\nRZ Q0 3.14159265\nY2P Q0\nM Q0\nM Q1",
            "layout": [
                52,
                47
            ],
            "transpiled_circit": "X2P Q52\nRZ Q52 0\nX2M Q52\nRZ Q52 3.14159265\nY2P Q52\nY2M Q47\nRZ Q47 1.5707965\nY2P Q47\nCZ Q47 Q52\nRZ Q52 3.14159265\nY2P Q52\nM Q52\nM Q47"
        }
    }
}