{
    "transpiled_randomCircuit_2qubit_0": {
        "run_config": {
            "machine_time": "tianyan176-2",
            "repeat": 1,
            "shots": 8000,
            "layout": [
                16,
                10
            ],
            "layout_id": 39,
            "expected_fidelity": 0.9023307947451354,
            "real_fidelity": 0.8944771274172424,
            "begin_time": "2025-03-25 22:54:54",
            "end_time": "2025-03-25 22:55:06",
            "cost_time": "11.35992 s"
        },
        "circuit_features": {
            "num_qubits": 2,
            "num_gates": 11,
            "depth": 8,
            "program_communication": 1.0,
            "critical_depth": 1.0,
            "entanglement_ratio": 0.09090909090909091,
            "parallelism": 0.375,
            "liveness": 0.75,
            "min_qubit_frequency": 5.1519,
            "max_qubit_frequency": 5.4411,
            "avg_qubit_frequency": 5.2965,
            "min_readout_frequency": null,
            "max_readout_frequency": null,
            "avg_readout_frequency": null,
            "min_readoutError": 2.95,
            "max_readoutError": 4.57,
            "avg_readoutError": 3.7600000000000002,
            "min_singleQubit_gate_error": 0.15,
            "max_singleQubit_gate_error": 0.23,
            "avg_singleQubit_gate_error": 0.19,
            "min_twoQubits_gate_error": 0.86,
            "max_twoQubits_gate_error": 0.86,
            "avg_twoQubits_gate_error": 0.86,
            "min_t1": 13.582,
            "max_t1": 21.0104,
            "avg_t1": 17.2962,
            "min_t2": 1.9735,
            "max_t2": 5.0056,
            "avg_t2": 3.4895500000000004,
            "twoQubits_gate_error_accumulation": 0.86,
            "expected_fidelity": 0.9023307947451354,
            "idel_entropy": 0.5175658658907364,
            "idle_rate": 0.2926829268292683,
            "qubit_frequency_dict": {
                "16": 5.1519,
                "10": 5.4411
            },
            "readout_frequency_dict": {
                "16": null,
                "10": null
            },
            "readoutError_dict": {
                "16": 2.95,
                "10": 4.57
            },
            "singleQubit_gate_error_dict": {
                "16": 0.15,
                "10": 0.23
            },
            "twoQubits_gate_error_dict": {
                "0": {
                    "twoQubits": [
                        10,
                        16
                    ],
                    "cz_error": 0.86
                }
            },
            "t1_dict": {
                "16": 21.0104,
                "10": 13.582
            },
            "t2_dict": {
                "16": 1.9735,
                "10": 5.0056
            },
            "singleQubit_update_time": "2025-03-21 02:33:29",
            "readout_update_time": "2025-03-25 22:31:14",
            "twoQubitGate_update_time": "2025-03-25 08:46:36",
            "origin_circuit": "X2P Q0\nRZ Q0 0\nX2M Q0\nRZ Q0 3.14159265\nY2P Q0\nY2M Q1\nRZ Q1 1.5707965\nY2P Q1\nCZ Q1 Q0\nRZ Q0 3.14159265\nY2P Q0\nM Q0\nM Q1",
            "layout": [
                16,
                10
            ],
            "transpiled_circit": "X2P Q16\nRZ Q16 0\nX2M Q16\nRZ Q16 3.14159265\nY2P Q16\nY2M Q10\nRZ Q10 1.5707965\nY2P Q10\nCZ Q10 Q16\nRZ Q16 3.14159265\nY2P Q16\nM Q16\nM Q10"
        }
    }
}