{
    "transpiled_randomCircuit_2qubit_0": {
        "run_config": {
            "machine_time": "tianyan176-2",
            "repeat": 1,
            "shots": 8000,
            "layout": [
                50,
                44
            ],
            "layout_id": 156,
            "expected_fidelity": 0.9477979754866217,
            "real_fidelity": 0.947508276555563,
            "begin_time": "2025-03-25 23:20:02",
            "end_time": "2025-03-25 23:20:13",
            "cost_time": "11.192676 s"
        },
        "circuit_features": {
            "num_qubits": 2,
            "num_gates": 11,
            "depth": 8,
            "program_communication": 1.0,
            "critical_depth": 1.0,
            "entanglement_ratio": 0.09090909090909091,
            "parallelism": 0.375,
            "liveness": 0.75,
            "min_qubit_frequency": 5.4592,
            "max_qubit_frequency": 5.5512,
            "avg_qubit_frequency": 5.5052,
            "min_readout_frequency": null,
            "max_readout_frequency": null,
            "avg_readout_frequency": null,
            "min_readoutError": 0.92,
            "max_readoutError": 1.67,
            "avg_readoutError": 1.295,
            "min_singleQubit_gate_error": 0.1,
            "max_singleQubit_gate_error": 0.16,
            "avg_singleQubit_gate_error": 0.13,
            "min_twoQubits_gate_error": 1.56,
            "max_twoQubits_gate_error": 1.56,
            "avg_twoQubits_gate_error": 1.56,
            "min_t1": 19.2536,
            "max_t1": 23.4787,
            "avg_t1": 21.366149999999998,
            "min_t2": 3.5204,
            "max_t2": 5.403,
            "avg_t2": 4.4616999999999996,
            "twoQubits_gate_error_accumulation": 1.56,
            "expected_fidelity": 0.9477979754866217,
            "idel_entropy": 0.5175658658907364,
            "idle_rate": 0.2926829268292683,
            "qubit_frequency_dict": {
                "50": 5.5512,
                "44": 5.4592
            },
            "readout_frequency_dict": {
                "50": null,
                "44": null
            },
            "readoutError_dict": {
                "50": 0.92,
                "44": 1.67
            },
            "singleQubit_gate_error_dict": {
                "50": 0.1,
                "44": 0.16
            },
            "twoQubits_gate_error_dict": {
                "0": {
                    "twoQubits": [
                        44,
                        50
                    ],
                    "cz_error": 1.56
                }
            },
            "t1_dict": {
                "50": 19.2536,
                "44": 23.4787
            },
            "t2_dict": {
                "50": 5.403,
                "44": 3.5204
            },
            "singleQubit_update_time": "2025-03-21 02:33:29",
            "readout_update_time": "2025-03-25 23:01:18",
            "twoQubitGate_update_time": "2025-03-25 08:46:36",
            "origin_circuit": "X2P Q0\nRZ Q0 0\nX2M Q0\nRZ Q0 3.14159265\nY2P Q0\nY2M Q1\nRZ Q1 1.5707965\nY2P Q1\nCZ Q1 Q0\nRZ Q0 3.14159265\nY2P Q0\nM Q0\nM Q1",
            "layout": [
                50,
                44
            ],
            "transpiled_circit": "X2P Q50\nRZ Q50 0\nX2M Q50\nRZ Q50 3.14159265\nY2P Q50\nY2M Q44\nRZ Q44 1.5707965\nY2P Q44\nCZ Q44 Q50\nRZ Q50 3.14159265\nY2P Q50\nM Q50\nM Q44"
        }
    }
}