{
    "transpiled_randomCircuit_2qubit_0": {
        "run_config": {
            "machine_time": "tianyan176-2",
            "repeat": 1,
            "shots": 8000,
            "layout": [
                49,
                44
            ],
            "layout_id": 153,
            "expected_fidelity": 0.9287705248547969,
            "real_fidelity": 0.9528608207418189,
            "begin_time": "2025-03-25 23:19:28",
            "end_time": "2025-03-25 23:19:39",
            "cost_time": "10.791298 s"
        },
        "circuit_features": {
            "num_qubits": 2,
            "num_gates": 11,
            "depth": 8,
            "program_communication": 1.0,
            "critical_depth": 1.0,
            "entanglement_ratio": 0.09090909090909091,
            "parallelism": 0.375,
            "liveness": 0.75,
            "min_qubit_frequency": 5.4592,
            "max_qubit_frequency": 5.74,
            "avg_qubit_frequency": 5.599600000000001,
            "min_readout_frequency": null,
            "max_readout_frequency": null,
            "avg_readout_frequency": null,
            "min_readoutError": 1.67,
            "max_readoutError": 2.29,
            "avg_readoutError": 1.98,
            "min_singleQubit_gate_error": 0.16,
            "max_singleQubit_gate_error": 0.26,
            "avg_singleQubit_gate_error": 0.21000000000000002,
            "min_twoQubits_gate_error": 1.08,
            "max_twoQubits_gate_error": 1.08,
            "avg_twoQubits_gate_error": 1.08,
            "min_t1": 6.0438,
            "max_t1": 23.4787,
            "avg_t1": 14.76125,
            "min_t2": 3.5204,
            "max_t2": 3.5214,
            "avg_t2": 3.5209,
            "twoQubits_gate_error_accumulation": 1.08,
            "expected_fidelity": 0.9287705248547969,
            "idel_entropy": 0.5175658658907364,
            "idle_rate": 0.2926829268292683,
            "qubit_frequency_dict": {
                "49": 5.74,
                "44": 5.4592
            },
            "readout_frequency_dict": {
                "49": null,
                "44": null
            },
            "readoutError_dict": {
                "49": 2.29,
                "44": 1.67
            },
            "singleQubit_gate_error_dict": {
                "49": 0.26,
                "44": 0.16
            },
            "twoQubits_gate_error_dict": {
                "0": {
                    "twoQubits": [
                        44,
                        49
                    ],
                    "cz_error": 1.08
                }
            },
            "t1_dict": {
                "49": 6.0438,
                "44": 23.4787
            },
            "t2_dict": {
                "49": 3.5214,
                "44": 3.5204
            },
            "singleQubit_update_time": "2025-03-21 02:33:29",
            "readout_update_time": "2025-03-25 23:01:18",
            "twoQubitGate_update_time": "2025-03-25 08:46:36",
            "origin_circuit": "X2P Q0\nRZ Q0 0\nX2M Q0\nRZ Q0 3.14159265\nY2P Q0\nY2M Q1\nRZ Q1 1.5707965\nY2P Q1\nCZ Q1 Q0\nRZ Q0 3.14159265\nY2P Q0\nM Q0\nM Q1",
            "layout": [
                49,
                44
            ],
            "transpiled_circit": "X2P Q49\nRZ Q49 0\nX2M Q49\nRZ Q49 3.14159265\nY2P Q49\nY2M Q44\nRZ Q44 1.5707965\nY2P Q44\nCZ Q44 Q49\nRZ Q49 3.14159265\nY2P Q49\nM Q49\nM Q44"
        }
    }
}