{
    "transpiled_randomCircuit_2qubit_0": {
        "run_config": {
            "machine_time": "tianyan176-2",
            "repeat": 1,
            "shots": 8000,
            "layout": [
                38,
                32
            ],
            "layout_id": 99,
            "expected_fidelity": 0.9067716246825993,
            "real_fidelity": 0.9305501424570216,
            "begin_time": "2025-03-25 23:08:47",
            "end_time": "2025-03-25 23:08:58",
            "cost_time": "10.849501 s"
        },
        "circuit_features": {
            "num_qubits": 2,
            "num_gates": 11,
            "depth": 8,
            "program_communication": 1.0,
            "critical_depth": 1.0,
            "entanglement_ratio": 0.09090909090909091,
            "parallelism": 0.375,
            "liveness": 0.75,
            "min_qubit_frequency": 5.1769,
            "max_qubit_frequency": 5.316,
            "avg_qubit_frequency": 5.246449999999999,
            "min_readout_frequency": null,
            "max_readout_frequency": null,
            "avg_readout_frequency": null,
            "min_readoutError": 3.48,
            "max_readoutError": 3.68,
            "avg_readoutError": 3.58,
            "min_singleQubit_gate_error": 0.16,
            "max_singleQubit_gate_error": 0.17,
            "avg_singleQubit_gate_error": 0.165,
            "min_twoQubits_gate_error": 0.86,
            "max_twoQubits_gate_error": 0.86,
            "avg_twoQubits_gate_error": 0.86,
            "min_t1": 30.0228,
            "max_t1": 42.5819,
            "avg_t1": 36.30235,
            "min_t2": 1.8213,
            "max_t2": 2.815,
            "avg_t2": 2.31815,
            "twoQubits_gate_error_accumulation": 0.86,
            "expected_fidelity": 0.9067716246825993,
            "idel_entropy": 0.5175658658907364,
            "idle_rate": 0.2926829268292683,
            "qubit_frequency_dict": {
                "38": 5.1769,
                "32": 5.316
            },
            "readout_frequency_dict": {
                "38": null,
                "32": null
            },
            "readoutError_dict": {
                "38": 3.48,
                "32": 3.68
            },
            "singleQubit_gate_error_dict": {
                "38": 0.16,
                "32": 0.17
            },
            "twoQubits_gate_error_dict": {
                "0": {
                    "twoQubits": [
                        32,
                        38
                    ],
                    "cz_error": 0.86
                }
            },
            "t1_dict": {
                "38": 42.5819,
                "32": 30.0228
            },
            "t2_dict": {
                "38": 1.8213,
                "32": 2.815
            },
            "singleQubit_update_time": "2025-03-21 02:33:29",
            "readout_update_time": "2025-03-25 23:01:18",
            "twoQubitGate_update_time": "2025-03-25 08:46:36",
            "origin_circuit": "X2P Q0\nRZ Q0 0\nX2M Q0\nRZ Q0 3.14159265\nY2P Q0\nY2M Q1\nRZ Q1 1.5707965\nY2P Q1\nCZ Q1 Q0\nRZ Q0 3.14159265\nY2P Q0\nM Q0\nM Q1",
            "layout": [
                38,
                32
            ],
            "transpiled_circit": "X2P Q38\nRZ Q38 0\nX2M Q38\nRZ Q38 3.14159265\nY2P Q38\nY2M Q32\nRZ Q32 1.5707965\nY2P Q32\nCZ Q32 Q38\nRZ Q38 3.14159265\nY2P Q38\nM Q38\nM Q32"
        }
    }
}