{
    "transpiled_randomCircuit_2qubit_0": {
        "run_config": {
            "machine_time": "tianyan176-2",
            "repeat": 1,
            "shots": 8000,
            "layout": [
                52,
                58
            ],
            "layout_id": 166,
            "expected_fidelity": 0.9473192080343414,
            "real_fidelity": 0.9414662272896892,
            "begin_time": "2025-03-25 23:22:02",
            "end_time": "2025-03-25 23:22:16",
            "cost_time": "14.061436 s"
        },
        "circuit_features": {
            "num_qubits": 2,
            "num_gates": 11,
            "depth": 8,
            "program_communication": 1.0,
            "critical_depth": 1.0,
            "entanglement_ratio": 0.09090909090909091,
            "parallelism": 0.375,
            "liveness": 0.75,
            "min_qubit_frequency": 5.3182,
            "max_qubit_frequency": 5.4556,
            "avg_qubit_frequency": 5.3869,
            "min_readout_frequency": null,
            "max_readout_frequency": null,
            "avg_readout_frequency": null,
            "min_readoutError": 1.2,
            "max_readoutError": 1.66,
            "avg_readoutError": 1.43,
            "min_singleQubit_gate_error": 0.07,
            "max_singleQubit_gate_error": 0.21,
            "avg_singleQubit_gate_error": 0.14,
            "min_twoQubits_gate_error": 1.4,
            "max_twoQubits_gate_error": 1.4,
            "avg_twoQubits_gate_error": 1.4,
            "min_t1": 12.8438,
            "max_t1": 33.7964,
            "avg_t1": 23.3201,
            "min_t2": 3.432,
            "max_t2": 4.6743,
            "avg_t2": 4.05315,
            "twoQubits_gate_error_accumulation": 1.4,
            "expected_fidelity": 0.9473192080343414,
            "idel_entropy": 0.5175658658907364,
            "idle_rate": 0.2926829268292683,
            "qubit_frequency_dict": {
                "52": 5.3182,
                "58": 5.4556
            },
            "readout_frequency_dict": {
                "52": null,
                "58": null
            },
            "readoutError_dict": {
                "52": 1.66,
                "58": 1.2
            },
            "singleQubit_gate_error_dict": {
                "52": 0.07,
                "58": 0.21
            },
            "twoQubits_gate_error_dict": {
                "0": {
                    "twoQubits": [
                        58,
                        52
                    ],
                    "cz_error": 1.4
                }
            },
            "t1_dict": {
                "52": 33.7964,
                "58": 12.8438
            },
            "t2_dict": {
                "52": 3.432,
                "58": 4.6743
            },
            "singleQubit_update_time": "2025-03-21 02:33:29",
            "readout_update_time": "2025-03-25 23:01:18",
            "twoQubitGate_update_time": "2025-03-25 08:46:36",
            "origin_circuit": "X2P Q0\nRZ Q0 0\nX2M Q0\nRZ Q0 3.14159265\nY2P Q0\nY2M Q1\nRZ Q1 1.5707965\nY2P Q1\nCZ Q1 Q0\nRZ Q0 3.14159265\nY2P Q0\nM Q0\nM Q1",
            "layout": [
                52,
                58
            ],
            "transpiled_circit": "X2P Q52\nRZ Q52 0\nX2M Q52\nRZ Q52 3.14159265\nY2P Q52\nY2M Q58\nRZ Q58 1.5707965\nY2P Q58\nCZ Q58 Q52\nRZ Q52 3.14159265\nY2P Q52\nM Q52\nM Q58"
        }
    }
}