{
    "transpiled_randomCircuit_2qubit_0": {
        "run_config": {
            "machine_time": "tianyan176-2",
            "repeat": 1,
            "shots": 8000,
            "layout": [
                12,
                7
            ],
            "layout_id": 108,
            "expected_fidelity": 0.8917073667444124,
            "real_fidelity": 0.9176031585395998,
            "begin_time": "2025-03-25 23:10:37",
            "end_time": "2025-03-25 23:10:47",
            "cost_time": "10.730551 s"
        },
        "circuit_features": {
            "num_qubits": 2,
            "num_gates": 11,
            "depth": 8,
            "program_communication": 1.0,
            "critical_depth": 1.0,
            "entanglement_ratio": 0.09090909090909091,
            "parallelism": 0.375,
            "liveness": 0.75,
            "min_qubit_frequency": 5.2499,
            "max_qubit_frequency": 5.5417,
            "avg_qubit_frequency": 5.3957999999999995,
            "min_readout_frequency": null,
            "max_readout_frequency": null,
            "avg_readout_frequency": null,
            "min_readoutError": 2.82,
            "max_readoutError": 3.22,
            "avg_readoutError": 3.02,
            "min_singleQubit_gate_error": 0.14,
            "max_singleQubit_gate_error": 0.51,
            "avg_singleQubit_gate_error": 0.325,
            "min_twoQubits_gate_error": 1.32,
            "max_twoQubits_gate_error": 1.32,
            "avg_twoQubits_gate_error": 1.32,
            "min_t1": 13.3829,
            "max_t1": 24.8103,
            "avg_t1": 19.096600000000002,
            "min_t2": 2.6129,
            "max_t2": 3.2493,
            "avg_t2": 2.9311,
            "twoQubits_gate_error_accumulation": 1.32,
            "expected_fidelity": 0.8917073667444124,
            "idel_entropy": 0.5175658658907364,
            "idle_rate": 0.2926829268292683,
            "qubit_frequency_dict": {
                "12": 5.5417,
                "7": 5.2499
            },
            "readout_frequency_dict": {
                "12": null,
                "7": null
            },
            "readoutError_dict": {
                "12": 3.22,
                "7": 2.82
            },
            "singleQubit_gate_error_dict": {
                "12": 0.51,
                "7": 0.14
            },
            "twoQubits_gate_error_dict": {
                "0": {
                    "twoQubits": [
                        7,
                        12
                    ],
                    "cz_error": 1.32
                }
            },
            "t1_dict": {
                "12": 13.3829,
                "7": 24.8103
            },
            "t2_dict": {
                "12": 3.2493,
                "7": 2.6129
            },
            "singleQubit_update_time": "2025-03-21 02:33:29",
            "readout_update_time": "2025-03-25 23:01:18",
            "twoQubitGate_update_time": "2025-03-25 08:46:36",
            "origin_circuit": "X2P Q0\nRZ Q0 0\nX2M Q0\nRZ Q0 3.14159265\nY2P Q0\nY2M Q1\nRZ Q1 1.5707965\nY2P Q1\nCZ Q1 Q0\nRZ Q0 3.14159265\nY2P Q0\nM Q0\nM Q1",
            "layout": [
                12,
                7
            ],
            "transpiled_circit": "X2P Q12\nRZ Q12 0\nX2M Q12\nRZ Q12 3.14159265\nY2P Q12\nY2M Q7\nRZ Q7 1.5707965\nY2P Q7\nCZ Q7 Q12\nRZ Q12 3.14159265\nY2P Q12\nM Q12\nM Q7"
        }
    }
}