{
    "transpiled_randomCircuit_2qubit_0": {
        "run_config": {
            "machine_time": "tianyan176-2",
            "repeat": 1,
            "shots": 8000,
            "layout": [
                49,
                56
            ],
            "layout_id": 154,
            "expected_fidelity": 0.9310401753318883,
            "real_fidelity": 0.954394140517569,
            "begin_time": "2025-03-25 23:19:39",
            "end_time": "2025-03-25 23:19:50",
            "cost_time": "11.097837 s"
        },
        "circuit_features": {
            "num_qubits": 2,
            "num_gates": 11,
            "depth": 8,
            "program_communication": 1.0,
            "critical_depth": 1.0,
            "entanglement_ratio": 0.09090909090909091,
            "parallelism": 0.375,
            "liveness": 0.75,
            "min_qubit_frequency": 5.3942,
            "max_qubit_frequency": 5.74,
            "avg_qubit_frequency": 5.5671,
            "min_readout_frequency": null,
            "max_readout_frequency": null,
            "avg_readout_frequency": null,
            "min_readoutError": 1.52,
            "max_readoutError": 2.29,
            "avg_readoutError": 1.905,
            "min_singleQubit_gate_error": 0.19,
            "max_singleQubit_gate_error": 0.26,
            "avg_singleQubit_gate_error": 0.225,
            "min_twoQubits_gate_error": 0.9,
            "max_twoQubits_gate_error": 0.9,
            "avg_twoQubits_gate_error": 0.9,
            "min_t1": 6.0438,
            "max_t1": 28.552,
            "avg_t1": 17.2979,
            "min_t2": 3.5214,
            "max_t2": 6.7878,
            "avg_t2": 5.1546,
            "twoQubits_gate_error_accumulation": 0.9,
            "expected_fidelity": 0.9310401753318883,
            "idel_entropy": 0.5175658658907364,
            "idle_rate": 0.2926829268292683,
            "qubit_frequency_dict": {
                "49": 5.74,
                "56": 5.3942
            },
            "readout_frequency_dict": {
                "49": null,
                "56": null
            },
            "readoutError_dict": {
                "49": 2.29,
                "56": 1.52
            },
            "singleQubit_gate_error_dict": {
                "49": 0.26,
                "56": 0.19
            },
            "twoQubits_gate_error_dict": {
                "0": {
                    "twoQubits": [
                        56,
                        49
                    ],
                    "cz_error": 0.9
                }
            },
            "t1_dict": {
                "49": 6.0438,
                "56": 28.552
            },
            "t2_dict": {
                "49": 3.5214,
                "56": 6.7878
            },
            "singleQubit_update_time": "2025-03-21 02:33:29",
            "readout_update_time": "2025-03-25 23:01:18",
            "twoQubitGate_update_time": "2025-03-25 08:46:36",
            "origin_circuit": "X2P Q0\nRZ Q0 0\nX2M Q0\nRZ Q0 3.14159265\nY2P Q0\nY2M Q1\nRZ Q1 1.5707965\nY2P Q1\nCZ Q1 Q0\nRZ Q0 3.14159265\nY2P Q0\nM Q0\nM Q1",
            "layout": [
                49,
                56
            ],
            "transpiled_circit": "X2P Q49\nRZ Q49 0\nX2M Q49\nRZ Q49 3.14159265\nY2P Q49\nY2M Q56\nRZ Q56 1.5707965\nY2P Q56\nCZ Q56 Q49\nRZ Q49 3.14159265\nY2P Q49\nM Q49\nM Q56"
        }
    }
}