{
    "transpiled_randomCircuit_2qubit_0": {
        "run_config": {
            "machine_time": "tianyan176-2",
            "repeat": 1,
            "shots": 8000,
            "layout": [
                24,
                31
            ],
            "layout_id": 92,
            "expected_fidelity": 0.8886484098745434,
            "real_fidelity": 0.9538961097896658,
            "begin_time": "2025-03-25 23:07:16",
            "end_time": "2025-03-25 23:07:29",
            "cost_time": "13.124837 s"
        },
        "circuit_features": {
            "num_qubits": 2,
            "num_gates": 11,
            "depth": 8,
            "program_communication": 1.0,
            "critical_depth": 1.0,
            "entanglement_ratio": 0.09090909090909091,
            "parallelism": 0.375,
            "liveness": 0.75,
            "min_qubit_frequency": 5.1355,
            "max_qubit_frequency": 5.5121,
            "avg_qubit_frequency": 5.3238,
            "min_readout_frequency": null,
            "max_readout_frequency": null,
            "avg_readout_frequency": null,
            "min_readoutError": 3.42,
            "max_readoutError": 4.89,
            "avg_readoutError": 4.154999999999999,
            "min_singleQubit_gate_error": 0.11,
            "max_singleQubit_gate_error": 0.16,
            "avg_singleQubit_gate_error": 0.135,
            "min_twoQubits_gate_error": 2.04,
            "max_twoQubits_gate_error": 2.04,
            "avg_twoQubits_gate_error": 2.04,
            "min_t1": 13.5396,
            "max_t1": 20.8094,
            "avg_t1": 17.174500000000002,
            "min_t2": 2.0051,
            "max_t2": 5.3881,
            "avg_t2": 3.6966,
            "twoQubits_gate_error_accumulation": 2.04,
            "expected_fidelity": 0.8886484098745434,
            "idel_entropy": 0.5175658658907364,
            "idle_rate": 0.2926829268292683,
            "qubit_frequency_dict": {
                "24": 5.1355,
                "31": 5.5121
            },
            "readout_frequency_dict": {
                "24": null,
                "31": null
            },
            "readoutError_dict": {
                "24": 4.89,
                "31": 3.42
            },
            "singleQubit_gate_error_dict": {
                "24": 0.11,
                "31": 0.16
            },
            "twoQubits_gate_error_dict": {
                "0": {
                    "twoQubits": [
                        31,
                        24
                    ],
                    "cz_error": 2.04
                }
            },
            "t1_dict": {
                "24": 20.8094,
                "31": 13.5396
            },
            "t2_dict": {
                "24": 2.0051,
                "31": 5.3881
            },
            "singleQubit_update_time": "2025-03-21 02:33:29",
            "readout_update_time": "2025-03-25 23:01:18",
            "twoQubitGate_update_time": "2025-03-25 08:46:36",
            "origin_circuit": "X2P Q0\nRZ Q0 0\nX2M Q0\nRZ Q0 3.14159265\nY2P Q0\nY2M Q1\nRZ Q1 1.5707965\nY2P Q1\nCZ Q1 Q0\nRZ Q0 3.14159265\nY2P Q0\nM Q0\nM Q1",
            "layout": [
                24,
                31
            ],
            "transpiled_circit": "X2P Q24\nRZ Q24 0\nX2M Q24\nRZ Q24 3.14159265\nY2P Q24\nY2M Q31\nRZ Q31 1.5707965\nY2P Q31\nCZ Q31 Q24\nRZ Q24 3.14159265\nY2P Q24\nM Q24\nM Q31"
        }
    }
}