{
    "transpiled_randomCircuit_2qubit_0": {
        "run_config": {
            "machine_time": "tianyan176-2",
            "repeat": 1,
            "shots": 8000,
            "layout": [
                14,
                8
            ],
            "layout_id": 6,
            "expected_fidelity": 0.8302106838102847,
            "real_fidelity": 0.8519258336961055,
            "begin_time": "2025-03-25 22:47:26",
            "end_time": "2025-03-25 22:47:39",
            "cost_time": "13.020036 s"
        },
        "circuit_features": {
            "num_qubits": 2,
            "num_gates": 11,
            "depth": 8,
            "program_communication": 1.0,
            "critical_depth": 1.0,
            "entanglement_ratio": 0.09090909090909091,
            "parallelism": 0.375,
            "liveness": 0.75,
            "min_qubit_frequency": 5.4505,
            "max_qubit_frequency": 5.5705,
            "avg_qubit_frequency": 5.5105,
            "min_readout_frequency": null,
            "max_readout_frequency": null,
            "avg_readout_frequency": null,
            "min_readoutError": 1.35,
            "max_readoutError": 8.06,
            "avg_readoutError": 4.705,
            "min_singleQubit_gate_error": 0.16,
            "max_singleQubit_gate_error": 0.98,
            "avg_singleQubit_gate_error": 0.57,
            "min_twoQubits_gate_error": 1.46,
            "max_twoQubits_gate_error": 1.46,
            "avg_twoQubits_gate_error": 1.46,
            "min_t1": 21.194,
            "max_t1": 24.4302,
            "avg_t1": 22.8121,
            "min_t2": 3.6913,
            "max_t2": 4.4089,
            "avg_t2": 4.0501000000000005,
            "twoQubits_gate_error_accumulation": 1.46,
            "expected_fidelity": 0.8302106838102847,
            "idel_entropy": 0.5175658658907364,
            "idle_rate": 0.2926829268292683,
            "qubit_frequency_dict": {
                "14": 5.4505,
                "8": 5.5705
            },
            "readout_frequency_dict": {
                "14": null,
                "8": null
            },
            "readoutError_dict": {
                "14": 8.06,
                "8": 1.35
            },
            "singleQubit_gate_error_dict": {
                "14": 0.98,
                "8": 0.16
            },
            "twoQubits_gate_error_dict": {
                "0": {
                    "twoQubits": [
                        8,
                        14
                    ],
                    "cz_error": 1.46
                }
            },
            "t1_dict": {
                "14": 24.4302,
                "8": 21.194
            },
            "t2_dict": {
                "14": 3.6913,
                "8": 4.4089
            },
            "singleQubit_update_time": "2025-03-21 02:33:29",
            "readout_update_time": "2025-03-25 22:31:14",
            "twoQubitGate_update_time": "2025-03-25 08:46:36",
            "origin_circuit": "X2P Q0\nRZ Q0 0\nX2M Q0\nRZ Q0 3.14159265\nY2P Q0\nY2M Q1\nRZ Q1 1.5707965\nY2P Q1\nCZ Q1 Q0\nRZ Q0 3.14159265\nY2P Q0\nM Q0\nM Q1",
            "layout": [
                14,
                8
            ],
            "transpiled_circit": "X2P Q14\nRZ Q14 0\nX2M Q14\nRZ Q14 3.14159265\nY2P Q14\nY2M Q8\nRZ Q8 1.5707965\nY2P Q8\nCZ Q8 Q14\nRZ Q14 3.14159265\nY2P Q14\nM Q14\nM Q8"
        }
    }
}