{
    "transpiled_randomCircuit_2qubit_0": {
        "run_config": {
            "machine_time": "tianyan176-2",
            "repeat": 1,
            "shots": 8000,
            "layout": [
                37,
                31
            ],
            "layout_id": 96,
            "expected_fidelity": 0.9071229588589488,
            "real_fidelity": 0.9468345671535147,
            "begin_time": "2025-03-25 23:08:08",
            "end_time": "2025-03-25 23:08:20",
            "cost_time": "12.357949 s"
        },
        "circuit_features": {
            "num_qubits": 2,
            "num_gates": 11,
            "depth": 8,
            "program_communication": 1.0,
            "critical_depth": 1.0,
            "entanglement_ratio": 0.09090909090909091,
            "parallelism": 0.375,
            "liveness": 0.75,
            "min_qubit_frequency": 5.1539,
            "max_qubit_frequency": 5.5121,
            "avg_qubit_frequency": 5.333,
            "min_readout_frequency": null,
            "max_readout_frequency": null,
            "avg_readout_frequency": null,
            "min_readoutError": 2.42,
            "max_readoutError": 3.42,
            "avg_readoutError": 2.92,
            "min_singleQubit_gate_error": 0.16,
            "max_singleQubit_gate_error": 0.22,
            "avg_singleQubit_gate_error": 0.19,
            "min_twoQubits_gate_error": 1.78,
            "max_twoQubits_gate_error": 1.78,
            "avg_twoQubits_gate_error": 1.78,
            "min_t1": 13.5396,
            "max_t1": 28.0461,
            "avg_t1": 20.79285,
            "min_t2": 1.8098,
            "max_t2": 5.3881,
            "avg_t2": 3.59895,
            "twoQubits_gate_error_accumulation": 1.78,
            "expected_fidelity": 0.9071229588589488,
            "idel_entropy": 0.5175658658907364,
            "idle_rate": 0.2926829268292683,
            "qubit_frequency_dict": {
                "37": 5.1539,
                "31": 5.5121
            },
            "readout_frequency_dict": {
                "37": null,
                "31": null
            },
            "readoutError_dict": {
                "37": 2.42,
                "31": 3.42
            },
            "singleQubit_gate_error_dict": {
                "37": 0.22,
                "31": 0.16
            },
            "twoQubits_gate_error_dict": {
                "0": {
                    "twoQubits": [
                        31,
                        37
                    ],
                    "cz_error": 1.78
                }
            },
            "t1_dict": {
                "37": 28.0461,
                "31": 13.5396
            },
            "t2_dict": {
                "37": 1.8098,
                "31": 5.3881
            },
            "singleQubit_update_time": "2025-03-21 02:33:29",
            "readout_update_time": "2025-03-25 23:01:18",
            "twoQubitGate_update_time": "2025-03-25 08:46:36",
            "origin_circuit": "X2P Q0\nRZ Q0 0\nX2M Q0\nRZ Q0 3.14159265\nY2P Q0\nY2M Q1\nRZ Q1 1.5707965\nY2P Q1\nCZ Q1 Q0\nRZ Q0 3.14159265\nY2P Q0\nM Q0\nM Q1",
            "layout": [
                37,
                31
            ],
            "transpiled_circit": "X2P Q37\nRZ Q37 0\nX2M Q37\nRZ Q37 3.14159265\nY2P Q37\nY2M Q31\nRZ Q31 1.5707965\nY2P Q31\nCZ Q31 Q37\nRZ Q37 3.14159265\nY2P Q37\nM Q37\nM Q31"
        }
    }
}