{
    "transpiled_randomCircuit_2qubit_0": {
        "run_config": {
            "machine_time": "tianyan176-2",
            "repeat": 1,
            "shots": 8000,
            "layout": [
                57,
                63
            ],
            "layout_id": 170,
            "expected_fidelity": 0.7705187307783898,
            "real_fidelity": 0.8562051591023078,
            "begin_time": "2025-03-25 23:22:52",
            "end_time": "2025-03-25 23:23:03",
            "cost_time": "10.845835 s"
        },
        "circuit_features": {
            "num_qubits": 2,
            "num_gates": 11,
            "depth": 8,
            "program_communication": 1.0,
            "critical_depth": 1.0,
            "entanglement_ratio": 0.09090909090909091,
            "parallelism": 0.375,
            "liveness": 0.75,
            "min_qubit_frequency": 5.133,
            "max_qubit_frequency": 5.2959,
            "avg_qubit_frequency": 5.214449999999999,
            "min_readout_frequency": null,
            "max_readout_frequency": null,
            "avg_readout_frequency": null,
            "min_readoutError": 2.95,
            "max_readoutError": 17.55,
            "avg_readoutError": 10.25,
            "min_singleQubit_gate_error": 0.08,
            "max_singleQubit_gate_error": 0.18,
            "avg_singleQubit_gate_error": 0.13,
            "min_twoQubits_gate_error": 2.25,
            "max_twoQubits_gate_error": 2.25,
            "avg_twoQubits_gate_error": 2.25,
            "min_t1": 19.8057,
            "max_t1": 23.273,
            "avg_t1": 21.53935,
            "min_t2": 1.8917,
            "max_t2": 2.9094,
            "avg_t2": 2.40055,
            "twoQubits_gate_error_accumulation": 2.25,
            "expected_fidelity": 0.7705187307783898,
            "idel_entropy": 0.5175658658907364,
            "idle_rate": 0.2926829268292683,
            "qubit_frequency_dict": {
                "57": 5.2959,
                "63": 5.133
            },
            "readout_frequency_dict": {
                "57": null,
                "63": null
            },
            "readoutError_dict": {
                "57": 2.95,
                "63": 17.55
            },
            "singleQubit_gate_error_dict": {
                "57": 0.18,
                "63": 0.08
            },
            "twoQubits_gate_error_dict": {
                "0": {
                    "twoQubits": [
                        63,
                        57
                    ],
                    "cz_error": 2.25
                }
            },
            "t1_dict": {
                "57": 23.273,
                "63": 19.8057
            },
            "t2_dict": {
                "57": 2.9094,
                "63": 1.8917
            },
            "singleQubit_update_time": "2025-03-21 02:33:29",
            "readout_update_time": "2025-03-25 23:01:18",
            "twoQubitGate_update_time": "2025-03-25 08:46:36",
            "origin_circuit": "X2P Q0\nRZ Q0 0\nX2M Q0\nRZ Q0 3.14159265\nY2P Q0\nY2M Q1\nRZ Q1 1.5707965\nY2P Q1\nCZ Q1 Q0\nRZ Q0 3.14159265\nY2P Q0\nM Q0\nM Q1",
            "layout": [
                57,
                63
            ],
            "transpiled_circit": "X2P Q57\nRZ Q57 0\nX2M Q57\nRZ Q57 3.14159265\nY2P Q57\nY2M Q63\nRZ Q63 1.5707965\nY2P Q63\nCZ Q63 Q57\nRZ Q57 3.14159265\nY2P Q57\nM Q57\nM Q63"
        }
    }
}