{
    "transpiled_randomCircuit_2qubit_0": {
        "run_config": {
            "machine_time": "tianyan176-2",
            "repeat": 1,
            "shots": 8000,
            "layout": [
                44,
                37
            ],
            "layout_id": 127,
            "expected_fidelity": 0.9364341205508038,
            "real_fidelity": 0.9612715200066987,
            "begin_time": "2025-03-25 23:14:24",
            "end_time": "2025-03-25 23:14:35",
            "cost_time": "10.783215 s"
        },
        "circuit_features": {
            "num_qubits": 2,
            "num_gates": 11,
            "depth": 8,
            "program_communication": 1.0,
            "critical_depth": 1.0,
            "entanglement_ratio": 0.09090909090909091,
            "parallelism": 0.375,
            "liveness": 0.75,
            "min_qubit_frequency": 5.1539,
            "max_qubit_frequency": 5.4592,
            "avg_qubit_frequency": 5.30655,
            "min_readout_frequency": null,
            "max_readout_frequency": null,
            "avg_readout_frequency": null,
            "min_readoutError": 1.67,
            "max_readoutError": 2.42,
            "avg_readoutError": 2.045,
            "min_singleQubit_gate_error": 0.16,
            "max_singleQubit_gate_error": 0.22,
            "avg_singleQubit_gate_error": 0.19,
            "min_twoQubits_gate_error": 0.65,
            "max_twoQubits_gate_error": 0.65,
            "avg_twoQubits_gate_error": 0.65,
            "min_t1": 23.4787,
            "max_t1": 28.0461,
            "avg_t1": 25.7624,
            "min_t2": 1.8098,
            "max_t2": 3.5204,
            "avg_t2": 2.6651,
            "twoQubits_gate_error_accumulation": 0.65,
            "expected_fidelity": 0.9364341205508038,
            "idel_entropy": 0.5175658658907364,
            "idle_rate": 0.2926829268292683,
            "qubit_frequency_dict": {
                "44": 5.4592,
                "37": 5.1539
            },
            "readout_frequency_dict": {
                "44": null,
                "37": null
            },
            "readoutError_dict": {
                "44": 1.67,
                "37": 2.42
            },
            "singleQubit_gate_error_dict": {
                "44": 0.16,
                "37": 0.22
            },
            "twoQubits_gate_error_dict": {
                "0": {
                    "twoQubits": [
                        37,
                        44
                    ],
                    "cz_error": 0.65
                }
            },
            "t1_dict": {
                "44": 23.4787,
                "37": 28.0461
            },
            "t2_dict": {
                "44": 3.5204,
                "37": 1.8098
            },
            "singleQubit_update_time": "2025-03-21 02:33:29",
            "readout_update_time": "2025-03-25 23:01:18",
            "twoQubitGate_update_time": "2025-03-25 08:46:36",
            "origin_circuit": "X2P Q0\nRZ Q0 0\nX2M Q0\nRZ Q0 3.14159265\nY2P Q0\nY2M Q1\nRZ Q1 1.5707965\nY2P Q1\nCZ Q1 Q0\nRZ Q0 3.14159265\nY2P Q0\nM Q0\nM Q1",
            "layout": [
                44,
                37
            ],
            "transpiled_circit": "X2P Q44\nRZ Q44 0\nX2M Q44\nRZ Q44 3.14159265\nY2P Q44\nY2M Q37\nRZ Q37 1.5707965\nY2P Q37\nCZ Q37 Q44\nRZ Q44 3.14159265\nY2P Q44\nM Q44\nM Q37"
        }
    }
}