{
    "transpiled_randomCircuit_2qubit_0": {
        "run_config": {
            "machine_time": "tianyan176-2",
            "repeat": 1,
            "shots": 8000,
            "layout": [
                19,
                12
            ],
            "layout_id": 63,
            "expected_fidelity": 0.9042215560178788,
            "real_fidelity": 0.8024432101682396,
            "begin_time": "2025-03-25 22:59:54",
            "end_time": "2025-03-25 23:00:05",
            "cost_time": "11.406169 s"
        },
        "circuit_features": {
            "num_qubits": 2,
            "num_gates": 11,
            "depth": 8,
            "program_communication": 1.0,
            "critical_depth": 1.0,
            "entanglement_ratio": 0.09090909090909091,
            "parallelism": 0.375,
            "liveness": 0.75,
            "min_qubit_frequency": 5.4547,
            "max_qubit_frequency": 5.5417,
            "avg_qubit_frequency": 5.4982,
            "min_readout_frequency": null,
            "max_readout_frequency": null,
            "avg_readout_frequency": null,
            "min_readoutError": 1.39,
            "max_readoutError": 3.21,
            "avg_readoutError": 2.3,
            "min_singleQubit_gate_error": 0.39,
            "max_singleQubit_gate_error": 0.51,
            "avg_singleQubit_gate_error": 0.45,
            "min_twoQubits_gate_error": 1.13,
            "max_twoQubits_gate_error": 1.13,
            "avg_twoQubits_gate_error": 1.13,
            "min_t1": 13.3829,
            "max_t1": 33.3492,
            "avg_t1": 23.36605,
            "min_t2": 3.2493,
            "max_t2": 3.4857,
            "avg_t2": 3.3674999999999997,
            "twoQubits_gate_error_accumulation": 1.13,
            "expected_fidelity": 0.9042215560178788,
            "idel_entropy": 0.5175658658907364,
            "idle_rate": 0.2926829268292683,
            "qubit_frequency_dict": {
                "19": 5.4547,
                "12": 5.5417
            },
            "readout_frequency_dict": {
                "19": null,
                "12": null
            },
            "readoutError_dict": {
                "19": 1.39,
                "12": 3.21
            },
            "singleQubit_gate_error_dict": {
                "19": 0.39,
                "12": 0.51
            },
            "twoQubits_gate_error_dict": {
                "0": {
                    "twoQubits": [
                        12,
                        19
                    ],
                    "cz_error": 1.13
                }
            },
            "t1_dict": {
                "19": 33.3492,
                "12": 13.3829
            },
            "t2_dict": {
                "19": 3.4857,
                "12": 3.2493
            },
            "singleQubit_update_time": "2025-03-21 02:33:29",
            "readout_update_time": "2025-03-25 22:31:14",
            "twoQubitGate_update_time": "2025-03-25 08:46:36",
            "origin_circuit": "X2P Q0\nRZ Q0 0\nX2M Q0\nRZ Q0 3.14159265\nY2P Q0\nY2M Q1\nRZ Q1 1.5707965\nY2P Q1\nCZ Q1 Q0\nRZ Q0 3.14159265\nY2P Q0\nM Q0\nM Q1",
            "layout": [
                19,
                12
            ],
            "transpiled_circit": "X2P Q19\nRZ Q19 0\nX2M Q19\nRZ Q19 3.14159265\nY2P Q19\nY2M Q12\nRZ Q12 1.5707965\nY2P Q12\nCZ Q12 Q19\nRZ Q19 3.14159265\nY2P Q19\nM Q19\nM Q12"
        }
    }
}