{
    "transpiled_randomCircuit_2qubit_0": {
        "run_config": {
            "machine_time": "tianyan176-2",
            "repeat": 1,
            "shots": 8000,
            "layout": [
                44,
                38
            ],
            "layout_id": 128,
            "expected_fidelity": 0.925972289719486,
            "real_fidelity": 0.9632968916890788,
            "begin_time": "2025-03-25 23:14:35",
            "end_time": "2025-03-25 23:14:46",
            "cost_time": "11.218914 s"
        },
        "circuit_features": {
            "num_qubits": 2,
            "num_gates": 11,
            "depth": 8,
            "program_communication": 1.0,
            "critical_depth": 1.0,
            "entanglement_ratio": 0.09090909090909091,
            "parallelism": 0.375,
            "liveness": 0.75,
            "min_qubit_frequency": 5.1769,
            "max_qubit_frequency": 5.4592,
            "avg_qubit_frequency": 5.3180499999999995,
            "min_readout_frequency": null,
            "max_readout_frequency": null,
            "avg_readout_frequency": null,
            "min_readoutError": 1.67,
            "max_readoutError": 3.48,
            "avg_readoutError": 2.575,
            "min_singleQubit_gate_error": 0.16,
            "max_singleQubit_gate_error": 0.16,
            "avg_singleQubit_gate_error": 0.16,
            "min_twoQubits_gate_error": 0.86,
            "max_twoQubits_gate_error": 0.86,
            "avg_twoQubits_gate_error": 0.86,
            "min_t1": 23.4787,
            "max_t1": 42.5819,
            "avg_t1": 33.0303,
            "min_t2": 1.8213,
            "max_t2": 3.5204,
            "avg_t2": 2.6708499999999997,
            "twoQubits_gate_error_accumulation": 0.86,
            "expected_fidelity": 0.925972289719486,
            "idel_entropy": 0.5175658658907364,
            "idle_rate": 0.2926829268292683,
            "qubit_frequency_dict": {
                "44": 5.4592,
                "38": 5.1769
            },
            "readout_frequency_dict": {
                "44": null,
                "38": null
            },
            "readoutError_dict": {
                "44": 1.67,
                "38": 3.48
            },
            "singleQubit_gate_error_dict": {
                "44": 0.16,
                "38": 0.16
            },
            "twoQubits_gate_error_dict": {
                "0": {
                    "twoQubits": [
                        38,
                        44
                    ],
                    "cz_error": 0.86
                }
            },
            "t1_dict": {
                "44": 23.4787,
                "38": 42.5819
            },
            "t2_dict": {
                "44": 3.5204,
                "38": 1.8213
            },
            "singleQubit_update_time": "2025-03-21 02:33:29",
            "readout_update_time": "2025-03-25 23:01:18",
            "twoQubitGate_update_time": "2025-03-25 08:46:36",
            "origin_circuit": "X2P Q0\nRZ Q0 0\nX2M Q0\nRZ Q0 3.14159265\nY2P Q0\nY2M Q1\nRZ Q1 1.5707965\nY2P Q1\nCZ Q1 Q0\nRZ Q0 3.14159265\nY2P Q0\nM Q0\nM Q1",
            "layout": [
                44,
                38
            ],
            "transpiled_circit": "X2P Q44\nRZ Q44 0\nX2M Q44\nRZ Q44 3.14159265\nY2P Q44\nY2M Q38\nRZ Q38 1.5707965\nY2P Q38\nCZ Q38 Q44\nRZ Q44 3.14159265\nY2P Q44\nM Q44\nM Q38"
        }
    }
}