{
    "transpiled_randomCircuit_2qubit_0": {
        "run_config": {
            "machine_time": "tianyan176-2",
            "repeat": 1,
            "shots": 8000,
            "layout": [
                20,
                14
            ],
            "layout_id": 27,
            "expected_fidelity": 0.8458399096472637,
            "real_fidelity": 0.9147585656561766,
            "begin_time": "2025-03-25 22:51:46",
            "end_time": "2025-03-25 22:51:59",
            "cost_time": "13.307094 s"
        },
        "circuit_features": {
            "num_qubits": 2,
            "num_gates": 11,
            "depth": 8,
            "program_communication": 1.0,
            "critical_depth": 1.0,
            "entanglement_ratio": 0.09090909090909091,
            "parallelism": 0.375,
            "liveness": 0.75,
            "min_qubit_frequency": 5.3375,
            "max_qubit_frequency": 5.4505,
            "avg_qubit_frequency": 5.394,
            "min_readout_frequency": null,
            "max_readout_frequency": null,
            "avg_readout_frequency": null,
            "min_readoutError": 1.3,
            "max_readoutError": 8.06,
            "avg_readoutError": 4.680000000000001,
            "min_singleQubit_gate_error": 0.15,
            "max_singleQubit_gate_error": 0.98,
            "avg_singleQubit_gate_error": 0.565,
            "min_twoQubits_gate_error": 2.98,
            "max_twoQubits_gate_error": 2.98,
            "avg_twoQubits_gate_error": 2.98,
            "min_t1": 24.4302,
            "max_t1": 25.2821,
            "avg_t1": 24.85615,
            "min_t2": 3.3763,
            "max_t2": 3.6913,
            "avg_t2": 3.5338000000000003,
            "twoQubits_gate_error_accumulation": 2.98,
            "expected_fidelity": 0.8458399096472637,
            "idel_entropy": 0.5175658658907364,
            "idle_rate": 0.2926829268292683,
            "qubit_frequency_dict": {
                "20": 5.3375,
                "14": 5.4505
            },
            "readout_frequency_dict": {
                "20": null,
                "14": null
            },
            "readoutError_dict": {
                "20": 1.3,
                "14": 8.06
            },
            "singleQubit_gate_error_dict": {
                "20": 0.15,
                "14": 0.98
            },
            "twoQubits_gate_error_dict": {
                "0": {
                    "twoQubits": [
                        14,
                        20
                    ],
                    "cz_error": 2.98
                }
            },
            "t1_dict": {
                "20": 25.2821,
                "14": 24.4302
            },
            "t2_dict": {
                "20": 3.3763,
                "14": 3.6913
            },
            "singleQubit_update_time": "2025-03-21 02:33:29",
            "readout_update_time": "2025-03-25 22:31:14",
            "twoQubitGate_update_time": "2025-03-25 08:46:36",
            "origin_circuit": "X2P Q0\nRZ Q0 0\nX2M Q0\nRZ Q0 3.14159265\nY2P Q0\nY2M Q1\nRZ Q1 1.5707965\nY2P Q1\nCZ Q1 Q0\nRZ Q0 3.14159265\nY2P Q0\nM Q0\nM Q1",
            "layout": [
                20,
                14
            ],
            "transpiled_circit": "X2P Q20\nRZ Q20 0\nX2M Q20\nRZ Q20 3.14159265\nY2P Q20\nY2M Q14\nRZ Q14 1.5707965\nY2P Q14\nCZ Q14 Q20\nRZ Q20 3.14159265\nY2P Q20\nM Q20\nM Q14"
        }
    }
}