{
    "transpiled_randomCircuit_2qubit_0": {
        "run_config": {
            "machine_time": "tianyan176-2",
            "repeat": 1,
            "shots": 8000,
            "layout": [
                15,
                9
            ],
            "layout_id": 8,
            "expected_fidelity": 0.8510236855198021,
            "real_fidelity": 0.9119001538862109,
            "begin_time": "2025-03-25 22:47:51",
            "end_time": "2025-03-25 22:48:04",
            "cost_time": "12.980385 s"
        },
        "circuit_features": {
            "num_qubits": 2,
            "num_gates": 11,
            "depth": 8,
            "program_communication": 1.0,
            "critical_depth": 1.0,
            "entanglement_ratio": 0.09090909090909091,
            "parallelism": 0.375,
            "liveness": 0.75,
            "min_qubit_frequency": 5.1692,
            "max_qubit_frequency": 5.4961,
            "avg_qubit_frequency": 5.33265,
            "min_readout_frequency": null,
            "max_readout_frequency": null,
            "avg_readout_frequency": null,
            "min_readoutError": 1.45,
            "max_readoutError": 8.73,
            "avg_readoutError": 5.09,
            "min_singleQubit_gate_error": 0.11,
            "max_singleQubit_gate_error": 0.15,
            "avg_singleQubit_gate_error": 0.13,
            "min_twoQubits_gate_error": 4.07,
            "max_twoQubits_gate_error": 4.07,
            "avg_twoQubits_gate_error": 4.07,
            "min_t1": 27.6064,
            "max_t1": 29.7058,
            "avg_t1": 28.656100000000002,
            "min_t2": 2.2101,
            "max_t2": 5.2412,
            "avg_t2": 3.72565,
            "twoQubits_gate_error_accumulation": 4.07,
            "expected_fidelity": 0.8510236855198021,
            "idel_entropy": 0.5175658658907364,
            "idle_rate": 0.2926829268292683,
            "qubit_frequency_dict": {
                "15": 5.4961,
                "9": 5.1692
            },
            "readout_frequency_dict": {
                "15": null,
                "9": null
            },
            "readoutError_dict": {
                "15": 1.45,
                "9": 8.73
            },
            "singleQubit_gate_error_dict": {
                "15": 0.15,
                "9": 0.11
            },
            "twoQubits_gate_error_dict": {
                "0": {
                    "twoQubits": [
                        9,
                        15
                    ],
                    "cz_error": 4.07
                }
            },
            "t1_dict": {
                "15": 29.7058,
                "9": 27.6064
            },
            "t2_dict": {
                "15": 5.2412,
                "9": 2.2101
            },
            "singleQubit_update_time": "2025-03-21 02:33:29",
            "readout_update_time": "2025-03-25 22:31:14",
            "twoQubitGate_update_time": "2025-03-25 08:46:36",
            "origin_circuit": "X2P Q0\nRZ Q0 0\nX2M Q0\nRZ Q0 3.14159265\nY2P Q0\nY2M Q1\nRZ Q1 1.5707965\nY2P Q1\nCZ Q1 Q0\nRZ Q0 3.14159265\nY2P Q0\nM Q0\nM Q1",
            "layout": [
                15,
                9
            ],
            "transpiled_circit": "X2P Q15\nRZ Q15 0\nX2M Q15\nRZ Q15 3.14159265\nY2P Q15\nY2M Q9\nRZ Q9 1.5707965\nY2P Q9\nCZ Q9 Q15\nRZ Q15 3.14159265\nY2P Q15\nM Q15\nM Q9"
        }
    }
}