{
    "transpiled_randomCircuit_2qubit_0": {
        "run_config": {
            "machine_time": "tianyan176-2",
            "repeat": 1,
            "shots": 8000,
            "layout": [
                22,
                27
            ],
            "layout_id": 33,
            "expected_fidelity": 0.9066406822254414,
            "real_fidelity": 0.937759728658411,
            "begin_time": "2025-03-25 22:53:04",
            "end_time": "2025-03-25 22:53:57",
            "cost_time": "52.266803 s"
        },
        "circuit_features": {
            "num_qubits": 2,
            "num_gates": 11,
            "depth": 8,
            "program_communication": 1.0,
            "critical_depth": 1.0,
            "entanglement_ratio": 0.09090909090909091,
            "parallelism": 0.375,
            "liveness": 0.75,
            "min_qubit_frequency": 5.3514,
            "max_qubit_frequency": 5.4211,
            "avg_qubit_frequency": 5.38625,
            "min_readout_frequency": null,
            "max_readout_frequency": null,
            "avg_readout_frequency": null,
            "min_readoutError": 2.04,
            "max_readoutError": 4.21,
            "avg_readoutError": 3.125,
            "min_singleQubit_gate_error": 0.18,
            "max_singleQubit_gate_error": 0.26,
            "avg_singleQubit_gate_error": 0.22,
            "min_twoQubits_gate_error": 1.07,
            "max_twoQubits_gate_error": 1.07,
            "avg_twoQubits_gate_error": 1.07,
            "min_t1": 9.7787,
            "max_t1": 24.4534,
            "avg_t1": 17.11605,
            "min_t2": 1.4092,
            "max_t2": 3.1575,
            "avg_t2": 2.28335,
            "twoQubits_gate_error_accumulation": 1.07,
            "expected_fidelity": 0.9066406822254414,
            "idel_entropy": 0.5175658658907364,
            "idle_rate": 0.2926829268292683,
            "qubit_frequency_dict": {
                "22": 5.4211,
                "27": 5.3514
            },
            "readout_frequency_dict": {
                "22": null,
                "27": null
            },
            "readoutError_dict": {
                "22": 4.21,
                "27": 2.04
            },
            "singleQubit_gate_error_dict": {
                "22": 0.26,
                "27": 0.18
            },
            "twoQubits_gate_error_dict": {
                "0": {
                    "twoQubits": [
                        27,
                        22
                    ],
                    "cz_error": 1.07
                }
            },
            "t1_dict": {
                "22": 9.7787,
                "27": 24.4534
            },
            "t2_dict": {
                "22": 1.4092,
                "27": 3.1575
            },
            "singleQubit_update_time": "2025-03-21 02:33:29",
            "readout_update_time": "2025-03-25 22:31:14",
            "twoQubitGate_update_time": "2025-03-25 08:46:36",
            "origin_circuit": "X2P Q0\nRZ Q0 0\nX2M Q0\nRZ Q0 3.14159265\nY2P Q0\nY2M Q1\nRZ Q1 1.5707965\nY2P Q1\nCZ Q1 Q0\nRZ Q0 3.14159265\nY2P Q0\nM Q0\nM Q1",
            "layout": [
                22,
                27
            ],
            "transpiled_circit": "X2P Q22\nRZ Q22 0\nX2M Q22\nRZ Q22 3.14159265\nY2P Q22\nY2M Q27\nRZ Q27 1.5707965\nY2P Q27\nCZ Q27 Q22\nRZ Q22 3.14159265\nY2P Q22\nM Q22\nM Q27"
        }
    }
}