{
    "transpiled_randomCircuit_2qubit_0": {
        "run_config": {
            "machine_time": "tianyan176-2",
            "repeat": 1,
            "shots": 8000,
            "layout": [
                57,
                51
            ],
            "layout_id": 168,
            "expected_fidelity": 0.9396744187267366,
            "real_fidelity": 0.9664061083644472,
            "begin_time": "2025-03-25 23:22:30",
            "end_time": "2025-03-25 23:22:41",
            "cost_time": "10.793839 s"
        },
        "circuit_features": {
            "num_qubits": 2,
            "num_gates": 11,
            "depth": 8,
            "program_communication": 1.0,
            "critical_depth": 1.0,
            "entanglement_ratio": 0.09090909090909091,
            "parallelism": 0.375,
            "liveness": 0.75,
            "min_qubit_frequency": 5.2959,
            "max_qubit_frequency": 5.3877,
            "avg_qubit_frequency": 5.341799999999999,
            "min_readout_frequency": null,
            "max_readout_frequency": null,
            "avg_readout_frequency": null,
            "min_readoutError": 1.03,
            "max_readoutError": 2.95,
            "avg_readoutError": 1.9900000000000002,
            "min_singleQubit_gate_error": 0.17,
            "max_singleQubit_gate_error": 0.18,
            "avg_singleQubit_gate_error": 0.175,
            "min_twoQubits_gate_error": 0.42,
            "max_twoQubits_gate_error": 0.42,
            "avg_twoQubits_gate_error": 0.42,
            "min_t1": 23.273,
            "max_t1": 28.9975,
            "avg_t1": 26.13525,
            "min_t2": 2.9094,
            "max_t2": 3.7232,
            "avg_t2": 3.3163,
            "twoQubits_gate_error_accumulation": 0.42,
            "expected_fidelity": 0.9396744187267366,
            "idel_entropy": 0.5175658658907364,
            "idle_rate": 0.2926829268292683,
            "qubit_frequency_dict": {
                "57": 5.2959,
                "51": 5.3877
            },
            "readout_frequency_dict": {
                "57": null,
                "51": null
            },
            "readoutError_dict": {
                "57": 2.95,
                "51": 1.03
            },
            "singleQubit_gate_error_dict": {
                "57": 0.18,
                "51": 0.17
            },
            "twoQubits_gate_error_dict": {
                "0": {
                    "twoQubits": [
                        51,
                        57
                    ],
                    "cz_error": 0.42
                }
            },
            "t1_dict": {
                "57": 23.273,
                "51": 28.9975
            },
            "t2_dict": {
                "57": 2.9094,
                "51": 3.7232
            },
            "singleQubit_update_time": "2025-03-21 02:33:29",
            "readout_update_time": "2025-03-25 23:01:18",
            "twoQubitGate_update_time": "2025-03-25 08:46:36",
            "origin_circuit": "X2P Q0\nRZ Q0 0\nX2M Q0\nRZ Q0 3.14159265\nY2P Q0\nY2M Q1\nRZ Q1 1.5707965\nY2P Q1\nCZ Q1 Q0\nRZ Q0 3.14159265\nY2P Q0\nM Q0\nM Q1",
            "layout": [
                57,
                51
            ],
            "transpiled_circit": "X2P Q57\nRZ Q57 0\nX2M Q57\nRZ Q57 3.14159265\nY2P Q57\nY2M Q51\nRZ Q51 1.5707965\nY2P Q51\nCZ Q51 Q57\nRZ Q57 3.14159265\nY2P Q57\nM Q57\nM Q51"
        }
    }
}