{
    "transpiled_randomCircuit_2qubit_0": {
        "run_config": {
            "machine_time": "tianyan176-2",
            "repeat": 1,
            "shots": 8000,
            "layout": [
                33,
                39
            ],
            "layout_id": 71,
            "expected_fidelity": 0.778118923741395,
            "real_fidelity": 0.8887831606656686,
            "begin_time": "2025-03-25 23:03:01",
            "end_time": "2025-03-25 23:03:14",
            "cost_time": "13.628866 s"
        },
        "circuit_features": {
            "num_qubits": 2,
            "num_gates": 11,
            "depth": 8,
            "program_communication": 1.0,
            "critical_depth": 1.0,
            "entanglement_ratio": 0.09090909090909091,
            "parallelism": 0.375,
            "liveness": 0.75,
            "min_qubit_frequency": 4.9919,
            "max_qubit_frequency": 5.4583,
            "avg_qubit_frequency": 5.2251,
            "min_readout_frequency": null,
            "max_readout_frequency": null,
            "avg_readout_frequency": null,
            "min_readoutError": 3.16,
            "max_readoutError": 10.27,
            "avg_readoutError": 6.715,
            "min_singleQubit_gate_error": 0.13,
            "max_singleQubit_gate_error": 0.28,
            "avg_singleQubit_gate_error": 0.20500000000000002,
            "min_twoQubits_gate_error": 8.87,
            "max_twoQubits_gate_error": 8.87,
            "avg_twoQubits_gate_error": 8.87,
            "min_t1": 20.6299,
            "max_t1": 29.6403,
            "avg_t1": 25.1351,
            "min_t2": 1.6169,
            "max_t2": 2.2676,
            "avg_t2": 1.94225,
            "twoQubits_gate_error_accumulation": 8.87,
            "expected_fidelity": 0.778118923741395,
            "idel_entropy": 0.5175658658907364,
            "idle_rate": 0.2926829268292683,
            "qubit_frequency_dict": {
                "33": 4.9919,
                "39": 5.4583
            },
            "readout_frequency_dict": {
                "33": null,
                "39": null
            },
            "readoutError_dict": {
                "33": 10.27,
                "39": 3.16
            },
            "singleQubit_gate_error_dict": {
                "33": 0.13,
                "39": 0.28
            },
            "twoQubits_gate_error_dict": {
                "0": {
                    "twoQubits": [
                        39,
                        33
                    ],
                    "cz_error": 8.87
                }
            },
            "t1_dict": {
                "33": 20.6299,
                "39": 29.6403
            },
            "t2_dict": {
                "33": 1.6169,
                "39": 2.2676
            },
            "singleQubit_update_time": "2025-03-21 02:33:29",
            "readout_update_time": "2025-03-25 23:01:18",
            "twoQubitGate_update_time": "2025-03-25 08:46:36",
            "origin_circuit": "X2P Q0\nRZ Q0 0\nX2M Q0\nRZ Q0 3.14159265\nY2P Q0\nY2M Q1\nRZ Q1 1.5707965\nY2P Q1\nCZ Q1 Q0\nRZ Q0 3.14159265\nY2P Q0\nM Q0\nM Q1",
            "layout": [
                33,
                39
            ],
            "transpiled_circit": "X2P Q33\nRZ Q33 0\nX2M Q33\nRZ Q33 3.14159265\nY2P Q33\nY2M Q39\nRZ Q39 1.5707965\nY2P Q39\nCZ Q39 Q33\nRZ Q33 3.14159265\nY2P Q33\nM Q33\nM Q39"
        }
    }
}