{
    "transpiled_randomCircuit_2qubit_0": {
        "run_config": {
            "machine_time": "tianyan176-2",
            "repeat": 1,
            "shots": 8000,
            "layout": [
                45,
                50
            ],
            "layout_id": 133,
            "expected_fidelity": 0.9516088469810656,
            "real_fidelity": 0.963164827558117,
            "begin_time": "2025-03-25 23:15:35",
            "end_time": "2025-03-25 23:15:48",
            "cost_time": "13.023374 s"
        },
        "circuit_features": {
            "num_qubits": 2,
            "num_gates": 11,
            "depth": 8,
            "program_communication": 1.0,
            "critical_depth": 1.0,
            "entanglement_ratio": 0.09090909090909091,
            "parallelism": 0.375,
            "liveness": 0.75,
            "min_qubit_frequency": 5.4993,
            "max_qubit_frequency": 5.5512,
            "avg_qubit_frequency": 5.52525,
            "min_readout_frequency": null,
            "max_readout_frequency": null,
            "avg_readout_frequency": null,
            "min_readoutError": 0.92,
            "max_readoutError": 2.05,
            "avg_readoutError": 1.4849999999999999,
            "min_singleQubit_gate_error": 0.1,
            "max_singleQubit_gate_error": 0.11,
            "avg_singleQubit_gate_error": 0.10500000000000001,
            "min_twoQubits_gate_error": 0.89,
            "max_twoQubits_gate_error": 0.89,
            "avg_twoQubits_gate_error": 0.89,
            "min_t1": 19.2536,
            "max_t1": 28.7526,
            "avg_t1": 24.0031,
            "min_t2": 5.403,
            "max_t2": 6.335,
            "avg_t2": 5.869,
            "twoQubits_gate_error_accumulation": 0.89,
            "expected_fidelity": 0.9516088469810656,
            "idel_entropy": 0.5175658658907364,
            "idle_rate": 0.2926829268292683,
            "qubit_frequency_dict": {
                "45": 5.4993,
                "50": 5.5512
            },
            "readout_frequency_dict": {
                "45": null,
                "50": null
            },
            "readoutError_dict": {
                "45": 2.05,
                "50": 0.92
            },
            "singleQubit_gate_error_dict": {
                "45": 0.11,
                "50": 0.1
            },
            "twoQubits_gate_error_dict": {
                "0": {
                    "twoQubits": [
                        50,
                        45
                    ],
                    "cz_error": 0.89
                }
            },
            "t1_dict": {
                "45": 28.7526,
                "50": 19.2536
            },
            "t2_dict": {
                "45": 6.335,
                "50": 5.403
            },
            "singleQubit_update_time": "2025-03-21 02:33:29",
            "readout_update_time": "2025-03-25 23:01:18",
            "twoQubitGate_update_time": "2025-03-25 08:46:36",
            "origin_circuit": "X2P Q0\nRZ Q0 0\nX2M Q0\nRZ Q0 3.14159265\nY2P Q0\nY2M Q1\nRZ Q1 1.5707965\nY2P Q1\nCZ Q1 Q0\nRZ Q0 3.14159265\nY2P Q0\nM Q0\nM Q1",
            "layout": [
                45,
                50
            ],
            "transpiled_circit": "X2P Q45\nRZ Q45 0\nX2M Q45\nRZ Q45 3.14159265\nY2P Q45\nY2M Q50\nRZ Q50 1.5707965\nY2P Q50\nCZ Q50 Q45\nRZ Q45 3.14159265\nY2P Q45\nM Q45\nM Q50"
        }
    }
}