{
    "transpiled_randomCircuit_2qubit_0": {
        "run_config": {
            "machine_time": "tianyan176-2",
            "repeat": 1,
            "shots": 8000,
            "layout": [
                46,
                39
            ],
            "layout_id": 136,
            "expected_fidelity": 0.8596448427967668,
            "real_fidelity": 0.9558649860042606,
            "begin_time": "2025-03-25 23:16:11",
            "end_time": "2025-03-25 23:16:22",
            "cost_time": "10.824336 s"
        },
        "circuit_features": {
            "num_qubits": 2,
            "num_gates": 11,
            "depth": 8,
            "program_communication": 1.0,
            "critical_depth": 1.0,
            "entanglement_ratio": 0.09090909090909091,
            "parallelism": 0.375,
            "liveness": 0.75,
            "min_qubit_frequency": 5.0382,
            "max_qubit_frequency": 5.4583,
            "avg_qubit_frequency": 5.2482500000000005,
            "min_readout_frequency": null,
            "max_readout_frequency": null,
            "avg_readout_frequency": null,
            "min_readoutError": 3.16,
            "max_readoutError": 7.96,
            "avg_readoutError": 5.5600000000000005,
            "min_singleQubit_gate_error": 0.14,
            "max_singleQubit_gate_error": 0.28,
            "avg_singleQubit_gate_error": 0.21000000000000002,
            "min_twoQubits_gate_error": 1.78,
            "max_twoQubits_gate_error": 1.78,
            "avg_twoQubits_gate_error": 1.78,
            "min_t1": 22.2597,
            "max_t1": 29.6403,
            "avg_t1": 25.95,
            "min_t2": 1.9999,
            "max_t2": 2.2676,
            "avg_t2": 2.13375,
            "twoQubits_gate_error_accumulation": 1.78,
            "expected_fidelity": 0.8596448427967668,
            "idel_entropy": 0.5175658658907364,
            "idle_rate": 0.2926829268292683,
            "qubit_frequency_dict": {
                "46": 5.0382,
                "39": 5.4583
            },
            "readout_frequency_dict": {
                "46": null,
                "39": null
            },
            "readoutError_dict": {
                "46": 7.96,
                "39": 3.16
            },
            "singleQubit_gate_error_dict": {
                "46": 0.14,
                "39": 0.28
            },
            "twoQubits_gate_error_dict": {
                "0": {
                    "twoQubits": [
                        39,
                        46
                    ],
                    "cz_error": 1.78
                }
            },
            "t1_dict": {
                "46": 22.2597,
                "39": 29.6403
            },
            "t2_dict": {
                "46": 1.9999,
                "39": 2.2676
            },
            "singleQubit_update_time": "2025-03-21 02:33:29",
            "readout_update_time": "2025-03-25 23:01:18",
            "twoQubitGate_update_time": "2025-03-25 08:46:36",
            "origin_circuit": "X2P Q0\nRZ Q0 0\nX2M Q0\nRZ Q0 3.14159265\nY2P Q0\nY2M Q1\nRZ Q1 1.5707965\nY2P Q1\nCZ Q1 Q0\nRZ Q0 3.14159265\nY2P Q0\nM Q0\nM Q1",
            "layout": [
                46,
                39
            ],
            "transpiled_circit": "X2P Q46\nRZ Q46 0\nX2M Q46\nRZ Q46 3.14159265\nY2P Q46\nY2M Q39\nRZ Q39 1.5707965\nY2P Q39\nCZ Q39 Q46\nRZ Q46 3.14159265\nY2P Q46\nM Q46\nM Q39"
        }
    }
}