{
    "transpiled_randomCircuit_2qubit_0": {
        "run_config": {
            "machine_time": "tianyan176-2",
            "repeat": 1,
            "shots": 8000,
            "layout": [
                20,
                25
            ],
            "layout_id": 30,
            "expected_fidelity": 0.9106620963810435,
            "real_fidelity": 0.9484959481821827,
            "begin_time": "2025-03-25 22:52:23",
            "end_time": "2025-03-25 22:52:37",
            "cost_time": "14.043813 s"
        },
        "circuit_features": {
            "num_qubits": 2,
            "num_gates": 11,
            "depth": 8,
            "program_communication": 1.0,
            "critical_depth": 1.0,
            "entanglement_ratio": 0.09090909090909091,
            "parallelism": 0.375,
            "liveness": 0.75,
            "min_qubit_frequency": 5.3375,
            "max_qubit_frequency": 5.5602,
            "avg_qubit_frequency": 5.44885,
            "min_readout_frequency": null,
            "max_readout_frequency": null,
            "avg_readout_frequency": null,
            "min_readoutError": 1.3,
            "max_readoutError": 2.33,
            "avg_readoutError": 1.815,
            "min_singleQubit_gate_error": 0.15,
            "max_singleQubit_gate_error": 0.29,
            "avg_singleQubit_gate_error": 0.21999999999999997,
            "min_twoQubits_gate_error": 3.7,
            "max_twoQubits_gate_error": 3.7,
            "avg_twoQubits_gate_error": 3.7,
            "min_t1": 8.7069,
            "max_t1": 25.2821,
            "avg_t1": 16.9945,
            "min_t2": 3.3763,
            "max_t2": 4.0429,
            "avg_t2": 3.7096,
            "twoQubits_gate_error_accumulation": 3.7,
            "expected_fidelity": 0.9106620963810435,
            "idel_entropy": 0.5175658658907364,
            "idle_rate": 0.2926829268292683,
            "qubit_frequency_dict": {
                "20": 5.3375,
                "25": 5.5602
            },
            "readout_frequency_dict": {
                "20": null,
                "25": null
            },
            "readoutError_dict": {
                "20": 1.3,
                "25": 2.33
            },
            "singleQubit_gate_error_dict": {
                "20": 0.15,
                "25": 0.29
            },
            "twoQubits_gate_error_dict": {
                "0": {
                    "twoQubits": [
                        25,
                        20
                    ],
                    "cz_error": 3.7
                }
            },
            "t1_dict": {
                "20": 25.2821,
                "25": 8.7069
            },
            "t2_dict": {
                "20": 3.3763,
                "25": 4.0429
            },
            "singleQubit_update_time": "2025-03-21 02:33:29",
            "readout_update_time": "2025-03-25 22:31:14",
            "twoQubitGate_update_time": "2025-03-25 08:46:36",
            "origin_circuit": "X2P Q0\nRZ Q0 0\nX2M Q0\nRZ Q0 3.14159265\nY2P Q0\nY2M Q1\nRZ Q1 1.5707965\nY2P Q1\nCZ Q1 Q0\nRZ Q0 3.14159265\nY2P Q0\nM Q0\nM Q1",
            "layout": [
                20,
                25
            ],
            "transpiled_circit": "X2P Q20\nRZ Q20 0\nX2M Q20\nRZ Q20 3.14159265\nY2P Q20\nY2M Q25\nRZ Q25 1.5707965\nY2P Q25\nCZ Q25 Q20\nRZ Q20 3.14159265\nY2P Q20\nM Q20\nM Q25"
        }
    }
}