{
    "transpiled_randomCircuit_2qubit_0": {
        "run_config": {
            "machine_time": "tianyan176-2",
            "repeat": 1,
            "shots": 8000,
            "layout": [
                45,
                51
            ],
            "layout_id": 134,
            "expected_fidelity": 0.9322853488059384,
            "real_fidelity": 0.9584989061352354,
            "begin_time": "2025-03-25 23:15:48",
            "end_time": "2025-03-25 23:16:00",
            "cost_time": "11.8676 s"
        },
        "circuit_features": {
            "num_qubits": 2,
            "num_gates": 11,
            "depth": 8,
            "program_communication": 1.0,
            "critical_depth": 1.0,
            "entanglement_ratio": 0.09090909090909091,
            "parallelism": 0.375,
            "liveness": 0.75,
            "min_qubit_frequency": 5.3877,
            "max_qubit_frequency": 5.4993,
            "avg_qubit_frequency": 5.4435,
            "min_readout_frequency": null,
            "max_readout_frequency": null,
            "avg_readout_frequency": null,
            "min_readoutError": 1.03,
            "max_readoutError": 2.05,
            "avg_readoutError": 1.54,
            "min_singleQubit_gate_error": 0.11,
            "max_singleQubit_gate_error": 0.17,
            "avg_singleQubit_gate_error": 0.14,
            "min_twoQubits_gate_error": 2.59,
            "max_twoQubits_gate_error": 2.59,
            "avg_twoQubits_gate_error": 2.59,
            "min_t1": 28.7526,
            "max_t1": 28.9975,
            "avg_t1": 28.87505,
            "min_t2": 3.7232,
            "max_t2": 6.335,
            "avg_t2": 5.0291,
            "twoQubits_gate_error_accumulation": 2.59,
            "expected_fidelity": 0.9322853488059384,
            "idel_entropy": 0.5175658658907364,
            "idle_rate": 0.2926829268292683,
            "qubit_frequency_dict": {
                "45": 5.4993,
                "51": 5.3877
            },
            "readout_frequency_dict": {
                "45": null,
                "51": null
            },
            "readoutError_dict": {
                "45": 2.05,
                "51": 1.03
            },
            "singleQubit_gate_error_dict": {
                "45": 0.11,
                "51": 0.17
            },
            "twoQubits_gate_error_dict": {
                "0": {
                    "twoQubits": [
                        51,
                        45
                    ],
                    "cz_error": 2.59
                }
            },
            "t1_dict": {
                "45": 28.7526,
                "51": 28.9975
            },
            "t2_dict": {
                "45": 6.335,
                "51": 3.7232
            },
            "singleQubit_update_time": "2025-03-21 02:33:29",
            "readout_update_time": "2025-03-25 23:01:18",
            "twoQubitGate_update_time": "2025-03-25 08:46:36",
            "origin_circuit": "X2P Q0\nRZ Q0 0\nX2M Q0\nRZ Q0 3.14159265\nY2P Q0\nY2M Q1\nRZ Q1 1.5707965\nY2P Q1\nCZ Q1 Q0\nRZ Q0 3.14159265\nY2P Q0\nM Q0\nM Q1",
            "layout": [
                45,
                51
            ],
            "transpiled_circit": "X2P Q45\nRZ Q45 0\nX2M Q45\nRZ Q45 3.14159265\nY2P Q45\nY2M Q51\nRZ Q51 1.5707965\nY2P Q51\nCZ Q51 Q45\nRZ Q45 3.14159265\nY2P Q45\nM Q45\nM Q51"
        }
    }
}