{
    "transpiled_randomCircuit_2qubit_0": {
        "run_config": {
            "machine_time": "tianyan176-2",
            "repeat": 1,
            "shots": 8000,
            "layout": [
                27,
                33
            ],
            "layout_id": 49,
            "expected_fidelity": 0.8489225012659497,
            "real_fidelity": 0.9553699657225411,
            "begin_time": "2025-03-25 22:57:00",
            "end_time": "2025-03-25 22:57:12",
            "cost_time": "11.412867 s"
        },
        "circuit_features": {
            "num_qubits": 2,
            "num_gates": 11,
            "depth": 8,
            "program_communication": 1.0,
            "critical_depth": 1.0,
            "entanglement_ratio": 0.09090909090909091,
            "parallelism": 0.375,
            "liveness": 0.75,
            "min_qubit_frequency": 4.9919,
            "max_qubit_frequency": 5.3514,
            "avg_qubit_frequency": 5.17165,
            "min_readout_frequency": null,
            "max_readout_frequency": null,
            "avg_readout_frequency": null,
            "min_readoutError": 2.04,
            "max_readoutError": 10.98,
            "avg_readoutError": 6.51,
            "min_singleQubit_gate_error": 0.13,
            "max_singleQubit_gate_error": 0.18,
            "avg_singleQubit_gate_error": 0.155,
            "min_twoQubits_gate_error": 1.03,
            "max_twoQubits_gate_error": 1.03,
            "avg_twoQubits_gate_error": 1.03,
            "min_t1": 20.6299,
            "max_t1": 24.4534,
            "avg_t1": 22.541649999999997,
            "min_t2": 1.6169,
            "max_t2": 3.1575,
            "avg_t2": 2.3872,
            "twoQubits_gate_error_accumulation": 1.03,
            "expected_fidelity": 0.8489225012659497,
            "idel_entropy": 0.5175658658907364,
            "idle_rate": 0.2926829268292683,
            "qubit_frequency_dict": {
                "27": 5.3514,
                "33": 4.9919
            },
            "readout_frequency_dict": {
                "27": null,
                "33": null
            },
            "readoutError_dict": {
                "27": 2.04,
                "33": 10.98
            },
            "singleQubit_gate_error_dict": {
                "27": 0.18,
                "33": 0.13
            },
            "twoQubits_gate_error_dict": {
                "0": {
                    "twoQubits": [
                        33,
                        27
                    ],
                    "cz_error": 1.03
                }
            },
            "t1_dict": {
                "27": 24.4534,
                "33": 20.6299
            },
            "t2_dict": {
                "27": 3.1575,
                "33": 1.6169
            },
            "singleQubit_update_time": "2025-03-21 02:33:29",
            "readout_update_time": "2025-03-25 22:31:14",
            "twoQubitGate_update_time": "2025-03-25 08:46:36",
            "origin_circuit": "X2P Q0\nRZ Q0 0\nX2M Q0\nRZ Q0 3.14159265\nY2P Q0\nY2M Q1\nRZ Q1 1.5707965\nY2P Q1\nCZ Q1 Q0\nRZ Q0 3.14159265\nY2P Q0\nM Q0\nM Q1",
            "layout": [
                27,
                33
            ],
            "transpiled_circit": "X2P Q27\nRZ Q27 0\nX2M Q27\nRZ Q27 3.14159265\nY2P Q27\nY2M Q33\nRZ Q33 1.5707965\nY2P Q33\nCZ Q33 Q27\nRZ Q27 3.14159265\nY2P Q27\nM Q27\nM Q33"
        }
    }
}