{
    "transpiled_randomCircuit_2qubit_0": {
        "run_config": {
            "machine_time": "tianyan176-2",
            "repeat": 1,
            "shots": 8000,
            "layout": [
                46,
                40
            ],
            "layout_id": 135,
            "expected_fidelity": 0.8752839472366899,
            "real_fidelity": 0.9339230809781044,
            "begin_time": "2025-03-25 23:16:00",
            "end_time": "2025-03-25 23:16:11",
            "cost_time": "11.151849 s"
        },
        "circuit_features": {
            "num_qubits": 2,
            "num_gates": 11,
            "depth": 8,
            "program_communication": 1.0,
            "critical_depth": 1.0,
            "entanglement_ratio": 0.09090909090909091,
            "parallelism": 0.375,
            "liveness": 0.75,
            "min_qubit_frequency": 5.0382,
            "max_qubit_frequency": 5.4909,
            "avg_qubit_frequency": 5.26455,
            "min_readout_frequency": null,
            "max_readout_frequency": null,
            "avg_readout_frequency": null,
            "min_readoutError": 2.31,
            "max_readoutError": 7.96,
            "avg_readoutError": 5.135,
            "min_singleQubit_gate_error": 0.14,
            "max_singleQubit_gate_error": 0.15,
            "avg_singleQubit_gate_error": 0.14500000000000002,
            "min_twoQubits_gate_error": 1.25,
            "max_twoQubits_gate_error": 1.25,
            "avg_twoQubits_gate_error": 1.25,
            "min_t1": 15.3278,
            "max_t1": 22.2597,
            "avg_t1": 18.79375,
            "min_t2": 1.9999,
            "max_t2": 4.892,
            "avg_t2": 3.4459500000000003,
            "twoQubits_gate_error_accumulation": 1.25,
            "expected_fidelity": 0.8752839472366899,
            "idel_entropy": 0.5175658658907364,
            "idle_rate": 0.2926829268292683,
            "qubit_frequency_dict": {
                "46": 5.0382,
                "40": 5.4909
            },
            "readout_frequency_dict": {
                "46": null,
                "40": null
            },
            "readoutError_dict": {
                "46": 7.96,
                "40": 2.31
            },
            "singleQubit_gate_error_dict": {
                "46": 0.14,
                "40": 0.15
            },
            "twoQubits_gate_error_dict": {
                "0": {
                    "twoQubits": [
                        40,
                        46
                    ],
                    "cz_error": 1.25
                }
            },
            "t1_dict": {
                "46": 22.2597,
                "40": 15.3278
            },
            "t2_dict": {
                "46": 1.9999,
                "40": 4.892
            },
            "singleQubit_update_time": "2025-03-21 02:33:29",
            "readout_update_time": "2025-03-25 23:01:18",
            "twoQubitGate_update_time": "2025-03-25 08:46:36",
            "origin_circuit": "X2P Q0\nRZ Q0 0\nX2M Q0\nRZ Q0 3.14159265\nY2P Q0\nY2M Q1\nRZ Q1 1.5707965\nY2P Q1\nCZ Q1 Q0\nRZ Q0 3.14159265\nY2P Q0\nM Q0\nM Q1",
            "layout": [
                46,
                40
            ],
            "transpiled_circit": "X2P Q46\nRZ Q46 0\nX2M Q46\nRZ Q46 3.14159265\nY2P Q46\nY2M Q40\nRZ Q40 1.5707965\nY2P Q40\nCZ Q40 Q46\nRZ Q46 3.14159265\nY2P Q46\nM Q46\nM Q40"
        }
    }
}