{
    "transpiled_randomCircuit_2qubit_0": {
        "run_config": {
            "machine_time": "tianyan176-2",
            "repeat": 1,
            "shots": 8000,
            "layout": [
                34,
                28
            ],
            "layout_id": 76,
            "expected_fidelity": 0.7280764643947456,
            "real_fidelity": 0.8460645574525596,
            "begin_time": "2025-03-25 23:04:06",
            "end_time": "2025-03-25 23:04:19",
            "cost_time": "13.386759 s"
        },
        "circuit_features": {
            "num_qubits": 2,
            "num_gates": 11,
            "depth": 8,
            "program_communication": 1.0,
            "critical_depth": 1.0,
            "entanglement_ratio": 0.09090909090909091,
            "parallelism": 0.375,
            "liveness": 0.75,
            "min_qubit_frequency": 5.0471,
            "max_qubit_frequency": 5.2429,
            "avg_qubit_frequency": 5.145,
            "min_readout_frequency": null,
            "max_readout_frequency": null,
            "avg_readout_frequency": null,
            "min_readoutError": 11.24,
            "max_readoutError": 13.61,
            "avg_readoutError": 12.425,
            "min_singleQubit_gate_error": 0.12,
            "max_singleQubit_gate_error": 0.29,
            "avg_singleQubit_gate_error": 0.205,
            "min_twoQubits_gate_error": 2.75,
            "max_twoQubits_gate_error": 2.75,
            "avg_twoQubits_gate_error": 2.75,
            "min_t1": 18.4965,
            "max_t1": 39.9207,
            "avg_t1": 29.208599999999997,
            "min_t2": 0.9374,
            "max_t2": 2.2739,
            "avg_t2": 1.6056499999999998,
            "twoQubits_gate_error_accumulation": 2.75,
            "expected_fidelity": 0.7280764643947456,
            "idel_entropy": 0.5175658658907364,
            "idle_rate": 0.2926829268292683,
            "qubit_frequency_dict": {
                "34": 5.0471,
                "28": 5.2429
            },
            "readout_frequency_dict": {
                "34": null,
                "28": null
            },
            "readoutError_dict": {
                "34": 13.61,
                "28": 11.24
            },
            "singleQubit_gate_error_dict": {
                "34": 0.29,
                "28": 0.12
            },
            "twoQubits_gate_error_dict": {
                "0": {
                    "twoQubits": [
                        28,
                        34
                    ],
                    "cz_error": 2.75
                }
            },
            "t1_dict": {
                "34": 18.4965,
                "28": 39.9207
            },
            "t2_dict": {
                "34": 0.9374,
                "28": 2.2739
            },
            "singleQubit_update_time": "2025-03-21 02:33:29",
            "readout_update_time": "2025-03-25 23:01:18",
            "twoQubitGate_update_time": "2025-03-25 08:46:36",
            "origin_circuit": "X2P Q0\nRZ Q0 0\nX2M Q0\nRZ Q0 3.14159265\nY2P Q0\nY2M Q1\nRZ Q1 1.5707965\nY2P Q1\nCZ Q1 Q0\nRZ Q0 3.14159265\nY2P Q0\nM Q0\nM Q1",
            "layout": [
                34,
                28
            ],
            "transpiled_circit": "X2P Q34\nRZ Q34 0\nX2M Q34\nRZ Q34 3.14159265\nY2P Q34\nY2M Q28\nRZ Q28 1.5707965\nY2P Q28\nCZ Q28 Q34\nRZ Q34 3.14159265\nY2P Q34\nM Q34\nM Q28"
        }
    }
}