{
    "transpiled_randomCircuit_2qubit_0": {
        "run_config": {
            "machine_time": "tianyan176-2",
            "repeat": 1,
            "shots": 8000,
            "layout": [
                40,
                34
            ],
            "layout_id": 103,
            "expected_fidelity": 0.7534515509426841,
            "real_fidelity": 0.8908486601938426,
            "begin_time": "2025-03-25 23:09:36",
            "end_time": "2025-03-25 23:09:46",
            "cost_time": "10.748242 s"
        },
        "circuit_features": {
            "num_qubits": 2,
            "num_gates": 11,
            "depth": 8,
            "program_communication": 1.0,
            "critical_depth": 1.0,
            "entanglement_ratio": 0.09090909090909091,
            "parallelism": 0.375,
            "liveness": 0.75,
            "min_qubit_frequency": 5.0471,
            "max_qubit_frequency": 5.4909,
            "avg_qubit_frequency": 5.269,
            "min_readout_frequency": null,
            "max_readout_frequency": null,
            "avg_readout_frequency": null,
            "min_readoutError": 2.31,
            "max_readoutError": 13.61,
            "avg_readoutError": 7.96,
            "min_singleQubit_gate_error": 0.15,
            "max_singleQubit_gate_error": 0.29,
            "avg_singleQubit_gate_error": 0.21999999999999997,
            "min_twoQubits_gate_error": 8.99,
            "max_twoQubits_gate_error": 8.99,
            "avg_twoQubits_gate_error": 8.99,
            "min_t1": 15.3278,
            "max_t1": 18.4965,
            "avg_t1": 16.91215,
            "min_t2": 0.9374,
            "max_t2": 4.892,
            "avg_t2": 2.9147000000000003,
            "twoQubits_gate_error_accumulation": 8.99,
            "expected_fidelity": 0.7534515509426841,
            "idel_entropy": 0.5175658658907364,
            "idle_rate": 0.2926829268292683,
            "qubit_frequency_dict": {
                "40": 5.4909,
                "34": 5.0471
            },
            "readout_frequency_dict": {
                "40": null,
                "34": null
            },
            "readoutError_dict": {
                "40": 2.31,
                "34": 13.61
            },
            "singleQubit_gate_error_dict": {
                "40": 0.15,
                "34": 0.29
            },
            "twoQubits_gate_error_dict": {
                "0": {
                    "twoQubits": [
                        34,
                        40
                    ],
                    "cz_error": 8.99
                }
            },
            "t1_dict": {
                "40": 15.3278,
                "34": 18.4965
            },
            "t2_dict": {
                "40": 4.892,
                "34": 0.9374
            },
            "singleQubit_update_time": "2025-03-21 02:33:29",
            "readout_update_time": "2025-03-25 23:01:18",
            "twoQubitGate_update_time": "2025-03-25 08:46:36",
            "origin_circuit": "X2P Q0\nRZ Q0 0\nX2M Q0\nRZ Q0 3.14159265\nY2P Q0\nY2M Q1\nRZ Q1 1.5707965\nY2P Q1\nCZ Q1 Q0\nRZ Q0 3.14159265\nY2P Q0\nM Q0\nM Q1",
            "layout": [
                40,
                34
            ],
            "transpiled_circit": "X2P Q40\nRZ Q40 0\nX2M Q40\nRZ Q40 3.14159265\nY2P Q40\nY2M Q34\nRZ Q34 1.5707965\nY2P Q34\nCZ Q34 Q40\nRZ Q40 3.14159265\nY2P Q40\nM Q40\nM Q34"
        }
    }
}