{
    "transpiled_randomCircuit_2qubit_0": {
        "run_config": {
            "machine_time": "tianyan176-2",
            "repeat": 1,
            "shots": 8000,
            "layout": [
                23,
                16
            ],
            "layout_id": 89,
            "expected_fidelity": 0.9280921020487036,
            "real_fidelity": 0.957823558317675,
            "begin_time": "2025-03-25 23:06:41",
            "end_time": "2025-03-25 23:06:52",
            "cost_time": "11.20546 s"
        },
        "circuit_features": {
            "num_qubits": 2,
            "num_gates": 11,
            "depth": 8,
            "program_communication": 1.0,
            "critical_depth": 1.0,
            "entanglement_ratio": 0.09090909090909091,
            "parallelism": 0.375,
            "liveness": 0.75,
            "min_qubit_frequency": 5.1519,
            "max_qubit_frequency": 5.1999,
            "avg_qubit_frequency": 5.1759,
            "min_readout_frequency": null,
            "max_readout_frequency": null,
            "avg_readout_frequency": null,
            "min_readoutError": 2.31,
            "max_readoutError": 2.81,
            "avg_readoutError": 2.56,
            "min_singleQubit_gate_error": 0.13,
            "max_singleQubit_gate_error": 0.15,
            "avg_singleQubit_gate_error": 0.14,
            "min_twoQubits_gate_error": 0.91,
            "max_twoQubits_gate_error": 0.91,
            "avg_twoQubits_gate_error": 0.91,
            "min_t1": 21.0104,
            "max_t1": 24.5721,
            "avg_t1": 22.791249999999998,
            "min_t2": 1.9735,
            "max_t2": 2.0608,
            "avg_t2": 2.01715,
            "twoQubits_gate_error_accumulation": 0.91,
            "expected_fidelity": 0.9280921020487036,
            "idel_entropy": 0.5175658658907364,
            "idle_rate": 0.2926829268292683,
            "qubit_frequency_dict": {
                "23": 5.1999,
                "16": 5.1519
            },
            "readout_frequency_dict": {
                "23": null,
                "16": null
            },
            "readoutError_dict": {
                "23": 2.31,
                "16": 2.81
            },
            "singleQubit_gate_error_dict": {
                "23": 0.13,
                "16": 0.15
            },
            "twoQubits_gate_error_dict": {
                "0": {
                    "twoQubits": [
                        16,
                        23
                    ],
                    "cz_error": 0.91
                }
            },
            "t1_dict": {
                "23": 24.5721,
                "16": 21.0104
            },
            "t2_dict": {
                "23": 2.0608,
                "16": 1.9735
            },
            "singleQubit_update_time": "2025-03-21 02:33:29",
            "readout_update_time": "2025-03-25 23:01:18",
            "twoQubitGate_update_time": "2025-03-25 08:46:36",
            "origin_circuit": "X2P Q0\nRZ Q0 0\nX2M Q0\nRZ Q0 3.14159265\nY2P Q0\nY2M Q1\nRZ Q1 1.5707965\nY2P Q1\nCZ Q1 Q0\nRZ Q0 3.14159265\nY2P Q0\nM Q0\nM Q1",
            "layout": [
                23,
                16
            ],
            "transpiled_circit": "X2P Q23\nRZ Q23 0\nX2M Q23\nRZ Q23 3.14159265\nY2P Q23\nY2M Q16\nRZ Q16 1.5707965\nY2P Q16\nCZ Q16 Q23\nRZ Q23 3.14159265\nY2P Q23\nM Q23\nM Q16"
        }
    }
}