{
    "transpiled_randomCircuit_2qubit_0": {
        "run_config": {
            "machine_time": "tianyan176-2",
            "repeat": 1,
            "shots": 8000,
            "layout": [
                37,
                32
            ],
            "layout_id": 95,
            "expected_fidelity": 0.908460626581111,
            "real_fidelity": 0.9213958380704603,
            "begin_time": "2025-03-25 23:07:55",
            "end_time": "2025-03-25 23:08:08",
            "cost_time": "12.835517 s"
        },
        "circuit_features": {
            "num_qubits": 2,
            "num_gates": 11,
            "depth": 8,
            "program_communication": 1.0,
            "critical_depth": 1.0,
            "entanglement_ratio": 0.09090909090909091,
            "parallelism": 0.375,
            "liveness": 0.75,
            "min_qubit_frequency": 5.1539,
            "max_qubit_frequency": 5.316,
            "avg_qubit_frequency": 5.2349499999999995,
            "min_readout_frequency": null,
            "max_readout_frequency": null,
            "avg_readout_frequency": null,
            "min_readoutError": 2.42,
            "max_readoutError": 3.68,
            "avg_readoutError": 3.05,
            "min_singleQubit_gate_error": 0.17,
            "max_singleQubit_gate_error": 0.22,
            "avg_singleQubit_gate_error": 0.195,
            "min_twoQubits_gate_error": 1.34,
            "max_twoQubits_gate_error": 1.34,
            "avg_twoQubits_gate_error": 1.34,
            "min_t1": 28.0461,
            "max_t1": 30.0228,
            "avg_t1": 29.03445,
            "min_t2": 1.8098,
            "max_t2": 2.815,
            "avg_t2": 2.3124000000000002,
            "twoQubits_gate_error_accumulation": 1.34,
            "expected_fidelity": 0.908460626581111,
            "idel_entropy": 0.5175658658907364,
            "idle_rate": 0.2926829268292683,
            "qubit_frequency_dict": {
                "37": 5.1539,
                "32": 5.316
            },
            "readout_frequency_dict": {
                "37": null,
                "32": null
            },
            "readoutError_dict": {
                "37": 2.42,
                "32": 3.68
            },
            "singleQubit_gate_error_dict": {
                "37": 0.22,
                "32": 0.17
            },
            "twoQubits_gate_error_dict": {
                "0": {
                    "twoQubits": [
                        32,
                        37
                    ],
                    "cz_error": 1.34
                }
            },
            "t1_dict": {
                "37": 28.0461,
                "32": 30.0228
            },
            "t2_dict": {
                "37": 1.8098,
                "32": 2.815
            },
            "singleQubit_update_time": "2025-03-21 02:33:29",
            "readout_update_time": "2025-03-25 23:01:18",
            "twoQubitGate_update_time": "2025-03-25 08:46:36",
            "origin_circuit": "X2P Q0\nRZ Q0 0\nX2M Q0\nRZ Q0 3.14159265\nY2P Q0\nY2M Q1\nRZ Q1 1.5707965\nY2P Q1\nCZ Q1 Q0\nRZ Q0 3.14159265\nY2P Q0\nM Q0\nM Q1",
            "layout": [
                37,
                32
            ],
            "transpiled_circit": "X2P Q37\nRZ Q37 0\nX2M Q37\nRZ Q37 3.14159265\nY2P Q37\nY2M Q32\nRZ Q32 1.5707965\nY2P Q32\nCZ Q32 Q37\nRZ Q37 3.14159265\nY2P Q37\nM Q37\nM Q32"
        }
    }
}