{
    "transpiled_randomCircuit_2qubit_0": {
        "run_config": {
            "machine_time": "tianyan176-2",
            "repeat": 1,
            "shots": 8000,
            "layout": [
                3,
                10
            ],
            "layout_id": 15,
            "expected_fidelity": 0.919905735151061,
            "real_fidelity": 0.9265267563050995,
            "begin_time": "2025-03-25 22:49:16",
            "end_time": "2025-03-25 22:49:27",
            "cost_time": "11.069007 s"
        },
        "circuit_features": {
            "num_qubits": 2,
            "num_gates": 11,
            "depth": 8,
            "program_communication": 1.0,
            "critical_depth": 1.0,
            "entanglement_ratio": 0.09090909090909091,
            "parallelism": 0.375,
            "liveness": 0.75,
            "min_qubit_frequency": 5.4411,
            "max_qubit_frequency": 5.5403,
            "avg_qubit_frequency": 5.4907,
            "min_readout_frequency": null,
            "max_readout_frequency": null,
            "avg_readout_frequency": null,
            "min_readoutError": 1.12,
            "max_readoutError": 4.57,
            "avg_readoutError": 2.845,
            "min_singleQubit_gate_error": 0.16,
            "max_singleQubit_gate_error": 0.23,
            "avg_singleQubit_gate_error": 0.195,
            "min_twoQubits_gate_error": 0.73,
            "max_twoQubits_gate_error": 0.73,
            "avg_twoQubits_gate_error": 0.73,
            "min_t1": 13.582,
            "max_t1": 27.1652,
            "avg_t1": 20.3736,
            "min_t2": 4.873,
            "max_t2": 5.0056,
            "avg_t2": 4.9393,
            "twoQubits_gate_error_accumulation": 0.73,
            "expected_fidelity": 0.919905735151061,
            "idel_entropy": 0.5175658658907364,
            "idle_rate": 0.2926829268292683,
            "qubit_frequency_dict": {
                "3": 5.5403,
                "10": 5.4411
            },
            "readout_frequency_dict": {
                "3": null,
                "10": null
            },
            "readoutError_dict": {
                "3": 1.12,
                "10": 4.57
            },
            "singleQubit_gate_error_dict": {
                "3": 0.16,
                "10": 0.23
            },
            "twoQubits_gate_error_dict": {
                "0": {
                    "twoQubits": [
                        10,
                        3
                    ],
                    "cz_error": 0.73
                }
            },
            "t1_dict": {
                "3": 27.1652,
                "10": 13.582
            },
            "t2_dict": {
                "3": 4.873,
                "10": 5.0056
            },
            "singleQubit_update_time": "2025-03-21 02:33:29",
            "readout_update_time": "2025-03-25 22:31:14",
            "twoQubitGate_update_time": "2025-03-25 08:46:36",
            "origin_circuit": "X2P Q0\nRZ Q0 0\nX2M Q0\nRZ Q0 3.14159265\nY2P Q0\nY2M Q1\nRZ Q1 1.5707965\nY2P Q1\nCZ Q1 Q0\nRZ Q0 3.14159265\nY2P Q0\nM Q0\nM Q1",
            "layout": [
                3,
                10
            ],
            "transpiled_circit": "X2P Q3\nRZ Q3 0\nX2M Q3\nRZ Q3 3.14159265\nY2P Q3\nY2M Q10\nRZ Q10 1.5707965\nY2P Q10\nCZ Q10 Q3\nRZ Q3 3.14159265\nY2P Q3\nM Q3\nM Q10"
        }
    }
}