{
    "transpiled_randomCircuit_2qubit_0": {
        "run_config": {
            "machine_time": "tianyan176-2",
            "repeat": 1,
            "shots": 8000,
            "layout": [
                2,
                9
            ],
            "layout_id": 12,
            "expected_fidelity": 0.8255486773726263,
            "real_fidelity": 0.8964587199207729,
            "begin_time": "2025-03-25 22:48:42",
            "end_time": "2025-03-25 22:48:53",
            "cost_time": "10.783014 s"
        },
        "circuit_features": {
            "num_qubits": 2,
            "num_gates": 11,
            "depth": 8,
            "program_communication": 1.0,
            "critical_depth": 1.0,
            "entanglement_ratio": 0.09090909090909091,
            "parallelism": 0.375,
            "liveness": 0.75,
            "min_qubit_frequency": 5.1692,
            "max_qubit_frequency": 5.2174,
            "avg_qubit_frequency": 5.1933,
            "min_readout_frequency": null,
            "max_readout_frequency": null,
            "avg_readout_frequency": null,
            "min_readoutError": 2.22,
            "max_readoutError": 8.73,
            "avg_readoutError": 5.4750000000000005,
            "min_singleQubit_gate_error": 0.11,
            "max_singleQubit_gate_error": 0.48,
            "avg_singleQubit_gate_error": 0.295,
            "min_twoQubits_gate_error": 4.01,
            "max_twoQubits_gate_error": 4.01,
            "avg_twoQubits_gate_error": 4.01,
            "min_t1": 24.9775,
            "max_t1": 27.6064,
            "avg_t1": 26.29195,
            "min_t2": 2.0827,
            "max_t2": 2.2101,
            "avg_t2": 2.1464,
            "twoQubits_gate_error_accumulation": 4.01,
            "expected_fidelity": 0.8255486773726263,
            "idel_entropy": 0.5175658658907364,
            "idle_rate": 0.2926829268292683,
            "qubit_frequency_dict": {
                "2": 5.2174,
                "9": 5.1692
            },
            "readout_frequency_dict": {
                "2": null,
                "9": null
            },
            "readoutError_dict": {
                "2": 2.22,
                "9": 8.73
            },
            "singleQubit_gate_error_dict": {
                "2": 0.48,
                "9": 0.11
            },
            "twoQubits_gate_error_dict": {
                "0": {
                    "twoQubits": [
                        9,
                        2
                    ],
                    "cz_error": 4.01
                }
            },
            "t1_dict": {
                "2": 24.9775,
                "9": 27.6064
            },
            "t2_dict": {
                "2": 2.0827,
                "9": 2.2101
            },
            "singleQubit_update_time": "2025-03-21 02:33:29",
            "readout_update_time": "2025-03-25 22:31:14",
            "twoQubitGate_update_time": "2025-03-25 08:46:36",
            "origin_circuit": "X2P Q0\nRZ Q0 0\nX2M Q0\nRZ Q0 3.14159265\nY2P Q0\nY2M Q1\nRZ Q1 1.5707965\nY2P Q1\nCZ Q1 Q0\nRZ Q0 3.14159265\nY2P Q0\nM Q0\nM Q1",
            "layout": [
                2,
                9
            ],
            "transpiled_circit": "X2P Q2\nRZ Q2 0\nX2M Q2\nRZ Q2 3.14159265\nY2P Q2\nY2M Q9\nRZ Q9 1.5707965\nY2P Q9\nCZ Q9 Q2\nRZ Q2 3.14159265\nY2P Q2\nM Q2\nM Q9"
        }
    }
}