{
    "transpiled_randomCircuit_2qubit_0": {
        "run_config": {
            "machine_time": "tianyan176-2",
            "repeat": 1,
            "shots": 8000,
            "layout": [
                12,
                18
            ],
            "layout_id": 109,
            "expected_fidelity": 0.8686486609729471,
            "real_fidelity": 0.9322866459848517,
            "begin_time": "2025-03-25 23:10:48",
            "end_time": "2025-03-25 23:11:01",
            "cost_time": "13.259439 s"
        },
        "circuit_features": {
            "num_qubits": 2,
            "num_gates": 11,
            "depth": 8,
            "program_communication": 1.0,
            "critical_depth": 1.0,
            "entanglement_ratio": 0.09090909090909091,
            "parallelism": 0.375,
            "liveness": 0.75,
            "min_qubit_frequency": 5.2753,
            "max_qubit_frequency": 5.5417,
            "avg_qubit_frequency": 5.4085,
            "min_readout_frequency": null,
            "max_readout_frequency": null,
            "avg_readout_frequency": null,
            "min_readoutError": 3.02,
            "max_readoutError": 3.22,
            "avg_readoutError": 3.12,
            "min_singleQubit_gate_error": 0.51,
            "max_singleQubit_gate_error": 0.6,
            "avg_singleQubit_gate_error": 0.5549999999999999,
            "min_twoQubits_gate_error": 2.33,
            "max_twoQubits_gate_error": 2.33,
            "avg_twoQubits_gate_error": 2.33,
            "min_t1": 13.3829,
            "max_t1": 34.8112,
            "avg_t1": 24.09705,
            "min_t2": 1.3775,
            "max_t2": 3.2493,
            "avg_t2": 2.3133999999999997,
            "twoQubits_gate_error_accumulation": 2.33,
            "expected_fidelity": 0.8686486609729471,
            "idel_entropy": 0.5175658658907364,
            "idle_rate": 0.2926829268292683,
            "qubit_frequency_dict": {
                "12": 5.5417,
                "18": 5.2753
            },
            "readout_frequency_dict": {
                "12": null,
                "18": null
            },
            "readoutError_dict": {
                "12": 3.22,
                "18": 3.02
            },
            "singleQubit_gate_error_dict": {
                "12": 0.51,
                "18": 0.6
            },
            "twoQubits_gate_error_dict": {
                "0": {
                    "twoQubits": [
                        18,
                        12
                    ],
                    "cz_error": 2.33
                }
            },
            "t1_dict": {
                "12": 13.3829,
                "18": 34.8112
            },
            "t2_dict": {
                "12": 3.2493,
                "18": 1.3775
            },
            "singleQubit_update_time": "2025-03-21 02:33:29",
            "readout_update_time": "2025-03-25 23:01:18",
            "twoQubitGate_update_time": "2025-03-25 08:46:36",
            "origin_circuit": "X2P Q0\nRZ Q0 0\nX2M Q0\nRZ Q0 3.14159265\nY2P Q0\nY2M Q1\nRZ Q1 1.5707965\nY2P Q1\nCZ Q1 Q0\nRZ Q0 3.14159265\nY2P Q0\nM Q0\nM Q1",
            "layout": [
                12,
                18
            ],
            "transpiled_circit": "X2P Q12\nRZ Q12 0\nX2M Q12\nRZ Q12 3.14159265\nY2P Q12\nY2M Q18\nRZ Q18 1.5707965\nY2P Q18\nCZ Q18 Q12\nRZ Q12 3.14159265\nY2P Q12\nM Q12\nM Q18"
        }
    }
}