{
    "transpiled_randomCircuit_2qubit_0": {
        "run_config": {
            "machine_time": "tianyan176-2",
            "repeat": 1,
            "shots": 8000,
            "layout": [
                41,
                35
            ],
            "layout_id": 119,
            "expected_fidelity": 0.8671992311835208,
            "real_fidelity": 0.8664411062882461,
            "begin_time": "2025-03-25 23:12:49",
            "end_time": "2025-03-25 23:13:00",
            "cost_time": "10.90215 s"
        },
        "circuit_features": {
            "num_qubits": 2,
            "num_gates": 11,
            "depth": 8,
            "program_communication": 1.0,
            "critical_depth": 1.0,
            "entanglement_ratio": 0.09090909090909091,
            "parallelism": 0.375,
            "liveness": 0.75,
            "min_qubit_frequency": 5.3315,
            "max_qubit_frequency": 5.624,
            "avg_qubit_frequency": 5.47775,
            "min_readout_frequency": null,
            "max_readout_frequency": null,
            "avg_readout_frequency": null,
            "min_readoutError": 4.44,
            "max_readoutError": 6.86,
            "avg_readoutError": 5.65,
            "min_singleQubit_gate_error": 0.08,
            "max_singleQubit_gate_error": 0.22,
            "avg_singleQubit_gate_error": 0.15,
            "min_twoQubits_gate_error": 1.37,
            "max_twoQubits_gate_error": 1.37,
            "avg_twoQubits_gate_error": 1.37,
            "min_t1": 6.5598,
            "max_t1": 43.9429,
            "avg_t1": 25.251350000000002,
            "min_t2": 4.1847,
            "max_t2": 4.6886,
            "avg_t2": 4.43665,
            "twoQubits_gate_error_accumulation": 1.37,
            "expected_fidelity": 0.8671992311835208,
            "idel_entropy": 0.5175658658907364,
            "idle_rate": 0.2926829268292683,
            "qubit_frequency_dict": {
                "41": 5.3315,
                "35": 5.624
            },
            "readout_frequency_dict": {
                "41": null,
                "35": null
            },
            "readoutError_dict": {
                "41": 4.44,
                "35": 6.86
            },
            "singleQubit_gate_error_dict": {
                "41": 0.08,
                "35": 0.22
            },
            "twoQubits_gate_error_dict": {
                "0": {
                    "twoQubits": [
                        35,
                        41
                    ],
                    "cz_error": 1.37
                }
            },
            "t1_dict": {
                "41": 43.9429,
                "35": 6.5598
            },
            "t2_dict": {
                "41": 4.6886,
                "35": 4.1847
            },
            "singleQubit_update_time": "2025-03-21 02:33:29",
            "readout_update_time": "2025-03-25 23:01:18",
            "twoQubitGate_update_time": "2025-03-25 08:46:36",
            "origin_circuit": "X2P Q0\nRZ Q0 0\nX2M Q0\nRZ Q0 3.14159265\nY2P Q0\nY2M Q1\nRZ Q1 1.5707965\nY2P Q1\nCZ Q1 Q0\nRZ Q0 3.14159265\nY2P Q0\nM Q0\nM Q1",
            "layout": [
                41,
                35
            ],
            "transpiled_circit": "X2P Q41\nRZ Q41 0\nX2M Q41\nRZ Q41 3.14159265\nY2P Q41\nY2M Q35\nRZ Q35 1.5707965\nY2P Q35\nCZ Q35 Q41\nRZ Q41 3.14159265\nY2P Q41\nM Q41\nM Q35"
        }
    }
}